version 1
nodes
0 "root" -1
end
skeleton
time 0
0 0 0 0 0 0 0
end
triangles
phys
0 2 -160 12 0 0 1 1 0 1 0 1
0 8 -160 12 0 0 1 1 0 1 0 1
0 8 160 12 0 0 1 1 0 1 0 1
phys
0 2 -160 12 0 0 1 1 0 1 0 1
0 8 160 12 0 0 1 1 0 1 0 1
0 2 160 12 0 0 1 1 0 1 0 1
phys
0 2 160 0 0 0 1 1 0 1 0 1
0 2 160 12 0 0 1 1 0 1 0 1
0 8 160 12 0 0 1 1 0 1 0 1
phys
0 2 160 0 0 0 1 1 0 1 0 1
0 8 160 12 0 0 1 1 0 1 0 1
0 8 160 6 0 0 1 1 0 1 0 1
phys
0 8 -160 6 0 0 1 1 0 1 0 1
0 8 -160 12 0 0 1 1 0 1 0 1
0 2 -160 12 0 0 1 1 0 1 0 1
phys
0 8 -160 6 0 0 1 1 0 1 0 1
0 2 -160 12 0 0 1 1 0 1 0 1
0 2 -160 0 0 0 1 1 0 1 0 1
phys
0 2 -160 0 0 0 1 1 0 1 0 1
0 2 -160 12 0 0 1 1 0 1 0 1
0 2 160 12 0 0 1 1 0 1 0 1
phys
0 2 -160 0 0 0 1 1 0 1 0 1
0 2 160 12 0 0 1 1 0 1 0 1
0 2 160 0 0 0 1 1 0 1 0 1
phys
0 8 160 6 0 0 1 1 0 1 0 1
0 8 160 12 0 0 1 1 0 1 0 1
0 8 -160 12 0 0 1 1 0 1 0 1
phys
0 8 160 6 0 0 1 1 0 1 0 1
0 8 -160 12 0 0 1 1 0 1 0 1
0 8 -160 6 0 0 1 1 0 1 0 1
phys
0 2 160 0 0 0 1 1 0 1 0 1
0 8 160 6 0 0 1 1 0 1 0 1
0 8 -160 6 0 0 1 1 0 1 0 1
phys
0 2 160 0 0 0 1 1 0 1 0 1
0 8 -160 6 0 0 1 1 0 1 0 1
0 2 -160 0 0 0 1 1 0 1 0 1
phys
0 8 -112 37 0 0 1 2 0 1 0 1
0 -8 -112 37 0 0 1 2 0 1 0 1
0 -8 -96 37 0 0 1 2 0 1 0 1
phys
0 8 -112 37 0 0 1 2 0 1 0 1
0 -8 -96 37 0 0 1 2 0 1 0 1
0 8 -96 37 0 0 1 2 0 1 0 1
phys
0 -8 -112 41 0 0 1 2 0 1 0 1
0 8 -112 41 0 0 1 2 0 1 0 1
0 8 -96 41 0 0 1 2 0 1 0 1
phys
0 -8 -112 41 0 0 1 2 0 1 0 1
0 8 -96 41 0 0 1 2 0 1 0 1
0 -8 -96 41 0 0 1 2 0 1 0 1
phys
0 8 -96 37 0 0 1 2 0 1 0 1
0 -8 -96 37 0 0 1 2 0 1 0 1
0 -8 -96 41 0 0 1 2 0 1 0 1
phys
0 8 -96 37 0 0 1 2 0 1 0 1
0 -8 -96 41 0 0 1 2 0 1 0 1
0 8 -96 41 0 0 1 2 0 1 0 1
phys
0 8 -112 41 0 0 1 2 0 1 0 1
0 -8 -112 41 0 0 1 2 0 1 0 1
0 -8 -112 37 0 0 1 2 0 1 0 1
phys
0 8 -112 41 0 0 1 2 0 1 0 1
0 -8 -112 37 0 0 1 2 0 1 0 1
0 8 -112 37 0 0 1 2 0 1 0 1
phys
0 8 -112 37 0 0 1 2 0 1 0 1
0 8 -96 37 0 0 1 2 0 1 0 1
0 8 -96 41 0 0 1 2 0 1 0 1
phys
0 8 -112 37 0 0 1 2 0 1 0 1
0 8 -96 41 0 0 1 2 0 1 0 1
0 8 -112 41 0 0 1 2 0 1 0 1
phys
0 -8 -112 41 0 0 1 2 0 1 0 1
0 -8 -96 41 0 0 1 2 0 1 0 1
0 -8 -96 37 0 0 1 2 0 1 0 1
phys
0 -8 -112 41 0 0 1 2 0 1 0 1
0 -8 -96 37 0 0 1 2 0 1 0 1
0 -8 -112 37 0 0 1 2 0 1 0 1
phys
0 6 -110 16 0 0 1 3 0 1 0 1
0 -6 -110 16 0 0 1 3 0 1 0 1
0 -6 -98 16 0 0 1 3 0 1 0 1
phys
0 6 -110 16 0 0 1 3 0 1 0 1
0 -6 -98 16 0 0 1 3 0 1 0 1
0 6 -98 16 0 0 1 3 0 1 0 1
phys
0 -6 -110 18 0 0 1 3 0 1 0 1
0 6 -110 18 0 0 1 3 0 1 0 1
0 6 -98 18 0 0 1 3 0 1 0 1
phys
0 -6 -110 18 0 0 1 3 0 1 0 1
0 6 -98 18 0 0 1 3 0 1 0 1
0 -6 -98 18 0 0 1 3 0 1 0 1
phys
0 6 -98 16 0 0 1 3 0 1 0 1
0 -6 -98 16 0 0 1 3 0 1 0 1
0 -6 -98 18 0 0 1 3 0 1 0 1
phys
0 6 -98 16 0 0 1 3 0 1 0 1
0 -6 -98 18 0 0 1 3 0 1 0 1
0 6 -98 18 0 0 1 3 0 1 0 1
phys
0 6 -110 18 0 0 1 3 0 1 0 1
0 -6 -110 18 0 0 1 3 0 1 0 1
0 -6 -110 16 0 0 1 3 0 1 0 1
phys
0 6 -110 18 0 0 1 3 0 1 0 1
0 -6 -110 16 0 0 1 3 0 1 0 1
0 6 -110 16 0 0 1 3 0 1 0 1
phys
0 6 -110 16 0 0 1 3 0 1 0 1
0 6 -98 16 0 0 1 3 0 1 0 1
0 6 -98 18 0 0 1 3 0 1 0 1
phys
0 6 -110 16 0 0 1 3 0 1 0 1
0 6 -98 18 0 0 1 3 0 1 0 1
0 6 -110 18 0 0 1 3 0 1 0 1
phys
0 -6 -110 18 0 0 1 3 0 1 0 1
0 -6 -98 18 0 0 1 3 0 1 0 1
0 -6 -98 16 0 0 1 3 0 1 0 1
phys
0 -6 -110 18 0 0 1 3 0 1 0 1
0 -6 -98 16 0 0 1 3 0 1 0 1
0 -6 -110 16 0 0 1 3 0 1 0 1
phys
0 8 -112 12 0 0 1 4 0 1 0 1
0 -8 -112 12 0 0 1 4 0 1 0 1
0 -8 -96 12 0 0 1 4 0 1 0 1
phys
0 8 -112 12 0 0 1 4 0 1 0 1
0 -8 -96 12 0 0 1 4 0 1 0 1
0 8 -96 12 0 0 1 4 0 1 0 1
phys
0 -8 -112 16 0 0 1 4 0 1 0 1
0 8 -112 16 0 0 1 4 0 1 0 1
0 8 -96 16 0 0 1 4 0 1 0 1
phys
0 -8 -112 16 0 0 1 4 0 1 0 1
0 8 -96 16 0 0 1 4 0 1 0 1
0 -8 -96 16 0 0 1 4 0 1 0 1
phys
0 8 -96 12 0 0 1 4 0 1 0 1
0 -8 -96 12 0 0 1 4 0 1 0 1
0 -8 -96 16 0 0 1 4 0 1 0 1
phys
0 8 -96 12 0 0 1 4 0 1 0 1
0 -8 -96 16 0 0 1 4 0 1 0 1
0 8 -96 16 0 0 1 4 0 1 0 1
phys
0 8 -112 16 0 0 1 4 0 1 0 1
0 -8 -112 16 0 0 1 4 0 1 0 1
0 -8 -112 12 0 0 1 4 0 1 0 1
phys
0 8 -112 16 0 0 1 4 0 1 0 1
0 -8 -112 12 0 0 1 4 0 1 0 1
0 8 -112 12 0 0 1 4 0 1 0 1
phys
0 8 -112 12 0 0 1 4 0 1 0 1
0 8 -96 12 0 0 1 4 0 1 0 1
0 8 -96 16 0 0 1 4 0 1 0 1
phys
0 8 -112 12 0 0 1 4 0 1 0 1
0 8 -96 16 0 0 1 4 0 1 0 1
0 8 -112 16 0 0 1 4 0 1 0 1
phys
0 -8 -112 16 0 0 1 4 0 1 0 1
0 -8 -96 16 0 0 1 4 0 1 0 1
0 -8 -96 12 0 0 1 4 0 1 0 1
phys
0 -8 -112 16 0 0 1 4 0 1 0 1
0 -8 -96 12 0 0 1 4 0 1 0 1
0 -8 -112 12 0 0 1 4 0 1 0 1
phys
0 -4 -108 35 0 0 1 5 0 1 0 1
0 4 -108 35 0 0 1 5 0 1 0 1
0 4 -100 35 0 0 1 5 0 1 0 1
phys
0 -4 -108 35 0 0 1 5 0 1 0 1
0 4 -100 35 0 0 1 5 0 1 0 1
0 -4 -100 35 0 0 1 5 0 1 0 1
phys
0 4 -108 18 0 0 1 5 0 1 0 1
0 -4 -108 18 0 0 1 5 0 1 0 1
0 -4 -100 18 0 0 1 5 0 1 0 1
phys
0 4 -108 18 0 0 1 5 0 1 0 1
0 -4 -100 18 0 0 1 5 0 1 0 1
0 4 -100 18 0 0 1 5 0 1 0 1
phys
0 4 -100 18 0 0 1 5 0 1 0 1
0 -4 -100 18 0 0 1 5 0 1 0 1
0 -4 -100 35 0 0 1 5 0 1 0 1
phys
0 4 -100 18 0 0 1 5 0 1 0 1
0 -4 -100 35 0 0 1 5 0 1 0 1
0 4 -100 35 0 0 1 5 0 1 0 1
phys
0 4 -108 35 0 0 1 5 0 1 0 1
0 -4 -108 35 0 0 1 5 0 1 0 1
0 -4 -108 18 0 0 1 5 0 1 0 1
phys
0 4 -108 35 0 0 1 5 0 1 0 1
0 -4 -108 18 0 0 1 5 0 1 0 1
0 4 -108 18 0 0 1 5 0 1 0 1
phys
0 4 -108 18 0 0 1 5 0 1 0 1
0 4 -100 18 0 0 1 5 0 1 0 1
0 4 -100 35 0 0 1 5 0 1 0 1
phys
0 4 -108 18 0 0 1 5 0 1 0 1
0 4 -100 35 0 0 1 5 0 1 0 1
0 4 -108 35 0 0 1 5 0 1 0 1
phys
0 -4 -108 35 0 0 1 5 0 1 0 1
0 -4 -100 35 0 0 1 5 0 1 0 1
0 -4 -100 18 0 0 1 5 0 1 0 1
phys
0 -4 -108 35 0 0 1 5 0 1 0 1
0 -4 -100 18 0 0 1 5 0 1 0 1
0 -4 -108 18 0 0 1 5 0 1 0 1
phys
0 6 -110 35 0 0 1 6 0 1 0 1
0 -6 -110 35 0 0 1 6 0 1 0 1
0 -6 -98 35 0 0 1 6 0 1 0 1
phys
0 6 -110 35 0 0 1 6 0 1 0 1
0 -6 -98 35 0 0 1 6 0 1 0 1
0 6 -98 35 0 0 1 6 0 1 0 1
phys
0 -6 -110 37 0 0 1 6 0 1 0 1
0 6 -110 37 0 0 1 6 0 1 0 1
0 6 -98 37 0 0 1 6 0 1 0 1
phys
0 -6 -110 37 0 0 1 6 0 1 0 1
0 6 -98 37 0 0 1 6 0 1 0 1
0 -6 -98 37 0 0 1 6 0 1 0 1
phys
0 6 -98 35 0 0 1 6 0 1 0 1
0 -6 -98 35 0 0 1 6 0 1 0 1
0 -6 -98 37 0 0 1 6 0 1 0 1
phys
0 6 -98 35 0 0 1 6 0 1 0 1
0 -6 -98 37 0 0 1 6 0 1 0 1
0 6 -98 37 0 0 1 6 0 1 0 1
phys
0 6 -110 37 0 0 1 6 0 1 0 1
0 -6 -110 37 0 0 1 6 0 1 0 1
0 -6 -110 35 0 0 1 6 0 1 0 1
phys
0 6 -110 37 0 0 1 6 0 1 0 1
0 -6 -110 35 0 0 1 6 0 1 0 1
0 6 -110 35 0 0 1 6 0 1 0 1
phys
0 6 -110 35 0 0 1 6 0 1 0 1
0 6 -98 35 0 0 1 6 0 1 0 1
0 6 -98 37 0 0 1 6 0 1 0 1
phys
0 6 -110 35 0 0 1 6 0 1 0 1
0 6 -98 37 0 0 1 6 0 1 0 1
0 6 -110 37 0 0 1 6 0 1 0 1
phys
0 -6 -110 37 0 0 1 6 0 1 0 1
0 -6 -98 37 0 0 1 6 0 1 0 1
0 -6 -98 35 0 0 1 6 0 1 0 1
phys
0 -6 -110 37 0 0 1 6 0 1 0 1
0 -6 -98 35 0 0 1 6 0 1 0 1
0 -6 -110 35 0 0 1 6 0 1 0 1
phys
0 8 -96 37 0 0 1 7 0 1 0 1
0 -8 -96 37 0 0 1 7 0 1 0 1
0 -8 -80 37 0 0 1 7 0 1 0 1
phys
0 8 -96 37 0 0 1 7 0 1 0 1
0 -8 -80 37 0 0 1 7 0 1 0 1
0 8 -80 37 0 0 1 7 0 1 0 1
phys
0 -8 -96 41 0 0 1 7 0 1 0 1
0 8 -96 41 0 0 1 7 0 1 0 1
0 8 -80 41 0 0 1 7 0 1 0 1
phys
0 -8 -96 41 0 0 1 7 0 1 0 1
0 8 -80 41 0 0 1 7 0 1 0 1
0 -8 -80 41 0 0 1 7 0 1 0 1
phys
0 8 -80 37 0 0 1 7 0 1 0 1
0 -8 -80 37 0 0 1 7 0 1 0 1
0 -8 -80 41 0 0 1 7 0 1 0 1
phys
0 8 -80 37 0 0 1 7 0 1 0 1
0 -8 -80 41 0 0 1 7 0 1 0 1
0 8 -80 41 0 0 1 7 0 1 0 1
phys
0 8 -96 41 0 0 1 7 0 1 0 1
0 -8 -96 41 0 0 1 7 0 1 0 1
0 -8 -96 37 0 0 1 7 0 1 0 1
phys
0 8 -96 41 0 0 1 7 0 1 0 1
0 -8 -96 37 0 0 1 7 0 1 0 1
0 8 -96 37 0 0 1 7 0 1 0 1
phys
0 8 -96 37 0 0 1 7 0 1 0 1
0 8 -80 37 0 0 1 7 0 1 0 1
0 8 -80 41 0 0 1 7 0 1 0 1
phys
0 8 -96 37 0 0 1 7 0 1 0 1
0 8 -80 41 0 0 1 7 0 1 0 1
0 8 -96 41 0 0 1 7 0 1 0 1
phys
0 -8 -96 41 0 0 1 7 0 1 0 1
0 -8 -80 41 0 0 1 7 0 1 0 1
0 -8 -80 37 0 0 1 7 0 1 0 1
phys
0 -8 -96 41 0 0 1 7 0 1 0 1
0 -8 -80 37 0 0 1 7 0 1 0 1
0 -8 -96 37 0 0 1 7 0 1 0 1
phys
0 6 -94 16 0 0 1 8 0 1 0 1
0 -6 -94 16 0 0 1 8 0 1 0 1
0 -6 -82 16 0 0 1 8 0 1 0 1
phys
0 6 -94 16 0 0 1 8 0 1 0 1
0 -6 -82 16 0 0 1 8 0 1 0 1
0 6 -82 16 0 0 1 8 0 1 0 1
phys
0 -6 -94 18 0 0 1 8 0 1 0 1
0 6 -94 18 0 0 1 8 0 1 0 1
0 6 -82 18 0 0 1 8 0 1 0 1
phys
0 -6 -94 18 0 0 1 8 0 1 0 1
0 6 -82 18 0 0 1 8 0 1 0 1
0 -6 -82 18 0 0 1 8 0 1 0 1
phys
0 6 -82 16 0 0 1 8 0 1 0 1
0 -6 -82 16 0 0 1 8 0 1 0 1
0 -6 -82 18 0 0 1 8 0 1 0 1
phys
0 6 -82 16 0 0 1 8 0 1 0 1
0 -6 -82 18 0 0 1 8 0 1 0 1
0 6 -82 18 0 0 1 8 0 1 0 1
phys
0 6 -94 18 0 0 1 8 0 1 0 1
0 -6 -94 18 0 0 1 8 0 1 0 1
0 -6 -94 16 0 0 1 8 0 1 0 1
phys
0 6 -94 18 0 0 1 8 0 1 0 1
0 -6 -94 16 0 0 1 8 0 1 0 1
0 6 -94 16 0 0 1 8 0 1 0 1
phys
0 6 -94 16 0 0 1 8 0 1 0 1
0 6 -82 16 0 0 1 8 0 1 0 1
0 6 -82 18 0 0 1 8 0 1 0 1
phys
0 6 -94 16 0 0 1 8 0 1 0 1
0 6 -82 18 0 0 1 8 0 1 0 1
0 6 -94 18 0 0 1 8 0 1 0 1
phys
0 -6 -94 18 0 0 1 8 0 1 0 1
0 -6 -82 18 0 0 1 8 0 1 0 1
0 -6 -82 16 0 0 1 8 0 1 0 1
phys
0 -6 -94 18 0 0 1 8 0 1 0 1
0 -6 -82 16 0 0 1 8 0 1 0 1
0 -6 -94 16 0 0 1 8 0 1 0 1
phys
0 8 -96 12 0 0 1 9 0 1 0 1
0 -8 -96 12 0 0 1 9 0 1 0 1
0 -8 -80 12 0 0 1 9 0 1 0 1
phys
0 8 -96 12 0 0 1 9 0 1 0 1
0 -8 -80 12 0 0 1 9 0 1 0 1
0 8 -80 12 0 0 1 9 0 1 0 1
phys
0 -8 -96 16 0 0 1 9 0 1 0 1
0 8 -96 16 0 0 1 9 0 1 0 1
0 8 -80 16 0 0 1 9 0 1 0 1
phys
0 -8 -96 16 0 0 1 9 0 1 0 1
0 8 -80 16 0 0 1 9 0 1 0 1
0 -8 -80 16 0 0 1 9 0 1 0 1
phys
0 8 -80 12 0 0 1 9 0 1 0 1
0 -8 -80 12 0 0 1 9 0 1 0 1
0 -8 -80 16 0 0 1 9 0 1 0 1
phys
0 8 -80 12 0 0 1 9 0 1 0 1
0 -8 -80 16 0 0 1 9 0 1 0 1
0 8 -80 16 0 0 1 9 0 1 0 1
phys
0 8 -96 16 0 0 1 9 0 1 0 1
0 -8 -96 16 0 0 1 9 0 1 0 1
0 -8 -96 12 0 0 1 9 0 1 0 1
phys
0 8 -96 16 0 0 1 9 0 1 0 1
0 -8 -96 12 0 0 1 9 0 1 0 1
0 8 -96 12 0 0 1 9 0 1 0 1
phys
0 8 -96 12 0 0 1 9 0 1 0 1
0 8 -80 12 0 0 1 9 0 1 0 1
0 8 -80 16 0 0 1 9 0 1 0 1
phys
0 8 -96 12 0 0 1 9 0 1 0 1
0 8 -80 16 0 0 1 9 0 1 0 1
0 8 -96 16 0 0 1 9 0 1 0 1
phys
0 -8 -96 16 0 0 1 9 0 1 0 1
0 -8 -80 16 0 0 1 9 0 1 0 1
0 -8 -80 12 0 0 1 9 0 1 0 1
phys
0 -8 -96 16 0 0 1 9 0 1 0 1
0 -8 -80 12 0 0 1 9 0 1 0 1
0 -8 -96 12 0 0 1 9 0 1 0 1
phys
0 -4 -92 35 0 0 1 10 0 1 0 1
0 4 -92 35 0 0 1 10 0 1 0 1
0 4 -84 35 0 0 1 10 0 1 0 1
phys
0 -4 -92 35 0 0 1 10 0 1 0 1
0 4 -84 35 0 0 1 10 0 1 0 1
0 -4 -84 35 0 0 1 10 0 1 0 1
phys
0 4 -92 18 0 0 1 10 0 1 0 1
0 -4 -92 18 0 0 1 10 0 1 0 1
0 -4 -84 18 0 0 1 10 0 1 0 1
phys
0 4 -92 18 0 0 1 10 0 1 0 1
0 -4 -84 18 0 0 1 10 0 1 0 1
0 4 -84 18 0 0 1 10 0 1 0 1
phys
0 4 -84 18 0 0 1 10 0 1 0 1
0 -4 -84 18 0 0 1 10 0 1 0 1
0 -4 -84 35 0 0 1 10 0 1 0 1
phys
0 4 -84 18 0 0 1 10 0 1 0 1
0 -4 -84 35 0 0 1 10 0 1 0 1
0 4 -84 35 0 0 1 10 0 1 0 1
phys
0 4 -92 35 0 0 1 10 0 1 0 1
0 -4 -92 35 0 0 1 10 0 1 0 1
0 -4 -92 18 0 0 1 10 0 1 0 1
phys
0 4 -92 35 0 0 1 10 0 1 0 1
0 -4 -92 18 0 0 1 10 0 1 0 1
0 4 -92 18 0 0 1 10 0 1 0 1
phys
0 4 -92 18 0 0 1 10 0 1 0 1
0 4 -84 18 0 0 1 10 0 1 0 1
0 4 -84 35 0 0 1 10 0 1 0 1
phys
0 4 -92 18 0 0 1 10 0 1 0 1
0 4 -84 35 0 0 1 10 0 1 0 1
0 4 -92 35 0 0 1 10 0 1 0 1
phys
0 -4 -92 35 0 0 1 10 0 1 0 1
0 -4 -84 35 0 0 1 10 0 1 0 1
0 -4 -84 18 0 0 1 10 0 1 0 1
phys
0 -4 -92 35 0 0 1 10 0 1 0 1
0 -4 -84 18 0 0 1 10 0 1 0 1
0 -4 -92 18 0 0 1 10 0 1 0 1
phys
0 8 -64 12 0 0 1 11 0 1 0 1
0 -8 -64 12 0 0 1 11 0 1 0 1
0 -8 -48 12 0 0 1 11 0 1 0 1
phys
0 8 -64 12 0 0 1 11 0 1 0 1
0 -8 -48 12 0 0 1 11 0 1 0 1
0 8 -48 12 0 0 1 11 0 1 0 1
phys
0 -8 -64 16 0 0 1 11 0 1 0 1
0 8 -64 16 0 0 1 11 0 1 0 1
0 8 -48 16 0 0 1 11 0 1 0 1
phys
0 -8 -64 16 0 0 1 11 0 1 0 1
0 8 -48 16 0 0 1 11 0 1 0 1
0 -8 -48 16 0 0 1 11 0 1 0 1
phys
0 8 -48 12 0 0 1 11 0 1 0 1
0 -8 -48 12 0 0 1 11 0 1 0 1
0 -8 -48 16 0 0 1 11 0 1 0 1
phys
0 8 -48 12 0 0 1 11 0 1 0 1
0 -8 -48 16 0 0 1 11 0 1 0 1
0 8 -48 16 0 0 1 11 0 1 0 1
phys
0 8 -64 16 0 0 1 11 0 1 0 1
0 -8 -64 16 0 0 1 11 0 1 0 1
0 -8 -64 12 0 0 1 11 0 1 0 1
phys
0 8 -64 16 0 0 1 11 0 1 0 1
0 -8 -64 12 0 0 1 11 0 1 0 1
0 8 -64 12 0 0 1 11 0 1 0 1
phys
0 8 -64 12 0 0 1 11 0 1 0 1
0 8 -48 12 0 0 1 11 0 1 0 1
0 8 -48 16 0 0 1 11 0 1 0 1
phys
0 8 -64 12 0 0 1 11 0 1 0 1
0 8 -48 16 0 0 1 11 0 1 0 1
0 8 -64 16 0 0 1 11 0 1 0 1
phys
0 -8 -64 16 0 0 1 11 0 1 0 1
0 -8 -48 16 0 0 1 11 0 1 0 1
0 -8 -48 12 0 0 1 11 0 1 0 1
phys
0 -8 -64 16 0 0 1 11 0 1 0 1
0 -8 -48 12 0 0 1 11 0 1 0 1
0 -8 -64 12 0 0 1 11 0 1 0 1
phys
0 6 -94 35 0 0 1 12 0 1 0 1
0 -6 -94 35 0 0 1 12 0 1 0 1
0 -6 -82 35 0 0 1 12 0 1 0 1
phys
0 6 -94 35 0 0 1 12 0 1 0 1
0 -6 -82 35 0 0 1 12 0 1 0 1
0 6 -82 35 0 0 1 12 0 1 0 1
phys
0 -6 -94 37 0 0 1 12 0 1 0 1
0 6 -94 37 0 0 1 12 0 1 0 1
0 6 -82 37 0 0 1 12 0 1 0 1
phys
0 -6 -94 37 0 0 1 12 0 1 0 1
0 6 -82 37 0 0 1 12 0 1 0 1
0 -6 -82 37 0 0 1 12 0 1 0 1
phys
0 6 -82 35 0 0 1 12 0 1 0 1
0 -6 -82 35 0 0 1 12 0 1 0 1
0 -6 -82 37 0 0 1 12 0 1 0 1
phys
0 6 -82 35 0 0 1 12 0 1 0 1
0 -6 -82 37 0 0 1 12 0 1 0 1
0 6 -82 37 0 0 1 12 0 1 0 1
phys
0 6 -94 37 0 0 1 12 0 1 0 1
0 -6 -94 37 0 0 1 12 0 1 0 1
0 -6 -94 35 0 0 1 12 0 1 0 1
phys
0 6 -94 37 0 0 1 12 0 1 0 1
0 -6 -94 35 0 0 1 12 0 1 0 1
0 6 -94 35 0 0 1 12 0 1 0 1
phys
0 6 -94 35 0 0 1 12 0 1 0 1
0 6 -82 35 0 0 1 12 0 1 0 1
0 6 -82 37 0 0 1 12 0 1 0 1
phys
0 6 -94 35 0 0 1 12 0 1 0 1
0 6 -82 37 0 0 1 12 0 1 0 1
0 6 -94 37 0 0 1 12 0 1 0 1
phys
0 -6 -94 37 0 0 1 12 0 1 0 1
0 -6 -82 37 0 0 1 12 0 1 0 1
0 -6 -82 35 0 0 1 12 0 1 0 1
phys
0 -6 -94 37 0 0 1 12 0 1 0 1
0 -6 -82 35 0 0 1 12 0 1 0 1
0 -6 -94 35 0 0 1 12 0 1 0 1
phys
0 8 -80 37 0 0 1 13 0 1 0 1
0 -8 -80 37 0 0 1 13 0 1 0 1
0 -8 -64 37 0 0 1 13 0 1 0 1
phys
0 8 -80 37 0 0 1 13 0 1 0 1
0 -8 -64 37 0 0 1 13 0 1 0 1
0 8 -64 37 0 0 1 13 0 1 0 1
phys
0 -8 -80 41 0 0 1 13 0 1 0 1
0 8 -80 41 0 0 1 13 0 1 0 1
0 8 -64 41 0 0 1 13 0 1 0 1
phys
0 -8 -80 41 0 0 1 13 0 1 0 1
0 8 -64 41 0 0 1 13 0 1 0 1
0 -8 -64 41 0 0 1 13 0 1 0 1
phys
0 8 -64 37 0 0 1 13 0 1 0 1
0 -8 -64 37 0 0 1 13 0 1 0 1
0 -8 -64 41 0 0 1 13 0 1 0 1
phys
0 8 -64 37 0 0 1 13 0 1 0 1
0 -8 -64 41 0 0 1 13 0 1 0 1
0 8 -64 41 0 0 1 13 0 1 0 1
phys
0 8 -80 41 0 0 1 13 0 1 0 1
0 -8 -80 41 0 0 1 13 0 1 0 1
0 -8 -80 37 0 0 1 13 0 1 0 1
phys
0 8 -80 41 0 0 1 13 0 1 0 1
0 -8 -80 37 0 0 1 13 0 1 0 1
0 8 -80 37 0 0 1 13 0 1 0 1
phys
0 8 -80 37 0 0 1 13 0 1 0 1
0 8 -64 37 0 0 1 13 0 1 0 1
0 8 -64 41 0 0 1 13 0 1 0 1
phys
0 8 -80 37 0 0 1 13 0 1 0 1
0 8 -64 41 0 0 1 13 0 1 0 1
0 8 -80 41 0 0 1 13 0 1 0 1
phys
0 -8 -80 41 0 0 1 13 0 1 0 1
0 -8 -64 41 0 0 1 13 0 1 0 1
0 -8 -64 37 0 0 1 13 0 1 0 1
phys
0 -8 -80 41 0 0 1 13 0 1 0 1
0 -8 -64 37 0 0 1 13 0 1 0 1
0 -8 -80 37 0 0 1 13 0 1 0 1
phys
0 -4 -76 35 0 0 1 14 0 1 0 1
0 4 -76 35 0 0 1 14 0 1 0 1
0 4 -68 35 0 0 1 14 0 1 0 1
phys
0 -4 -76 35 0 0 1 14 0 1 0 1
0 4 -68 35 0 0 1 14 0 1 0 1
0 -4 -68 35 0 0 1 14 0 1 0 1
phys
0 4 -76 18 0 0 1 14 0 1 0 1
0 -4 -76 18 0 0 1 14 0 1 0 1
0 -4 -68 18 0 0 1 14 0 1 0 1
phys
0 4 -76 18 0 0 1 14 0 1 0 1
0 -4 -68 18 0 0 1 14 0 1 0 1
0 4 -68 18 0 0 1 14 0 1 0 1
phys
0 4 -68 18 0 0 1 14 0 1 0 1
0 -4 -68 18 0 0 1 14 0 1 0 1
0 -4 -68 35 0 0 1 14 0 1 0 1
phys
0 4 -68 18 0 0 1 14 0 1 0 1
0 -4 -68 35 0 0 1 14 0 1 0 1
0 4 -68 35 0 0 1 14 0 1 0 1
phys
0 4 -76 35 0 0 1 14 0 1 0 1
0 -4 -76 35 0 0 1 14 0 1 0 1
0 -4 -76 18 0 0 1 14 0 1 0 1
phys
0 4 -76 35 0 0 1 14 0 1 0 1
0 -4 -76 18 0 0 1 14 0 1 0 1
0 4 -76 18 0 0 1 14 0 1 0 1
phys
0 4 -76 18 0 0 1 14 0 1 0 1
0 4 -68 18 0 0 1 14 0 1 0 1
0 4 -68 35 0 0 1 14 0 1 0 1
phys
0 4 -76 18 0 0 1 14 0 1 0 1
0 4 -68 35 0 0 1 14 0 1 0 1
0 4 -76 35 0 0 1 14 0 1 0 1
phys
0 -4 -76 35 0 0 1 14 0 1 0 1
0 -4 -68 35 0 0 1 14 0 1 0 1
0 -4 -68 18 0 0 1 14 0 1 0 1
phys
0 -4 -76 35 0 0 1 14 0 1 0 1
0 -4 -68 18 0 0 1 14 0 1 0 1
0 -4 -76 18 0 0 1 14 0 1 0 1
phys
0 6 -78 35 0 0 1 15 0 1 0 1
0 -6 -78 35 0 0 1 15 0 1 0 1
0 -6 -66 35 0 0 1 15 0 1 0 1
phys
0 6 -78 35 0 0 1 15 0 1 0 1
0 -6 -66 35 0 0 1 15 0 1 0 1
0 6 -66 35 0 0 1 15 0 1 0 1
phys
0 -6 -78 37 0 0 1 15 0 1 0 1
0 6 -78 37 0 0 1 15 0 1 0 1
0 6 -66 37 0 0 1 15 0 1 0 1
phys
0 -6 -78 37 0 0 1 15 0 1 0 1
0 6 -66 37 0 0 1 15 0 1 0 1
0 -6 -66 37 0 0 1 15 0 1 0 1
phys
0 6 -66 35 0 0 1 15 0 1 0 1
0 -6 -66 35 0 0 1 15 0 1 0 1
0 -6 -66 37 0 0 1 15 0 1 0 1
phys
0 6 -66 35 0 0 1 15 0 1 0 1
0 -6 -66 37 0 0 1 15 0 1 0 1
0 6 -66 37 0 0 1 15 0 1 0 1
phys
0 6 -78 37 0 0 1 15 0 1 0 1
0 -6 -78 37 0 0 1 15 0 1 0 1
0 -6 -78 35 0 0 1 15 0 1 0 1
phys
0 6 -78 37 0 0 1 15 0 1 0 1
0 -6 -78 35 0 0 1 15 0 1 0 1
0 6 -78 35 0 0 1 15 0 1 0 1
phys
0 6 -78 35 0 0 1 15 0 1 0 1
0 6 -66 35 0 0 1 15 0 1 0 1
0 6 -66 37 0 0 1 15 0 1 0 1
phys
0 6 -78 35 0 0 1 15 0 1 0 1
0 6 -66 37 0 0 1 15 0 1 0 1
0 6 -78 37 0 0 1 15 0 1 0 1
phys
0 -6 -78 37 0 0 1 15 0 1 0 1
0 -6 -66 37 0 0 1 15 0 1 0 1
0 -6 -66 35 0 0 1 15 0 1 0 1
phys
0 -6 -78 37 0 0 1 15 0 1 0 1
0 -6 -66 35 0 0 1 15 0 1 0 1
0 -6 -78 35 0 0 1 15 0 1 0 1
phys
0 6 -78 16 0 0 1 16 0 1 0 1
0 -6 -78 16 0 0 1 16 0 1 0 1
0 -6 -66 16 0 0 1 16 0 1 0 1
phys
0 6 -78 16 0 0 1 16 0 1 0 1
0 -6 -66 16 0 0 1 16 0 1 0 1
0 6 -66 16 0 0 1 16 0 1 0 1
phys
0 -6 -78 18 0 0 1 16 0 1 0 1
0 6 -78 18 0 0 1 16 0 1 0 1
0 6 -66 18 0 0 1 16 0 1 0 1
phys
0 -6 -78 18 0 0 1 16 0 1 0 1
0 6 -66 18 0 0 1 16 0 1 0 1
0 -6 -66 18 0 0 1 16 0 1 0 1
phys
0 6 -66 16 0 0 1 16 0 1 0 1
0 -6 -66 16 0 0 1 16 0 1 0 1
0 -6 -66 18 0 0 1 16 0 1 0 1
phys
0 6 -66 16 0 0 1 16 0 1 0 1
0 -6 -66 18 0 0 1 16 0 1 0 1
0 6 -66 18 0 0 1 16 0 1 0 1
phys
0 6 -78 18 0 0 1 16 0 1 0 1
0 -6 -78 18 0 0 1 16 0 1 0 1
0 -6 -78 16 0 0 1 16 0 1 0 1
phys
0 6 -78 18 0 0 1 16 0 1 0 1
0 -6 -78 16 0 0 1 16 0 1 0 1
0 6 -78 16 0 0 1 16 0 1 0 1
phys
0 6 -78 16 0 0 1 16 0 1 0 1
0 6 -66 16 0 0 1 16 0 1 0 1
0 6 -66 18 0 0 1 16 0 1 0 1
phys
0 6 -78 16 0 0 1 16 0 1 0 1
0 6 -66 18 0 0 1 16 0 1 0 1
0 6 -78 18 0 0 1 16 0 1 0 1
phys
0 -6 -78 18 0 0 1 16 0 1 0 1
0 -6 -66 18 0 0 1 16 0 1 0 1
0 -6 -66 16 0 0 1 16 0 1 0 1
phys
0 -6 -78 18 0 0 1 16 0 1 0 1
0 -6 -66 16 0 0 1 16 0 1 0 1
0 -6 -78 16 0 0 1 16 0 1 0 1
phys
0 8 -80 12 0 0 1 17 0 1 0 1
0 -8 -80 12 0 0 1 17 0 1 0 1
0 -8 -64 12 0 0 1 17 0 1 0 1
phys
0 8 -80 12 0 0 1 17 0 1 0 1
0 -8 -64 12 0 0 1 17 0 1 0 1
0 8 -64 12 0 0 1 17 0 1 0 1
phys
0 -8 -80 16 0 0 1 17 0 1 0 1
0 8 -80 16 0 0 1 17 0 1 0 1
0 8 -64 16 0 0 1 17 0 1 0 1
phys
0 -8 -80 16 0 0 1 17 0 1 0 1
0 8 -64 16 0 0 1 17 0 1 0 1
0 -8 -64 16 0 0 1 17 0 1 0 1
phys
0 8 -64 12 0 0 1 17 0 1 0 1
0 -8 -64 12 0 0 1 17 0 1 0 1
0 -8 -64 16 0 0 1 17 0 1 0 1
phys
0 8 -64 12 0 0 1 17 0 1 0 1
0 -8 -64 16 0 0 1 17 0 1 0 1
0 8 -64 16 0 0 1 17 0 1 0 1
phys
0 8 -80 16 0 0 1 17 0 1 0 1
0 -8 -80 16 0 0 1 17 0 1 0 1
0 -8 -80 12 0 0 1 17 0 1 0 1
phys
0 8 -80 16 0 0 1 17 0 1 0 1
0 -8 -80 12 0 0 1 17 0 1 0 1
0 8 -80 12 0 0 1 17 0 1 0 1
phys
0 8 -80 12 0 0 1 17 0 1 0 1
0 8 -64 12 0 0 1 17 0 1 0 1
0 8 -64 16 0 0 1 17 0 1 0 1
phys
0 8 -80 12 0 0 1 17 0 1 0 1
0 8 -64 16 0 0 1 17 0 1 0 1
0 8 -80 16 0 0 1 17 0 1 0 1
phys
0 -8 -80 16 0 0 1 17 0 1 0 1
0 -8 -64 16 0 0 1 17 0 1 0 1
0 -8 -64 12 0 0 1 17 0 1 0 1
phys
0 -8 -80 16 0 0 1 17 0 1 0 1
0 -8 -64 12 0 0 1 17 0 1 0 1
0 -8 -80 12 0 0 1 17 0 1 0 1
phys
0 8 -64 37 0 0 1 18 0 1 0 1
0 -8 -64 37 0 0 1 18 0 1 0 1
0 -8 -48 37 0 0 1 18 0 1 0 1
phys
0 8 -64 37 0 0 1 18 0 1 0 1
0 -8 -48 37 0 0 1 18 0 1 0 1
0 8 -48 37 0 0 1 18 0 1 0 1
phys
0 -8 -64 41 0 0 1 18 0 1 0 1
0 8 -64 41 0 0 1 18 0 1 0 1
0 8 -48 41 0 0 1 18 0 1 0 1
phys
0 -8 -64 41 0 0 1 18 0 1 0 1
0 8 -48 41 0 0 1 18 0 1 0 1
0 -8 -48 41 0 0 1 18 0 1 0 1
phys
0 8 -48 37 0 0 1 18 0 1 0 1
0 -8 -48 37 0 0 1 18 0 1 0 1
0 -8 -48 41 0 0 1 18 0 1 0 1
phys
0 8 -48 37 0 0 1 18 0 1 0 1
0 -8 -48 41 0 0 1 18 0 1 0 1
0 8 -48 41 0 0 1 18 0 1 0 1
phys
0 8 -64 41 0 0 1 18 0 1 0 1
0 -8 -64 41 0 0 1 18 0 1 0 1
0 -8 -64 37 0 0 1 18 0 1 0 1
phys
0 8 -64 41 0 0 1 18 0 1 0 1
0 -8 -64 37 0 0 1 18 0 1 0 1
0 8 -64 37 0 0 1 18 0 1 0 1
phys
0 8 -64 37 0 0 1 18 0 1 0 1
0 8 -48 37 0 0 1 18 0 1 0 1
0 8 -48 41 0 0 1 18 0 1 0 1
phys
0 8 -64 37 0 0 1 18 0 1 0 1
0 8 -48 41 0 0 1 18 0 1 0 1
0 8 -64 41 0 0 1 18 0 1 0 1
phys
0 -8 -64 41 0 0 1 18 0 1 0 1
0 -8 -48 41 0 0 1 18 0 1 0 1
0 -8 -48 37 0 0 1 18 0 1 0 1
phys
0 -8 -64 41 0 0 1 18 0 1 0 1
0 -8 -48 37 0 0 1 18 0 1 0 1
0 -8 -64 37 0 0 1 18 0 1 0 1
phys
0 6 -62 16 0 0 1 19 0 1 0 1
0 -6 -62 16 0 0 1 19 0 1 0 1
0 -6 -50 16 0 0 1 19 0 1 0 1
phys
0 6 -62 16 0 0 1 19 0 1 0 1
0 -6 -50 16 0 0 1 19 0 1 0 1
0 6 -50 16 0 0 1 19 0 1 0 1
phys
0 -6 -62 18 0 0 1 19 0 1 0 1
0 6 -62 18 0 0 1 19 0 1 0 1
0 6 -50 18 0 0 1 19 0 1 0 1
phys
0 -6 -62 18 0 0 1 19 0 1 0 1
0 6 -50 18 0 0 1 19 0 1 0 1
0 -6 -50 18 0 0 1 19 0 1 0 1
phys
0 6 -50 16 0 0 1 19 0 1 0 1
0 -6 -50 16 0 0 1 19 0 1 0 1
0 -6 -50 18 0 0 1 19 0 1 0 1
phys
0 6 -50 16 0 0 1 19 0 1 0 1
0 -6 -50 18 0 0 1 19 0 1 0 1
0 6 -50 18 0 0 1 19 0 1 0 1
phys
0 6 -62 18 0 0 1 19 0 1 0 1
0 -6 -62 18 0 0 1 19 0 1 0 1
0 -6 -62 16 0 0 1 19 0 1 0 1
phys
0 6 -62 18 0 0 1 19 0 1 0 1
0 -6 -62 16 0 0 1 19 0 1 0 1
0 6 -62 16 0 0 1 19 0 1 0 1
phys
0 6 -62 16 0 0 1 19 0 1 0 1
0 6 -50 16 0 0 1 19 0 1 0 1
0 6 -50 18 0 0 1 19 0 1 0 1
phys
0 6 -62 16 0 0 1 19 0 1 0 1
0 6 -50 18 0 0 1 19 0 1 0 1
0 6 -62 18 0 0 1 19 0 1 0 1
phys
0 -6 -62 18 0 0 1 19 0 1 0 1
0 -6 -50 18 0 0 1 19 0 1 0 1
0 -6 -50 16 0 0 1 19 0 1 0 1
phys
0 -6 -62 18 0 0 1 19 0 1 0 1
0 -6 -50 16 0 0 1 19 0 1 0 1
0 -6 -62 16 0 0 1 19 0 1 0 1
phys
0 -4 -60 35 0 0 1 20 0 1 0 1
0 4 -60 35 0 0 1 20 0 1 0 1
0 4 -52 35 0 0 1 20 0 1 0 1
phys
0 -4 -60 35 0 0 1 20 0 1 0 1
0 4 -52 35 0 0 1 20 0 1 0 1
0 -4 -52 35 0 0 1 20 0 1 0 1
phys
0 4 -60 18 0 0 1 20 0 1 0 1
0 -4 -60 18 0 0 1 20 0 1 0 1
0 -4 -52 18 0 0 1 20 0 1 0 1
phys
0 4 -60 18 0 0 1 20 0 1 0 1
0 -4 -52 18 0 0 1 20 0 1 0 1
0 4 -52 18 0 0 1 20 0 1 0 1
phys
0 4 -52 18 0 0 1 20 0 1 0 1
0 -4 -52 18 0 0 1 20 0 1 0 1
0 -4 -52 35 0 0 1 20 0 1 0 1
phys
0 4 -52 18 0 0 1 20 0 1 0 1
0 -4 -52 35 0 0 1 20 0 1 0 1
0 4 -52 35 0 0 1 20 0 1 0 1
phys
0 4 -60 35 0 0 1 20 0 1 0 1
0 -4 -60 35 0 0 1 20 0 1 0 1
0 -4 -60 18 0 0 1 20 0 1 0 1
phys
0 4 -60 35 0 0 1 20 0 1 0 1
0 -4 -60 18 0 0 1 20 0 1 0 1
0 4 -60 18 0 0 1 20 0 1 0 1
phys
0 4 -60 18 0 0 1 20 0 1 0 1
0 4 -52 18 0 0 1 20 0 1 0 1
0 4 -52 35 0 0 1 20 0 1 0 1
phys
0 4 -60 18 0 0 1 20 0 1 0 1
0 4 -52 35 0 0 1 20 0 1 0 1
0 4 -60 35 0 0 1 20 0 1 0 1
phys
0 -4 -60 35 0 0 1 20 0 1 0 1
0 -4 -52 35 0 0 1 20 0 1 0 1
0 -4 -52 18 0 0 1 20 0 1 0 1
phys
0 -4 -60 35 0 0 1 20 0 1 0 1
0 -4 -52 18 0 0 1 20 0 1 0 1
0 -4 -60 18 0 0 1 20 0 1 0 1
phys
0 6 -62 35 0 0 1 21 0 1 0 1
0 -6 -62 35 0 0 1 21 0 1 0 1
0 -6 -50 35 0 0 1 21 0 1 0 1
phys
0 6 -62 35 0 0 1 21 0 1 0 1
0 -6 -50 35 0 0 1 21 0 1 0 1
0 6 -50 35 0 0 1 21 0 1 0 1
phys
0 -6 -62 37 0 0 1 21 0 1 0 1
0 6 -62 37 0 0 1 21 0 1 0 1
0 6 -50 37 0 0 1 21 0 1 0 1
phys
0 -6 -62 37 0 0 1 21 0 1 0 1
0 6 -50 37 0 0 1 21 0 1 0 1
0 -6 -50 37 0 0 1 21 0 1 0 1
phys
0 6 -50 35 0 0 1 21 0 1 0 1
0 -6 -50 35 0 0 1 21 0 1 0 1
0 -6 -50 37 0 0 1 21 0 1 0 1
phys
0 6 -50 35 0 0 1 21 0 1 0 1
0 -6 -50 37 0 0 1 21 0 1 0 1
0 6 -50 37 0 0 1 21 0 1 0 1
phys
0 6 -62 37 0 0 1 21 0 1 0 1
0 -6 -62 37 0 0 1 21 0 1 0 1
0 -6 -62 35 0 0 1 21 0 1 0 1
phys
0 6 -62 37 0 0 1 21 0 1 0 1
0 -6 -62 35 0 0 1 21 0 1 0 1
0 6 -62 35 0 0 1 21 0 1 0 1
phys
0 6 -62 35 0 0 1 21 0 1 0 1
0 6 -50 35 0 0 1 21 0 1 0 1
0 6 -50 37 0 0 1 21 0 1 0 1
phys
0 6 -62 35 0 0 1 21 0 1 0 1
0 6 -50 37 0 0 1 21 0 1 0 1
0 6 -62 37 0 0 1 21 0 1 0 1
phys
0 -6 -62 37 0 0 1 21 0 1 0 1
0 -6 -50 37 0 0 1 21 0 1 0 1
0 -6 -50 35 0 0 1 21 0 1 0 1
phys
0 -6 -62 37 0 0 1 21 0 1 0 1
0 -6 -50 35 0 0 1 21 0 1 0 1
0 -6 -62 35 0 0 1 21 0 1 0 1
phys
0 8 -48 37 0 0 1 22 0 1 0 1
0 -8 -48 37 0 0 1 22 0 1 0 1
0 -8 -32 37 0 0 1 22 0 1 0 1
phys
0 8 -48 37 0 0 1 22 0 1 0 1
0 -8 -32 37 0 0 1 22 0 1 0 1
0 8 -32 37 0 0 1 22 0 1 0 1
phys
0 -8 -48 41 0 0 1 22 0 1 0 1
0 8 -48 41 0 0 1 22 0 1 0 1
0 8 -32 41 0 0 1 22 0 1 0 1
phys
0 -8 -48 41 0 0 1 22 0 1 0 1
0 8 -32 41 0 0 1 22 0 1 0 1
0 -8 -32 41 0 0 1 22 0 1 0 1
phys
0 8 -32 37 0 0 1 22 0 1 0 1
0 -8 -32 37 0 0 1 22 0 1 0 1
0 -8 -32 41 0 0 1 22 0 1 0 1
phys
0 8 -32 37 0 0 1 22 0 1 0 1
0 -8 -32 41 0 0 1 22 0 1 0 1
0 8 -32 41 0 0 1 22 0 1 0 1
phys
0 8 -48 41 0 0 1 22 0 1 0 1
0 -8 -48 41 0 0 1 22 0 1 0 1
0 -8 -48 37 0 0 1 22 0 1 0 1
phys
0 8 -48 41 0 0 1 22 0 1 0 1
0 -8 -48 37 0 0 1 22 0 1 0 1
0 8 -48 37 0 0 1 22 0 1 0 1
phys
0 8 -48 37 0 0 1 22 0 1 0 1
0 8 -32 37 0 0 1 22 0 1 0 1
0 8 -32 41 0 0 1 22 0 1 0 1
phys
0 8 -48 37 0 0 1 22 0 1 0 1
0 8 -32 41 0 0 1 22 0 1 0 1
0 8 -48 41 0 0 1 22 0 1 0 1
phys
0 -8 -48 41 0 0 1 22 0 1 0 1
0 -8 -32 41 0 0 1 22 0 1 0 1
0 -8 -32 37 0 0 1 22 0 1 0 1
phys
0 -8 -48 41 0 0 1 22 0 1 0 1
0 -8 -32 37 0 0 1 22 0 1 0 1
0 -8 -48 37 0 0 1 22 0 1 0 1
phys
0 -4 -44 35 0 0 1 23 0 1 0 1
0 4 -44 35 0 0 1 23 0 1 0 1
0 4 -36 35 0 0 1 23 0 1 0 1
phys
0 -4 -44 35 0 0 1 23 0 1 0 1
0 4 -36 35 0 0 1 23 0 1 0 1
0 -4 -36 35 0 0 1 23 0 1 0 1
phys
0 4 -44 18 0 0 1 23 0 1 0 1
0 -4 -44 18 0 0 1 23 0 1 0 1
0 -4 -36 18 0 0 1 23 0 1 0 1
phys
0 4 -44 18 0 0 1 23 0 1 0 1
0 -4 -36 18 0 0 1 23 0 1 0 1
0 4 -36 18 0 0 1 23 0 1 0 1
phys
0 4 -36 18 0 0 1 23 0 1 0 1
0 -4 -36 18 0 0 1 23 0 1 0 1
0 -4 -36 35 0 0 1 23 0 1 0 1
phys
0 4 -36 18 0 0 1 23 0 1 0 1
0 -4 -36 35 0 0 1 23 0 1 0 1
0 4 -36 35 0 0 1 23 0 1 0 1
phys
0 4 -44 35 0 0 1 23 0 1 0 1
0 -4 -44 35 0 0 1 23 0 1 0 1
0 -4 -44 18 0 0 1 23 0 1 0 1
phys
0 4 -44 35 0 0 1 23 0 1 0 1
0 -4 -44 18 0 0 1 23 0 1 0 1
0 4 -44 18 0 0 1 23 0 1 0 1
phys
0 4 -44 18 0 0 1 23 0 1 0 1
0 4 -36 18 0 0 1 23 0 1 0 1
0 4 -36 35 0 0 1 23 0 1 0 1
phys
0 4 -44 18 0 0 1 23 0 1 0 1
0 4 -36 35 0 0 1 23 0 1 0 1
0 4 -44 35 0 0 1 23 0 1 0 1
phys
0 -4 -44 35 0 0 1 23 0 1 0 1
0 -4 -36 35 0 0 1 23 0 1 0 1
0 -4 -36 18 0 0 1 23 0 1 0 1
phys
0 -4 -44 35 0 0 1 23 0 1 0 1
0 -4 -36 18 0 0 1 23 0 1 0 1
0 -4 -44 18 0 0 1 23 0 1 0 1
phys
0 6 -46 35 0 0 1 24 0 1 0 1
0 -6 -46 35 0 0 1 24 0 1 0 1
0 -6 -34 35 0 0 1 24 0 1 0 1
phys
0 6 -46 35 0 0 1 24 0 1 0 1
0 -6 -34 35 0 0 1 24 0 1 0 1
0 6 -34 35 0 0 1 24 0 1 0 1
phys
0 -6 -46 37 0 0 1 24 0 1 0 1
0 6 -46 37 0 0 1 24 0 1 0 1
0 6 -34 37 0 0 1 24 0 1 0 1
phys
0 -6 -46 37 0 0 1 24 0 1 0 1
0 6 -34 37 0 0 1 24 0 1 0 1
0 -6 -34 37 0 0 1 24 0 1 0 1
phys
0 6 -34 35 0 0 1 24 0 1 0 1
0 -6 -34 35 0 0 1 24 0 1 0 1
0 -6 -34 37 0 0 1 24 0 1 0 1
phys
0 6 -34 35 0 0 1 24 0 1 0 1
0 -6 -34 37 0 0 1 24 0 1 0 1
0 6 -34 37 0 0 1 24 0 1 0 1
phys
0 6 -46 37 0 0 1 24 0 1 0 1
0 -6 -46 37 0 0 1 24 0 1 0 1
0 -6 -46 35 0 0 1 24 0 1 0 1
phys
0 6 -46 37 0 0 1 24 0 1 0 1
0 -6 -46 35 0 0 1 24 0 1 0 1
0 6 -46 35 0 0 1 24 0 1 0 1
phys
0 6 -46 35 0 0 1 24 0 1 0 1
0 6 -34 35 0 0 1 24 0 1 0 1
0 6 -34 37 0 0 1 24 0 1 0 1
phys
0 6 -46 35 0 0 1 24 0 1 0 1
0 6 -34 37 0 0 1 24 0 1 0 1
0 6 -46 37 0 0 1 24 0 1 0 1
phys
0 -6 -46 37 0 0 1 24 0 1 0 1
0 -6 -34 37 0 0 1 24 0 1 0 1
0 -6 -34 35 0 0 1 24 0 1 0 1
phys
0 -6 -46 37 0 0 1 24 0 1 0 1
0 -6 -34 35 0 0 1 24 0 1 0 1
0 -6 -46 35 0 0 1 24 0 1 0 1
phys
0 6 -46 16 0 0 1 25 0 1 0 1
0 -6 -46 16 0 0 1 25 0 1 0 1
0 -6 -34 16 0 0 1 25 0 1 0 1
phys
0 6 -46 16 0 0 1 25 0 1 0 1
0 -6 -34 16 0 0 1 25 0 1 0 1
0 6 -34 16 0 0 1 25 0 1 0 1
phys
0 -6 -46 18 0 0 1 25 0 1 0 1
0 6 -46 18 0 0 1 25 0 1 0 1
0 6 -34 18 0 0 1 25 0 1 0 1
phys
0 -6 -46 18 0 0 1 25 0 1 0 1
0 6 -34 18 0 0 1 25 0 1 0 1
0 -6 -34 18 0 0 1 25 0 1 0 1
phys
0 6 -34 16 0 0 1 25 0 1 0 1
0 -6 -34 16 0 0 1 25 0 1 0 1
0 -6 -34 18 0 0 1 25 0 1 0 1
phys
0 6 -34 16 0 0 1 25 0 1 0 1
0 -6 -34 18 0 0 1 25 0 1 0 1
0 6 -34 18 0 0 1 25 0 1 0 1
phys
0 6 -46 18 0 0 1 25 0 1 0 1
0 -6 -46 18 0 0 1 25 0 1 0 1
0 -6 -46 16 0 0 1 25 0 1 0 1
phys
0 6 -46 18 0 0 1 25 0 1 0 1
0 -6 -46 16 0 0 1 25 0 1 0 1
0 6 -46 16 0 0 1 25 0 1 0 1
phys
0 6 -46 16 0 0 1 25 0 1 0 1
0 6 -34 16 0 0 1 25 0 1 0 1
0 6 -34 18 0 0 1 25 0 1 0 1
phys
0 6 -46 16 0 0 1 25 0 1 0 1
0 6 -34 18 0 0 1 25 0 1 0 1
0 6 -46 18 0 0 1 25 0 1 0 1
phys
0 -6 -46 18 0 0 1 25 0 1 0 1
0 -6 -34 18 0 0 1 25 0 1 0 1
0 -6 -34 16 0 0 1 25 0 1 0 1
phys
0 -6 -46 18 0 0 1 25 0 1 0 1
0 -6 -34 16 0 0 1 25 0 1 0 1
0 -6 -46 16 0 0 1 25 0 1 0 1
phys
0 8 -48 12 0 0 1 26 0 1 0 1
0 -8 -48 12 0 0 1 26 0 1 0 1
0 -8 -32 12 0 0 1 26 0 1 0 1
phys
0 8 -48 12 0 0 1 26 0 1 0 1
0 -8 -32 12 0 0 1 26 0 1 0 1
0 8 -32 12 0 0 1 26 0 1 0 1
phys
0 -8 -48 16 0 0 1 26 0 1 0 1
0 8 -48 16 0 0 1 26 0 1 0 1
0 8 -32 16 0 0 1 26 0 1 0 1
phys
0 -8 -48 16 0 0 1 26 0 1 0 1
0 8 -32 16 0 0 1 26 0 1 0 1
0 -8 -32 16 0 0 1 26 0 1 0 1
phys
0 8 -32 12 0 0 1 26 0 1 0 1
0 -8 -32 12 0 0 1 26 0 1 0 1
0 -8 -32 16 0 0 1 26 0 1 0 1
phys
0 8 -32 12 0 0 1 26 0 1 0 1
0 -8 -32 16 0 0 1 26 0 1 0 1
0 8 -32 16 0 0 1 26 0 1 0 1
phys
0 8 -48 16 0 0 1 26 0 1 0 1
0 -8 -48 16 0 0 1 26 0 1 0 1
0 -8 -48 12 0 0 1 26 0 1 0 1
phys
0 8 -48 16 0 0 1 26 0 1 0 1
0 -8 -48 12 0 0 1 26 0 1 0 1
0 8 -48 12 0 0 1 26 0 1 0 1
phys
0 8 -48 12 0 0 1 26 0 1 0 1
0 8 -32 12 0 0 1 26 0 1 0 1
0 8 -32 16 0 0 1 26 0 1 0 1
phys
0 8 -48 12 0 0 1 26 0 1 0 1
0 8 -32 16 0 0 1 26 0 1 0 1
0 8 -48 16 0 0 1 26 0 1 0 1
phys
0 -8 -48 16 0 0 1 26 0 1 0 1
0 -8 -32 16 0 0 1 26 0 1 0 1
0 -8 -32 12 0 0 1 26 0 1 0 1
phys
0 -8 -48 16 0 0 1 26 0 1 0 1
0 -8 -32 12 0 0 1 26 0 1 0 1
0 -8 -48 12 0 0 1 26 0 1 0 1
phys
0 8 -32 37 0 0 1 27 0 1 0 1
0 -8 -32 37 0 0 1 27 0 1 0 1
0 -8 -16 37 0 0 1 27 0 1 0 1
phys
0 8 -32 37 0 0 1 27 0 1 0 1
0 -8 -16 37 0 0 1 27 0 1 0 1
0 8 -16 37 0 0 1 27 0 1 0 1
phys
0 -8 -32 41 0 0 1 27 0 1 0 1
0 8 -32 41 0 0 1 27 0 1 0 1
0 8 -16 41 0 0 1 27 0 1 0 1
phys
0 -8 -32 41 0 0 1 27 0 1 0 1
0 8 -16 41 0 0 1 27 0 1 0 1
0 -8 -16 41 0 0 1 27 0 1 0 1
phys
0 8 -16 37 0 0 1 27 0 1 0 1
0 -8 -16 37 0 0 1 27 0 1 0 1
0 -8 -16 41 0 0 1 27 0 1 0 1
phys
0 8 -16 37 0 0 1 27 0 1 0 1
0 -8 -16 41 0 0 1 27 0 1 0 1
0 8 -16 41 0 0 1 27 0 1 0 1
phys
0 8 -32 41 0 0 1 27 0 1 0 1
0 -8 -32 41 0 0 1 27 0 1 0 1
0 -8 -32 37 0 0 1 27 0 1 0 1
phys
0 8 -32 41 0 0 1 27 0 1 0 1
0 -8 -32 37 0 0 1 27 0 1 0 1
0 8 -32 37 0 0 1 27 0 1 0 1
phys
0 8 -32 37 0 0 1 27 0 1 0 1
0 8 -16 37 0 0 1 27 0 1 0 1
0 8 -16 41 0 0 1 27 0 1 0 1
phys
0 8 -32 37 0 0 1 27 0 1 0 1
0 8 -16 41 0 0 1 27 0 1 0 1
0 8 -32 41 0 0 1 27 0 1 0 1
phys
0 -8 -32 41 0 0 1 27 0 1 0 1
0 -8 -16 41 0 0 1 27 0 1 0 1
0 -8 -16 37 0 0 1 27 0 1 0 1
phys
0 -8 -32 41 0 0 1 27 0 1 0 1
0 -8 -16 37 0 0 1 27 0 1 0 1
0 -8 -32 37 0 0 1 27 0 1 0 1
phys
0 6 -30 16 0 0 1 28 0 1 0 1
0 -6 -30 16 0 0 1 28 0 1 0 1
0 -6 -18 16 0 0 1 28 0 1 0 1
phys
0 6 -30 16 0 0 1 28 0 1 0 1
0 -6 -18 16 0 0 1 28 0 1 0 1
0 6 -18 16 0 0 1 28 0 1 0 1
phys
0 -6 -30 18 0 0 1 28 0 1 0 1
0 6 -30 18 0 0 1 28 0 1 0 1
0 6 -18 18 0 0 1 28 0 1 0 1
phys
0 -6 -30 18 0 0 1 28 0 1 0 1
0 6 -18 18 0 0 1 28 0 1 0 1
0 -6 -18 18 0 0 1 28 0 1 0 1
phys
0 6 -18 16 0 0 1 28 0 1 0 1
0 -6 -18 16 0 0 1 28 0 1 0 1
0 -6 -18 18 0 0 1 28 0 1 0 1
phys
0 6 -18 16 0 0 1 28 0 1 0 1
0 -6 -18 18 0 0 1 28 0 1 0 1
0 6 -18 18 0 0 1 28 0 1 0 1
phys
0 6 -30 18 0 0 1 28 0 1 0 1
0 -6 -30 18 0 0 1 28 0 1 0 1
0 -6 -30 16 0 0 1 28 0 1 0 1
phys
0 6 -30 18 0 0 1 28 0 1 0 1
0 -6 -30 16 0 0 1 28 0 1 0 1
0 6 -30 16 0 0 1 28 0 1 0 1
phys
0 6 -30 16 0 0 1 28 0 1 0 1
0 6 -18 16 0 0 1 28 0 1 0 1
0 6 -18 18 0 0 1 28 0 1 0 1
phys
0 6 -30 16 0 0 1 28 0 1 0 1
0 6 -18 18 0 0 1 28 0 1 0 1
0 6 -30 18 0 0 1 28 0 1 0 1
phys
0 -6 -30 18 0 0 1 28 0 1 0 1
0 -6 -18 18 0 0 1 28 0 1 0 1
0 -6 -18 16 0 0 1 28 0 1 0 1
phys
0 -6 -30 18 0 0 1 28 0 1 0 1
0 -6 -18 16 0 0 1 28 0 1 0 1
0 -6 -30 16 0 0 1 28 0 1 0 1
phys
0 8 -32 12 0 0 1 29 0 1 0 1
0 -8 -32 12 0 0 1 29 0 1 0 1
0 -8 -16 12 0 0 1 29 0 1 0 1
phys
0 8 -32 12 0 0 1 29 0 1 0 1
0 -8 -16 12 0 0 1 29 0 1 0 1
0 8 -16 12 0 0 1 29 0 1 0 1
phys
0 -8 -32 16 0 0 1 29 0 1 0 1
0 8 -32 16 0 0 1 29 0 1 0 1
0 8 -16 16 0 0 1 29 0 1 0 1
phys
0 -8 -32 16 0 0 1 29 0 1 0 1
0 8 -16 16 0 0 1 29 0 1 0 1
0 -8 -16 16 0 0 1 29 0 1 0 1
phys
0 8 -16 12 0 0 1 29 0 1 0 1
0 -8 -16 12 0 0 1 29 0 1 0 1
0 -8 -16 16 0 0 1 29 0 1 0 1
phys
0 8 -16 12 0 0 1 29 0 1 0 1
0 -8 -16 16 0 0 1 29 0 1 0 1
0 8 -16 16 0 0 1 29 0 1 0 1
phys
0 8 -32 16 0 0 1 29 0 1 0 1
0 -8 -32 16 0 0 1 29 0 1 0 1
0 -8 -32 12 0 0 1 29 0 1 0 1
phys
0 8 -32 16 0 0 1 29 0 1 0 1
0 -8 -32 12 0 0 1 29 0 1 0 1
0 8 -32 12 0 0 1 29 0 1 0 1
phys
0 8 -32 12 0 0 1 29 0 1 0 1
0 8 -16 12 0 0 1 29 0 1 0 1
0 8 -16 16 0 0 1 29 0 1 0 1
phys
0 8 -32 12 0 0 1 29 0 1 0 1
0 8 -16 16 0 0 1 29 0 1 0 1
0 8 -32 16 0 0 1 29 0 1 0 1
phys
0 -8 -32 16 0 0 1 29 0 1 0 1
0 -8 -16 16 0 0 1 29 0 1 0 1
0 -8 -16 12 0 0 1 29 0 1 0 1
phys
0 -8 -32 16 0 0 1 29 0 1 0 1
0 -8 -16 12 0 0 1 29 0 1 0 1
0 -8 -32 12 0 0 1 29 0 1 0 1
phys
0 -4 -28 35 0 0 1 30 0 1 0 1
0 4 -28 35 0 0 1 30 0 1 0 1
0 4 -20 35 0 0 1 30 0 1 0 1
phys
0 -4 -28 35 0 0 1 30 0 1 0 1
0 4 -20 35 0 0 1 30 0 1 0 1
0 -4 -20 35 0 0 1 30 0 1 0 1
phys
0 4 -28 18 0 0 1 30 0 1 0 1
0 -4 -28 18 0 0 1 30 0 1 0 1
0 -4 -20 18 0 0 1 30 0 1 0 1
phys
0 4 -28 18 0 0 1 30 0 1 0 1
0 -4 -20 18 0 0 1 30 0 1 0 1
0 4 -20 18 0 0 1 30 0 1 0 1
phys
0 4 -20 18 0 0 1 30 0 1 0 1
0 -4 -20 18 0 0 1 30 0 1 0 1
0 -4 -20 35 0 0 1 30 0 1 0 1
phys
0 4 -20 18 0 0 1 30 0 1 0 1
0 -4 -20 35 0 0 1 30 0 1 0 1
0 4 -20 35 0 0 1 30 0 1 0 1
phys
0 4 -28 35 0 0 1 30 0 1 0 1
0 -4 -28 35 0 0 1 30 0 1 0 1
0 -4 -28 18 0 0 1 30 0 1 0 1
phys
0 4 -28 35 0 0 1 30 0 1 0 1
0 -4 -28 18 0 0 1 30 0 1 0 1
0 4 -28 18 0 0 1 30 0 1 0 1
phys
0 4 -28 18 0 0 1 30 0 1 0 1
0 4 -20 18 0 0 1 30 0 1 0 1
0 4 -20 35 0 0 1 30 0 1 0 1
phys
0 4 -28 18 0 0 1 30 0 1 0 1
0 4 -20 35 0 0 1 30 0 1 0 1
0 4 -28 35 0 0 1 30 0 1 0 1
phys
0 -4 -28 35 0 0 1 30 0 1 0 1
0 -4 -20 35 0 0 1 30 0 1 0 1
0 -4 -20 18 0 0 1 30 0 1 0 1
phys
0 -4 -28 35 0 0 1 30 0 1 0 1
0 -4 -20 18 0 0 1 30 0 1 0 1
0 -4 -28 18 0 0 1 30 0 1 0 1
phys
0 6 -30 35 0 0 1 31 0 1 0 1
0 -6 -30 35 0 0 1 31 0 1 0 1
0 -6 -18 35 0 0 1 31 0 1 0 1
phys
0 6 -30 35 0 0 1 31 0 1 0 1
0 -6 -18 35 0 0 1 31 0 1 0 1
0 6 -18 35 0 0 1 31 0 1 0 1
phys
0 -6 -30 37 0 0 1 31 0 1 0 1
0 6 -30 37 0 0 1 31 0 1 0 1
0 6 -18 37 0 0 1 31 0 1 0 1
phys
0 -6 -30 37 0 0 1 31 0 1 0 1
0 6 -18 37 0 0 1 31 0 1 0 1
0 -6 -18 37 0 0 1 31 0 1 0 1
phys
0 6 -18 35 0 0 1 31 0 1 0 1
0 -6 -18 35 0 0 1 31 0 1 0 1
0 -6 -18 37 0 0 1 31 0 1 0 1
phys
0 6 -18 35 0 0 1 31 0 1 0 1
0 -6 -18 37 0 0 1 31 0 1 0 1
0 6 -18 37 0 0 1 31 0 1 0 1
phys
0 6 -30 37 0 0 1 31 0 1 0 1
0 -6 -30 37 0 0 1 31 0 1 0 1
0 -6 -30 35 0 0 1 31 0 1 0 1
phys
0 6 -30 37 0 0 1 31 0 1 0 1
0 -6 -30 35 0 0 1 31 0 1 0 1
0 6 -30 35 0 0 1 31 0 1 0 1
phys
0 6 -30 35 0 0 1 31 0 1 0 1
0 6 -18 35 0 0 1 31 0 1 0 1
0 6 -18 37 0 0 1 31 0 1 0 1
phys
0 6 -30 35 0 0 1 31 0 1 0 1
0 6 -18 37 0 0 1 31 0 1 0 1
0 6 -30 37 0 0 1 31 0 1 0 1
phys
0 -6 -30 37 0 0 1 31 0 1 0 1
0 -6 -18 37 0 0 1 31 0 1 0 1
0 -6 -18 35 0 0 1 31 0 1 0 1
phys
0 -6 -30 37 0 0 1 31 0 1 0 1
0 -6 -18 35 0 0 1 31 0 1 0 1
0 -6 -30 35 0 0 1 31 0 1 0 1
phys
0 8 -16 37 0 0 1 32 0 1 0 1
0 -8 -16 37 0 0 1 32 0 1 0 1
0 -8 0 37 0 0 1 32 0 1 0 1
phys
0 8 -16 37 0 0 1 32 0 1 0 1
0 -8 0 37 0 0 1 32 0 1 0 1
0 8 0 37 0 0 1 32 0 1 0 1
phys
0 -8 -16 41 0 0 1 32 0 1 0 1
0 8 -16 41 0 0 1 32 0 1 0 1
0 8 0 41 0 0 1 32 0 1 0 1
phys
0 -8 -16 41 0 0 1 32 0 1 0 1
0 8 0 41 0 0 1 32 0 1 0 1
0 -8 0 41 0 0 1 32 0 1 0 1
phys
0 8 0 37 0 0 1 32 0 1 0 1
0 -8 0 37 0 0 1 32 0 1 0 1
0 -8 0 41 0 0 1 32 0 1 0 1
phys
0 8 0 37 0 0 1 32 0 1 0 1
0 -8 0 41 0 0 1 32 0 1 0 1
0 8 0 41 0 0 1 32 0 1 0 1
phys
0 8 -16 41 0 0 1 32 0 1 0 1
0 -8 -16 41 0 0 1 32 0 1 0 1
0 -8 -16 37 0 0 1 32 0 1 0 1
phys
0 8 -16 41 0 0 1 32 0 1 0 1
0 -8 -16 37 0 0 1 32 0 1 0 1
0 8 -16 37 0 0 1 32 0 1 0 1
phys
0 8 -16 37 0 0 1 32 0 1 0 1
0 8 0 37 0 0 1 32 0 1 0 1
0 8 0 41 0 0 1 32 0 1 0 1
phys
0 8 -16 37 0 0 1 32 0 1 0 1
0 8 0 41 0 0 1 32 0 1 0 1
0 8 -16 41 0 0 1 32 0 1 0 1
phys
0 -8 -16 41 0 0 1 32 0 1 0 1
0 -8 0 41 0 0 1 32 0 1 0 1
0 -8 0 37 0 0 1 32 0 1 0 1
phys
0 -8 -16 41 0 0 1 32 0 1 0 1
0 -8 0 37 0 0 1 32 0 1 0 1
0 -8 -16 37 0 0 1 32 0 1 0 1
phys
0 -4 -12 35 0 0 1 33 0 1 0 1
0 4 -12 35 0 0 1 33 0 1 0 1
0 4 -4 35 0 0 1 33 0 1 0 1
phys
0 -4 -12 35 0 0 1 33 0 1 0 1
0 4 -4 35 0 0 1 33 0 1 0 1
0 -4 -4 35 0 0 1 33 0 1 0 1
phys
0 4 -12 18 0 0 1 33 0 1 0 1
0 -4 -12 18 0 0 1 33 0 1 0 1
0 -4 -4 18 0 0 1 33 0 1 0 1
phys
0 4 -12 18 0 0 1 33 0 1 0 1
0 -4 -4 18 0 0 1 33 0 1 0 1
0 4 -4 18 0 0 1 33 0 1 0 1
phys
0 4 -4 18 0 0 1 33 0 1 0 1
0 -4 -4 18 0 0 1 33 0 1 0 1
0 -4 -4 35 0 0 1 33 0 1 0 1
phys
0 4 -4 18 0 0 1 33 0 1 0 1
0 -4 -4 35 0 0 1 33 0 1 0 1
0 4 -4 35 0 0 1 33 0 1 0 1
phys
0 4 -12 35 0 0 1 33 0 1 0 1
0 -4 -12 35 0 0 1 33 0 1 0 1
0 -4 -12 18 0 0 1 33 0 1 0 1
phys
0 4 -12 35 0 0 1 33 0 1 0 1
0 -4 -12 18 0 0 1 33 0 1 0 1
0 4 -12 18 0 0 1 33 0 1 0 1
phys
0 4 -12 18 0 0 1 33 0 1 0 1
0 4 -4 18 0 0 1 33 0 1 0 1
0 4 -4 35 0 0 1 33 0 1 0 1
phys
0 4 -12 18 0 0 1 33 0 1 0 1
0 4 -4 35 0 0 1 33 0 1 0 1
0 4 -12 35 0 0 1 33 0 1 0 1
phys
0 -4 -12 35 0 0 1 33 0 1 0 1
0 -4 -4 35 0 0 1 33 0 1 0 1
0 -4 -4 18 0 0 1 33 0 1 0 1
phys
0 -4 -12 35 0 0 1 33 0 1 0 1
0 -4 -4 18 0 0 1 33 0 1 0 1
0 -4 -12 18 0 0 1 33 0 1 0 1
phys
0 6 -14 35 0 0 1 34 0 1 0 1
0 -6 -14 35 0 0 1 34 0 1 0 1
0 -6 -2 35 0 0 1 34 0 1 0 1
phys
0 6 -14 35 0 0 1 34 0 1 0 1
0 -6 -2 35 0 0 1 34 0 1 0 1
0 6 -2 35 0 0 1 34 0 1 0 1
phys
0 -6 -14 37 0 0 1 34 0 1 0 1
0 6 -14 37 0 0 1 34 0 1 0 1
0 6 -2 37 0 0 1 34 0 1 0 1
phys
0 -6 -14 37 0 0 1 34 0 1 0 1
0 6 -2 37 0 0 1 34 0 1 0 1
0 -6 -2 37 0 0 1 34 0 1 0 1
phys
0 6 -2 35 0 0 1 34 0 1 0 1
0 -6 -2 35 0 0 1 34 0 1 0 1
0 -6 -2 37 0 0 1 34 0 1 0 1
phys
0 6 -2 35 0 0 1 34 0 1 0 1
0 -6 -2 37 0 0 1 34 0 1 0 1
0 6 -2 37 0 0 1 34 0 1 0 1
phys
0 6 -14 37 0 0 1 34 0 1 0 1
0 -6 -14 37 0 0 1 34 0 1 0 1
0 -6 -14 35 0 0 1 34 0 1 0 1
phys
0 6 -14 37 0 0 1 34 0 1 0 1
0 -6 -14 35 0 0 1 34 0 1 0 1
0 6 -14 35 0 0 1 34 0 1 0 1
phys
0 6 -14 35 0 0 1 34 0 1 0 1
0 6 -2 35 0 0 1 34 0 1 0 1
0 6 -2 37 0 0 1 34 0 1 0 1
phys
0 6 -14 35 0 0 1 34 0 1 0 1
0 6 -2 37 0 0 1 34 0 1 0 1
0 6 -14 37 0 0 1 34 0 1 0 1
phys
0 -6 -14 37 0 0 1 34 0 1 0 1
0 -6 -2 37 0 0 1 34 0 1 0 1
0 -6 -2 35 0 0 1 34 0 1 0 1
phys
0 -6 -14 37 0 0 1 34 0 1 0 1
0 -6 -2 35 0 0 1 34 0 1 0 1
0 -6 -14 35 0 0 1 34 0 1 0 1
phys
0 6 -14 16 0 0 1 35 0 1 0 1
0 -6 -14 16 0 0 1 35 0 1 0 1
0 -6 -2 16 0 0 1 35 0 1 0 1
phys
0 6 -14 16 0 0 1 35 0 1 0 1
0 -6 -2 16 0 0 1 35 0 1 0 1
0 6 -2 16 0 0 1 35 0 1 0 1
phys
0 -6 -14 18 0 0 1 35 0 1 0 1
0 6 -14 18 0 0 1 35 0 1 0 1
0 6 -2 18 0 0 1 35 0 1 0 1
phys
0 -6 -14 18 0 0 1 35 0 1 0 1
0 6 -2 18 0 0 1 35 0 1 0 1
0 -6 -2 18 0 0 1 35 0 1 0 1
phys
0 6 -2 16 0 0 1 35 0 1 0 1
0 -6 -2 16 0 0 1 35 0 1 0 1
0 -6 -2 18 0 0 1 35 0 1 0 1
phys
0 6 -2 16 0 0 1 35 0 1 0 1
0 -6 -2 18 0 0 1 35 0 1 0 1
0 6 -2 18 0 0 1 35 0 1 0 1
phys
0 6 -14 18 0 0 1 35 0 1 0 1
0 -6 -14 18 0 0 1 35 0 1 0 1
0 -6 -14 16 0 0 1 35 0 1 0 1
phys
0 6 -14 18 0 0 1 35 0 1 0 1
0 -6 -14 16 0 0 1 35 0 1 0 1
0 6 -14 16 0 0 1 35 0 1 0 1
phys
0 6 -14 16 0 0 1 35 0 1 0 1
0 6 -2 16 0 0 1 35 0 1 0 1
0 6 -2 18 0 0 1 35 0 1 0 1
phys
0 6 -14 16 0 0 1 35 0 1 0 1
0 6 -2 18 0 0 1 35 0 1 0 1
0 6 -14 18 0 0 1 35 0 1 0 1
phys
0 -6 -14 18 0 0 1 35 0 1 0 1
0 -6 -2 18 0 0 1 35 0 1 0 1
0 -6 -2 16 0 0 1 35 0 1 0 1
phys
0 -6 -14 18 0 0 1 35 0 1 0 1
0 -6 -2 16 0 0 1 35 0 1 0 1
0 -6 -14 16 0 0 1 35 0 1 0 1
phys
0 8 -16 12 0 0 1 36 0 1 0 1
0 -8 -16 12 0 0 1 36 0 1 0 1
0 -8 0 12 0 0 1 36 0 1 0 1
phys
0 8 -16 12 0 0 1 36 0 1 0 1
0 -8 0 12 0 0 1 36 0 1 0 1
0 8 0 12 0 0 1 36 0 1 0 1
phys
0 -8 -16 16 0 0 1 36 0 1 0 1
0 8 -16 16 0 0 1 36 0 1 0 1
0 8 0 16 0 0 1 36 0 1 0 1
phys
0 -8 -16 16 0 0 1 36 0 1 0 1
0 8 0 16 0 0 1 36 0 1 0 1
0 -8 0 16 0 0 1 36 0 1 0 1
phys
0 8 0 12 0 0 1 36 0 1 0 1
0 -8 0 12 0 0 1 36 0 1 0 1
0 -8 0 16 0 0 1 36 0 1 0 1
phys
0 8 0 12 0 0 1 36 0 1 0 1
0 -8 0 16 0 0 1 36 0 1 0 1
0 8 0 16 0 0 1 36 0 1 0 1
phys
0 8 -16 16 0 0 1 36 0 1 0 1
0 -8 -16 16 0 0 1 36 0 1 0 1
0 -8 -16 12 0 0 1 36 0 1 0 1
phys
0 8 -16 16 0 0 1 36 0 1 0 1
0 -8 -16 12 0 0 1 36 0 1 0 1
0 8 -16 12 0 0 1 36 0 1 0 1
phys
0 8 -16 12 0 0 1 36 0 1 0 1
0 8 0 12 0 0 1 36 0 1 0 1
0 8 0 16 0 0 1 36 0 1 0 1
phys
0 8 -16 12 0 0 1 36 0 1 0 1
0 8 0 16 0 0 1 36 0 1 0 1
0 8 -16 16 0 0 1 36 0 1 0 1
phys
0 -8 -16 16 0 0 1 36 0 1 0 1
0 -8 0 16 0 0 1 36 0 1 0 1
0 -8 0 12 0 0 1 36 0 1 0 1
phys
0 -8 -16 16 0 0 1 36 0 1 0 1
0 -8 0 12 0 0 1 36 0 1 0 1
0 -8 -16 12 0 0 1 36 0 1 0 1
phys
0 8 0 37 0 0 1 37 0 1 0 1
0 -8 0 37 0 0 1 37 0 1 0 1
0 -8 16 37 0 0 1 37 0 1 0 1
phys
0 8 0 37 0 0 1 37 0 1 0 1
0 -8 16 37 0 0 1 37 0 1 0 1
0 8 16 37 0 0 1 37 0 1 0 1
phys
0 -8 0 41 0 0 1 37 0 1 0 1
0 8 0 41 0 0 1 37 0 1 0 1
0 8 16 41 0 0 1 37 0 1 0 1
phys
0 -8 0 41 0 0 1 37 0 1 0 1
0 8 16 41 0 0 1 37 0 1 0 1
0 -8 16 41 0 0 1 37 0 1 0 1
phys
0 8 16 37 0 0 1 37 0 1 0 1
0 -8 16 37 0 0 1 37 0 1 0 1
0 -8 16 41 0 0 1 37 0 1 0 1
phys
0 8 16 37 0 0 1 37 0 1 0 1
0 -8 16 41 0 0 1 37 0 1 0 1
0 8 16 41 0 0 1 37 0 1 0 1
phys
0 8 0 41 0 0 1 37 0 1 0 1
0 -8 0 41 0 0 1 37 0 1 0 1
0 -8 0 37 0 0 1 37 0 1 0 1
phys
0 8 0 41 0 0 1 37 0 1 0 1
0 -8 0 37 0 0 1 37 0 1 0 1
0 8 0 37 0 0 1 37 0 1 0 1
phys
0 8 0 37 0 0 1 37 0 1 0 1
0 8 16 37 0 0 1 37 0 1 0 1
0 8 16 41 0 0 1 37 0 1 0 1
phys
0 8 0 37 0 0 1 37 0 1 0 1
0 8 16 41 0 0 1 37 0 1 0 1
0 8 0 41 0 0 1 37 0 1 0 1
phys
0 -8 0 41 0 0 1 37 0 1 0 1
0 -8 16 41 0 0 1 37 0 1 0 1
0 -8 16 37 0 0 1 37 0 1 0 1
phys
0 -8 0 41 0 0 1 37 0 1 0 1
0 -8 16 37 0 0 1 37 0 1 0 1
0 -8 0 37 0 0 1 37 0 1 0 1
phys
0 6 2 16 0 0 1 38 0 1 0 1
0 -6 2 16 0 0 1 38 0 1 0 1
0 -6 14 16 0 0 1 38 0 1 0 1
phys
0 6 2 16 0 0 1 38 0 1 0 1
0 -6 14 16 0 0 1 38 0 1 0 1
0 6 14 16 0 0 1 38 0 1 0 1
phys
0 -6 2 18 0 0 1 38 0 1 0 1
0 6 2 18 0 0 1 38 0 1 0 1
0 6 14 18 0 0 1 38 0 1 0 1
phys
0 -6 2 18 0 0 1 38 0 1 0 1
0 6 14 18 0 0 1 38 0 1 0 1
0 -6 14 18 0 0 1 38 0 1 0 1
phys
0 6 14 16 0 0 1 38 0 1 0 1
0 -6 14 16 0 0 1 38 0 1 0 1
0 -6 14 18 0 0 1 38 0 1 0 1
phys
0 6 14 16 0 0 1 38 0 1 0 1
0 -6 14 18 0 0 1 38 0 1 0 1
0 6 14 18 0 0 1 38 0 1 0 1
phys
0 6 2 18 0 0 1 38 0 1 0 1
0 -6 2 18 0 0 1 38 0 1 0 1
0 -6 2 16 0 0 1 38 0 1 0 1
phys
0 6 2 18 0 0 1 38 0 1 0 1
0 -6 2 16 0 0 1 38 0 1 0 1
0 6 2 16 0 0 1 38 0 1 0 1
phys
0 6 2 16 0 0 1 38 0 1 0 1
0 6 14 16 0 0 1 38 0 1 0 1
0 6 14 18 0 0 1 38 0 1 0 1
phys
0 6 2 16 0 0 1 38 0 1 0 1
0 6 14 18 0 0 1 38 0 1 0 1
0 6 2 18 0 0 1 38 0 1 0 1
phys
0 -6 2 18 0 0 1 38 0 1 0 1
0 -6 14 18 0 0 1 38 0 1 0 1
0 -6 14 16 0 0 1 38 0 1 0 1
phys
0 -6 2 18 0 0 1 38 0 1 0 1
0 -6 14 16 0 0 1 38 0 1 0 1
0 -6 2 16 0 0 1 38 0 1 0 1
phys
0 8 0 12 0 0 1 39 0 1 0 1
0 -8 0 12 0 0 1 39 0 1 0 1
0 -8 16 12 0 0 1 39 0 1 0 1
phys
0 8 0 12 0 0 1 39 0 1 0 1
0 -8 16 12 0 0 1 39 0 1 0 1
0 8 16 12 0 0 1 39 0 1 0 1
phys
0 -8 0 16 0 0 1 39 0 1 0 1
0 8 0 16 0 0 1 39 0 1 0 1
0 8 16 16 0 0 1 39 0 1 0 1
phys
0 -8 0 16 0 0 1 39 0 1 0 1
0 8 16 16 0 0 1 39 0 1 0 1
0 -8 16 16 0 0 1 39 0 1 0 1
phys
0 8 16 12 0 0 1 39 0 1 0 1
0 -8 16 12 0 0 1 39 0 1 0 1
0 -8 16 16 0 0 1 39 0 1 0 1
phys
0 8 16 12 0 0 1 39 0 1 0 1
0 -8 16 16 0 0 1 39 0 1 0 1
0 8 16 16 0 0 1 39 0 1 0 1
phys
0 8 0 16 0 0 1 39 0 1 0 1
0 -8 0 16 0 0 1 39 0 1 0 1
0 -8 0 12 0 0 1 39 0 1 0 1
phys
0 8 0 16 0 0 1 39 0 1 0 1
0 -8 0 12 0 0 1 39 0 1 0 1
0 8 0 12 0 0 1 39 0 1 0 1
phys
0 8 0 12 0 0 1 39 0 1 0 1
0 8 16 12 0 0 1 39 0 1 0 1
0 8 16 16 0 0 1 39 0 1 0 1
phys
0 8 0 12 0 0 1 39 0 1 0 1
0 8 16 16 0 0 1 39 0 1 0 1
0 8 0 16 0 0 1 39 0 1 0 1
phys
0 -8 0 16 0 0 1 39 0 1 0 1
0 -8 16 16 0 0 1 39 0 1 0 1
0 -8 16 12 0 0 1 39 0 1 0 1
phys
0 -8 0 16 0 0 1 39 0 1 0 1
0 -8 16 12 0 0 1 39 0 1 0 1
0 -8 0 12 0 0 1 39 0 1 0 1
phys
0 -4 4 35 0 0 1 40 0 1 0 1
0 4 4 35 0 0 1 40 0 1 0 1
0 4 12 35 0 0 1 40 0 1 0 1
phys
0 -4 4 35 0 0 1 40 0 1 0 1
0 4 12 35 0 0 1 40 0 1 0 1
0 -4 12 35 0 0 1 40 0 1 0 1
phys
0 4 4 18 0 0 1 40 0 1 0 1
0 -4 4 18 0 0 1 40 0 1 0 1
0 -4 12 18 0 0 1 40 0 1 0 1
phys
0 4 4 18 0 0 1 40 0 1 0 1
0 -4 12 18 0 0 1 40 0 1 0 1
0 4 12 18 0 0 1 40 0 1 0 1
phys
0 4 12 18 0 0 1 40 0 1 0 1
0 -4 12 18 0 0 1 40 0 1 0 1
0 -4 12 35 0 0 1 40 0 1 0 1
phys
0 4 12 18 0 0 1 40 0 1 0 1
0 -4 12 35 0 0 1 40 0 1 0 1
0 4 12 35 0 0 1 40 0 1 0 1
phys
0 4 4 35 0 0 1 40 0 1 0 1
0 -4 4 35 0 0 1 40 0 1 0 1
0 -4 4 18 0 0 1 40 0 1 0 1
phys
0 4 4 35 0 0 1 40 0 1 0 1
0 -4 4 18 0 0 1 40 0 1 0 1
0 4 4 18 0 0 1 40 0 1 0 1
phys
0 4 4 18 0 0 1 40 0 1 0 1
0 4 12 18 0 0 1 40 0 1 0 1
0 4 12 35 0 0 1 40 0 1 0 1
phys
0 4 4 18 0 0 1 40 0 1 0 1
0 4 12 35 0 0 1 40 0 1 0 1
0 4 4 35 0 0 1 40 0 1 0 1
phys
0 -4 4 35 0 0 1 40 0 1 0 1
0 -4 12 35 0 0 1 40 0 1 0 1
0 -4 12 18 0 0 1 40 0 1 0 1
phys
0 -4 4 35 0 0 1 40 0 1 0 1
0 -4 12 18 0 0 1 40 0 1 0 1
0 -4 4 18 0 0 1 40 0 1 0 1
phys
0 6 2 35 0 0 1 41 0 1 0 1
0 -6 2 35 0 0 1 41 0 1 0 1
0 -6 14 35 0 0 1 41 0 1 0 1
phys
0 6 2 35 0 0 1 41 0 1 0 1
0 -6 14 35 0 0 1 41 0 1 0 1
0 6 14 35 0 0 1 41 0 1 0 1
phys
0 -6 2 37 0 0 1 41 0 1 0 1
0 6 2 37 0 0 1 41 0 1 0 1
0 6 14 37 0 0 1 41 0 1 0 1
phys
0 -6 2 37 0 0 1 41 0 1 0 1
0 6 14 37 0 0 1 41 0 1 0 1
0 -6 14 37 0 0 1 41 0 1 0 1
phys
0 6 14 35 0 0 1 41 0 1 0 1
0 -6 14 35 0 0 1 41 0 1 0 1
0 -6 14 37 0 0 1 41 0 1 0 1
phys
0 6 14 35 0 0 1 41 0 1 0 1
0 -6 14 37 0 0 1 41 0 1 0 1
0 6 14 37 0 0 1 41 0 1 0 1
phys
0 6 2 37 0 0 1 41 0 1 0 1
0 -6 2 37 0 0 1 41 0 1 0 1
0 -6 2 35 0 0 1 41 0 1 0 1
phys
0 6 2 37 0 0 1 41 0 1 0 1
0 -6 2 35 0 0 1 41 0 1 0 1
0 6 2 35 0 0 1 41 0 1 0 1
phys
0 6 2 35 0 0 1 41 0 1 0 1
0 6 14 35 0 0 1 41 0 1 0 1
0 6 14 37 0 0 1 41 0 1 0 1
phys
0 6 2 35 0 0 1 41 0 1 0 1
0 6 14 37 0 0 1 41 0 1 0 1
0 6 2 37 0 0 1 41 0 1 0 1
phys
0 -6 2 37 0 0 1 41 0 1 0 1
0 -6 14 37 0 0 1 41 0 1 0 1
0 -6 14 35 0 0 1 41 0 1 0 1
phys
0 -6 2 37 0 0 1 41 0 1 0 1
0 -6 14 35 0 0 1 41 0 1 0 1
0 -6 2 35 0 0 1 41 0 1 0 1
phys
0 8 16 37 0 0 1 42 0 1 0 1
0 -8 16 37 0 0 1 42 0 1 0 1
0 -8 32 37 0 0 1 42 0 1 0 1
phys
0 8 16 37 0 0 1 42 0 1 0 1
0 -8 32 37 0 0 1 42 0 1 0 1
0 8 32 37 0 0 1 42 0 1 0 1
phys
0 -8 16 41 0 0 1 42 0 1 0 1
0 8 16 41 0 0 1 42 0 1 0 1
0 8 32 41 0 0 1 42 0 1 0 1
phys
0 -8 16 41 0 0 1 42 0 1 0 1
0 8 32 41 0 0 1 42 0 1 0 1
0 -8 32 41 0 0 1 42 0 1 0 1
phys
0 8 32 37 0 0 1 42 0 1 0 1
0 -8 32 37 0 0 1 42 0 1 0 1
0 -8 32 41 0 0 1 42 0 1 0 1
phys
0 8 32 37 0 0 1 42 0 1 0 1
0 -8 32 41 0 0 1 42 0 1 0 1
0 8 32 41 0 0 1 42 0 1 0 1
phys
0 8 16 41 0 0 1 42 0 1 0 1
0 -8 16 41 0 0 1 42 0 1 0 1
0 -8 16 37 0 0 1 42 0 1 0 1
phys
0 8 16 41 0 0 1 42 0 1 0 1
0 -8 16 37 0 0 1 42 0 1 0 1
0 8 16 37 0 0 1 42 0 1 0 1
phys
0 8 16 37 0 0 1 42 0 1 0 1
0 8 32 37 0 0 1 42 0 1 0 1
0 8 32 41 0 0 1 42 0 1 0 1
phys
0 8 16 37 0 0 1 42 0 1 0 1
0 8 32 41 0 0 1 42 0 1 0 1
0 8 16 41 0 0 1 42 0 1 0 1
phys
0 -8 16 41 0 0 1 42 0 1 0 1
0 -8 32 41 0 0 1 42 0 1 0 1
0 -8 32 37 0 0 1 42 0 1 0 1
phys
0 -8 16 41 0 0 1 42 0 1 0 1
0 -8 32 37 0 0 1 42 0 1 0 1
0 -8 16 37 0 0 1 42 0 1 0 1
phys
0 -4 20 35 0 0 1 43 0 1 0 1
0 4 20 35 0 0 1 43 0 1 0 1
0 4 28 35 0 0 1 43 0 1 0 1
phys
0 -4 20 35 0 0 1 43 0 1 0 1
0 4 28 35 0 0 1 43 0 1 0 1
0 -4 28 35 0 0 1 43 0 1 0 1
phys
0 4 20 18 0 0 1 43 0 1 0 1
0 -4 20 18 0 0 1 43 0 1 0 1
0 -4 28 18 0 0 1 43 0 1 0 1
phys
0 4 20 18 0 0 1 43 0 1 0 1
0 -4 28 18 0 0 1 43 0 1 0 1
0 4 28 18 0 0 1 43 0 1 0 1
phys
0 4 28 18 0 0 1 43 0 1 0 1
0 -4 28 18 0 0 1 43 0 1 0 1
0 -4 28 35 0 0 1 43 0 1 0 1
phys
0 4 28 18 0 0 1 43 0 1 0 1
0 -4 28 35 0 0 1 43 0 1 0 1
0 4 28 35 0 0 1 43 0 1 0 1
phys
0 4 20 35 0 0 1 43 0 1 0 1
0 -4 20 35 0 0 1 43 0 1 0 1
0 -4 20 18 0 0 1 43 0 1 0 1
phys
0 4 20 35 0 0 1 43 0 1 0 1
0 -4 20 18 0 0 1 43 0 1 0 1
0 4 20 18 0 0 1 43 0 1 0 1
phys
0 4 20 18 0 0 1 43 0 1 0 1
0 4 28 18 0 0 1 43 0 1 0 1
0 4 28 35 0 0 1 43 0 1 0 1
phys
0 4 20 18 0 0 1 43 0 1 0 1
0 4 28 35 0 0 1 43 0 1 0 1
0 4 20 35 0 0 1 43 0 1 0 1
phys
0 -4 20 35 0 0 1 43 0 1 0 1
0 -4 28 35 0 0 1 43 0 1 0 1
0 -4 28 18 0 0 1 43 0 1 0 1
phys
0 -4 20 35 0 0 1 43 0 1 0 1
0 -4 28 18 0 0 1 43 0 1 0 1
0 -4 20 18 0 0 1 43 0 1 0 1
phys
0 6 18 35 0 0 1 44 0 1 0 1
0 -6 18 35 0 0 1 44 0 1 0 1
0 -6 30 35 0 0 1 44 0 1 0 1
phys
0 6 18 35 0 0 1 44 0 1 0 1
0 -6 30 35 0 0 1 44 0 1 0 1
0 6 30 35 0 0 1 44 0 1 0 1
phys
0 -6 18 37 0 0 1 44 0 1 0 1
0 6 18 37 0 0 1 44 0 1 0 1
0 6 30 37 0 0 1 44 0 1 0 1
phys
0 -6 18 37 0 0 1 44 0 1 0 1
0 6 30 37 0 0 1 44 0 1 0 1
0 -6 30 37 0 0 1 44 0 1 0 1
phys
0 6 30 35 0 0 1 44 0 1 0 1
0 -6 30 35 0 0 1 44 0 1 0 1
0 -6 30 37 0 0 1 44 0 1 0 1
phys
0 6 30 35 0 0 1 44 0 1 0 1
0 -6 30 37 0 0 1 44 0 1 0 1
0 6 30 37 0 0 1 44 0 1 0 1
phys
0 6 18 37 0 0 1 44 0 1 0 1
0 -6 18 37 0 0 1 44 0 1 0 1
0 -6 18 35 0 0 1 44 0 1 0 1
phys
0 6 18 37 0 0 1 44 0 1 0 1
0 -6 18 35 0 0 1 44 0 1 0 1
0 6 18 35 0 0 1 44 0 1 0 1
phys
0 6 18 35 0 0 1 44 0 1 0 1
0 6 30 35 0 0 1 44 0 1 0 1
0 6 30 37 0 0 1 44 0 1 0 1
phys
0 6 18 35 0 0 1 44 0 1 0 1
0 6 30 37 0 0 1 44 0 1 0 1
0 6 18 37 0 0 1 44 0 1 0 1
phys
0 -6 18 37 0 0 1 44 0 1 0 1
0 -6 30 37 0 0 1 44 0 1 0 1
0 -6 30 35 0 0 1 44 0 1 0 1
phys
0 -6 18 37 0 0 1 44 0 1 0 1
0 -6 30 35 0 0 1 44 0 1 0 1
0 -6 18 35 0 0 1 44 0 1 0 1
phys
0 6 18 16 0 0 1 45 0 1 0 1
0 -6 18 16 0 0 1 45 0 1 0 1
0 -6 30 16 0 0 1 45 0 1 0 1
phys
0 6 18 16 0 0 1 45 0 1 0 1
0 -6 30 16 0 0 1 45 0 1 0 1
0 6 30 16 0 0 1 45 0 1 0 1
phys
0 -6 18 18 0 0 1 45 0 1 0 1
0 6 18 18 0 0 1 45 0 1 0 1
0 6 30 18 0 0 1 45 0 1 0 1
phys
0 -6 18 18 0 0 1 45 0 1 0 1
0 6 30 18 0 0 1 45 0 1 0 1
0 -6 30 18 0 0 1 45 0 1 0 1
phys
0 6 30 16 0 0 1 45 0 1 0 1
0 -6 30 16 0 0 1 45 0 1 0 1
0 -6 30 18 0 0 1 45 0 1 0 1
phys
0 6 30 16 0 0 1 45 0 1 0 1
0 -6 30 18 0 0 1 45 0 1 0 1
0 6 30 18 0 0 1 45 0 1 0 1
phys
0 6 18 18 0 0 1 45 0 1 0 1
0 -6 18 18 0 0 1 45 0 1 0 1
0 -6 18 16 0 0 1 45 0 1 0 1
phys
0 6 18 18 0 0 1 45 0 1 0 1
0 -6 18 16 0 0 1 45 0 1 0 1
0 6 18 16 0 0 1 45 0 1 0 1
phys
0 6 18 16 0 0 1 45 0 1 0 1
0 6 30 16 0 0 1 45 0 1 0 1
0 6 30 18 0 0 1 45 0 1 0 1
phys
0 6 18 16 0 0 1 45 0 1 0 1
0 6 30 18 0 0 1 45 0 1 0 1
0 6 18 18 0 0 1 45 0 1 0 1
phys
0 -6 18 18 0 0 1 45 0 1 0 1
0 -6 30 18 0 0 1 45 0 1 0 1
0 -6 30 16 0 0 1 45 0 1 0 1
phys
0 -6 18 18 0 0 1 45 0 1 0 1
0 -6 30 16 0 0 1 45 0 1 0 1
0 -6 18 16 0 0 1 45 0 1 0 1
phys
0 8 16 12 0 0 1 46 0 1 0 1
0 -8 16 12 0 0 1 46 0 1 0 1
0 -8 32 12 0 0 1 46 0 1 0 1
phys
0 8 16 12 0 0 1 46 0 1 0 1
0 -8 32 12 0 0 1 46 0 1 0 1
0 8 32 12 0 0 1 46 0 1 0 1
phys
0 -8 16 16 0 0 1 46 0 1 0 1
0 8 16 16 0 0 1 46 0 1 0 1
0 8 32 16 0 0 1 46 0 1 0 1
phys
0 -8 16 16 0 0 1 46 0 1 0 1
0 8 32 16 0 0 1 46 0 1 0 1
0 -8 32 16 0 0 1 46 0 1 0 1
phys
0 8 32 12 0 0 1 46 0 1 0 1
0 -8 32 12 0 0 1 46 0 1 0 1
0 -8 32 16 0 0 1 46 0 1 0 1
phys
0 8 32 12 0 0 1 46 0 1 0 1
0 -8 32 16 0 0 1 46 0 1 0 1
0 8 32 16 0 0 1 46 0 1 0 1
phys
0 8 16 16 0 0 1 46 0 1 0 1
0 -8 16 16 0 0 1 46 0 1 0 1
0 -8 16 12 0 0 1 46 0 1 0 1
phys
0 8 16 16 0 0 1 46 0 1 0 1
0 -8 16 12 0 0 1 46 0 1 0 1
0 8 16 12 0 0 1 46 0 1 0 1
phys
0 8 16 12 0 0 1 46 0 1 0 1
0 8 32 12 0 0 1 46 0 1 0 1
0 8 32 16 0 0 1 46 0 1 0 1
phys
0 8 16 12 0 0 1 46 0 1 0 1
0 8 32 16 0 0 1 46 0 1 0 1
0 8 16 16 0 0 1 46 0 1 0 1
phys
0 -8 16 16 0 0 1 46 0 1 0 1
0 -8 32 16 0 0 1 46 0 1 0 1
0 -8 32 12 0 0 1 46 0 1 0 1
phys
0 -8 16 16 0 0 1 46 0 1 0 1
0 -8 32 12 0 0 1 46 0 1 0 1
0 -8 16 12 0 0 1 46 0 1 0 1
phys
0 8 32 37 0 0 1 47 0 1 0 1
0 -8 32 37 0 0 1 47 0 1 0 1
0 -8 48 37 0 0 1 47 0 1 0 1
phys
0 8 32 37 0 0 1 47 0 1 0 1
0 -8 48 37 0 0 1 47 0 1 0 1
0 8 48 37 0 0 1 47 0 1 0 1
phys
0 -8 32 41 0 0 1 47 0 1 0 1
0 8 32 41 0 0 1 47 0 1 0 1
0 8 48 41 0 0 1 47 0 1 0 1
phys
0 -8 32 41 0 0 1 47 0 1 0 1
0 8 48 41 0 0 1 47 0 1 0 1
0 -8 48 41 0 0 1 47 0 1 0 1
phys
0 8 48 37 0 0 1 47 0 1 0 1
0 -8 48 37 0 0 1 47 0 1 0 1
0 -8 48 41 0 0 1 47 0 1 0 1
phys
0 8 48 37 0 0 1 47 0 1 0 1
0 -8 48 41 0 0 1 47 0 1 0 1
0 8 48 41 0 0 1 47 0 1 0 1
phys
0 8 32 41 0 0 1 47 0 1 0 1
0 -8 32 41 0 0 1 47 0 1 0 1
0 -8 32 37 0 0 1 47 0 1 0 1
phys
0 8 32 41 0 0 1 47 0 1 0 1
0 -8 32 37 0 0 1 47 0 1 0 1
0 8 32 37 0 0 1 47 0 1 0 1
phys
0 8 32 37 0 0 1 47 0 1 0 1
0 8 48 37 0 0 1 47 0 1 0 1
0 8 48 41 0 0 1 47 0 1 0 1
phys
0 8 32 37 0 0 1 47 0 1 0 1
0 8 48 41 0 0 1 47 0 1 0 1
0 8 32 41 0 0 1 47 0 1 0 1
phys
0 -8 32 41 0 0 1 47 0 1 0 1
0 -8 48 41 0 0 1 47 0 1 0 1
0 -8 48 37 0 0 1 47 0 1 0 1
phys
0 -8 32 41 0 0 1 47 0 1 0 1
0 -8 48 37 0 0 1 47 0 1 0 1
0 -8 32 37 0 0 1 47 0 1 0 1
phys
0 6 34 16 0 0 1 48 0 1 0 1
0 -6 34 16 0 0 1 48 0 1 0 1
0 -6 46 16 0 0 1 48 0 1 0 1
phys
0 6 34 16 0 0 1 48 0 1 0 1
0 -6 46 16 0 0 1 48 0 1 0 1
0 6 46 16 0 0 1 48 0 1 0 1
phys
0 -6 34 18 0 0 1 48 0 1 0 1
0 6 34 18 0 0 1 48 0 1 0 1
0 6 46 18 0 0 1 48 0 1 0 1
phys
0 -6 34 18 0 0 1 48 0 1 0 1
0 6 46 18 0 0 1 48 0 1 0 1
0 -6 46 18 0 0 1 48 0 1 0 1
phys
0 6 46 16 0 0 1 48 0 1 0 1
0 -6 46 16 0 0 1 48 0 1 0 1
0 -6 46 18 0 0 1 48 0 1 0 1
phys
0 6 46 16 0 0 1 48 0 1 0 1
0 -6 46 18 0 0 1 48 0 1 0 1
0 6 46 18 0 0 1 48 0 1 0 1
phys
0 6 34 18 0 0 1 48 0 1 0 1
0 -6 34 18 0 0 1 48 0 1 0 1
0 -6 34 16 0 0 1 48 0 1 0 1
phys
0 6 34 18 0 0 1 48 0 1 0 1
0 -6 34 16 0 0 1 48 0 1 0 1
0 6 34 16 0 0 1 48 0 1 0 1
phys
0 6 34 16 0 0 1 48 0 1 0 1
0 6 46 16 0 0 1 48 0 1 0 1
0 6 46 18 0 0 1 48 0 1 0 1
phys
0 6 34 16 0 0 1 48 0 1 0 1
0 6 46 18 0 0 1 48 0 1 0 1
0 6 34 18 0 0 1 48 0 1 0 1
phys
0 -6 34 18 0 0 1 48 0 1 0 1
0 -6 46 18 0 0 1 48 0 1 0 1
0 -6 46 16 0 0 1 48 0 1 0 1
phys
0 -6 34 18 0 0 1 48 0 1 0 1
0 -6 46 16 0 0 1 48 0 1 0 1
0 -6 34 16 0 0 1 48 0 1 0 1
phys
0 8 32 12 0 0 1 49 0 1 0 1
0 -8 32 12 0 0 1 49 0 1 0 1
0 -8 48 12 0 0 1 49 0 1 0 1
phys
0 8 32 12 0 0 1 49 0 1 0 1
0 -8 48 12 0 0 1 49 0 1 0 1
0 8 48 12 0 0 1 49 0 1 0 1
phys
0 -8 32 16 0 0 1 49 0 1 0 1
0 8 32 16 0 0 1 49 0 1 0 1
0 8 48 16 0 0 1 49 0 1 0 1
phys
0 -8 32 16 0 0 1 49 0 1 0 1
0 8 48 16 0 0 1 49 0 1 0 1
0 -8 48 16 0 0 1 49 0 1 0 1
phys
0 8 48 12 0 0 1 49 0 1 0 1
0 -8 48 12 0 0 1 49 0 1 0 1
0 -8 48 16 0 0 1 49 0 1 0 1
phys
0 8 48 12 0 0 1 49 0 1 0 1
0 -8 48 16 0 0 1 49 0 1 0 1
0 8 48 16 0 0 1 49 0 1 0 1
phys
0 8 32 16 0 0 1 49 0 1 0 1
0 -8 32 16 0 0 1 49 0 1 0 1
0 -8 32 12 0 0 1 49 0 1 0 1
phys
0 8 32 16 0 0 1 49 0 1 0 1
0 -8 32 12 0 0 1 49 0 1 0 1
0 8 32 12 0 0 1 49 0 1 0 1
phys
0 8 32 12 0 0 1 49 0 1 0 1
0 8 48 12 0 0 1 49 0 1 0 1
0 8 48 16 0 0 1 49 0 1 0 1
phys
0 8 32 12 0 0 1 49 0 1 0 1
0 8 48 16 0 0 1 49 0 1 0 1
0 8 32 16 0 0 1 49 0 1 0 1
phys
0 -8 32 16 0 0 1 49 0 1 0 1
0 -8 48 16 0 0 1 49 0 1 0 1
0 -8 48 12 0 0 1 49 0 1 0 1
phys
0 -8 32 16 0 0 1 49 0 1 0 1
0 -8 48 12 0 0 1 49 0 1 0 1
0 -8 32 12 0 0 1 49 0 1 0 1
phys
0 -4 36 35 0 0 1 50 0 1 0 1
0 4 36 35 0 0 1 50 0 1 0 1
0 4 44 35 0 0 1 50 0 1 0 1
phys
0 -4 36 35 0 0 1 50 0 1 0 1
0 4 44 35 0 0 1 50 0 1 0 1
0 -4 44 35 0 0 1 50 0 1 0 1
phys
0 4 36 18 0 0 1 50 0 1 0 1
0 -4 36 18 0 0 1 50 0 1 0 1
0 -4 44 18 0 0 1 50 0 1 0 1
phys
0 4 36 18 0 0 1 50 0 1 0 1
0 -4 44 18 0 0 1 50 0 1 0 1
0 4 44 18 0 0 1 50 0 1 0 1
phys
0 4 44 18 0 0 1 50 0 1 0 1
0 -4 44 18 0 0 1 50 0 1 0 1
0 -4 44 35 0 0 1 50 0 1 0 1
phys
0 4 44 18 0 0 1 50 0 1 0 1
0 -4 44 35 0 0 1 50 0 1 0 1
0 4 44 35 0 0 1 50 0 1 0 1
phys
0 4 36 35 0 0 1 50 0 1 0 1
0 -4 36 35 0 0 1 50 0 1 0 1
0 -4 36 18 0 0 1 50 0 1 0 1
phys
0 4 36 35 0 0 1 50 0 1 0 1
0 -4 36 18 0 0 1 50 0 1 0 1
0 4 36 18 0 0 1 50 0 1 0 1
phys
0 4 36 18 0 0 1 50 0 1 0 1
0 4 44 18 0 0 1 50 0 1 0 1
0 4 44 35 0 0 1 50 0 1 0 1
phys
0 4 36 18 0 0 1 50 0 1 0 1
0 4 44 35 0 0 1 50 0 1 0 1
0 4 36 35 0 0 1 50 0 1 0 1
phys
0 -4 36 35 0 0 1 50 0 1 0 1
0 -4 44 35 0 0 1 50 0 1 0 1
0 -4 44 18 0 0 1 50 0 1 0 1
phys
0 -4 36 35 0 0 1 50 0 1 0 1
0 -4 44 18 0 0 1 50 0 1 0 1
0 -4 36 18 0 0 1 50 0 1 0 1
phys
0 6 34 35 0 0 1 51 0 1 0 1
0 -6 34 35 0 0 1 51 0 1 0 1
0 -6 46 35 0 0 1 51 0 1 0 1
phys
0 6 34 35 0 0 1 51 0 1 0 1
0 -6 46 35 0 0 1 51 0 1 0 1
0 6 46 35 0 0 1 51 0 1 0 1
phys
0 -6 34 37 0 0 1 51 0 1 0 1
0 6 34 37 0 0 1 51 0 1 0 1
0 6 46 37 0 0 1 51 0 1 0 1
phys
0 -6 34 37 0 0 1 51 0 1 0 1
0 6 46 37 0 0 1 51 0 1 0 1
0 -6 46 37 0 0 1 51 0 1 0 1
phys
0 6 46 35 0 0 1 51 0 1 0 1
0 -6 46 35 0 0 1 51 0 1 0 1
0 -6 46 37 0 0 1 51 0 1 0 1
phys
0 6 46 35 0 0 1 51 0 1 0 1
0 -6 46 37 0 0 1 51 0 1 0 1
0 6 46 37 0 0 1 51 0 1 0 1
phys
0 6 34 37 0 0 1 51 0 1 0 1
0 -6 34 37 0 0 1 51 0 1 0 1
0 -6 34 35 0 0 1 51 0 1 0 1
phys
0 6 34 37 0 0 1 51 0 1 0 1
0 -6 34 35 0 0 1 51 0 1 0 1
0 6 34 35 0 0 1 51 0 1 0 1
phys
0 6 34 35 0 0 1 51 0 1 0 1
0 6 46 35 0 0 1 51 0 1 0 1
0 6 46 37 0 0 1 51 0 1 0 1
phys
0 6 34 35 0 0 1 51 0 1 0 1
0 6 46 37 0 0 1 51 0 1 0 1
0 6 34 37 0 0 1 51 0 1 0 1
phys
0 -6 34 37 0 0 1 51 0 1 0 1
0 -6 46 37 0 0 1 51 0 1 0 1
0 -6 46 35 0 0 1 51 0 1 0 1
phys
0 -6 34 37 0 0 1 51 0 1 0 1
0 -6 46 35 0 0 1 51 0 1 0 1
0 -6 34 35 0 0 1 51 0 1 0 1
phys
0 8 48 37 0 0 1 52 0 1 0 1
0 -8 48 37 0 0 1 52 0 1 0 1
0 -8 64 37 0 0 1 52 0 1 0 1
phys
0 8 48 37 0 0 1 52 0 1 0 1
0 -8 64 37 0 0 1 52 0 1 0 1
0 8 64 37 0 0 1 52 0 1 0 1
phys
0 -8 48 41 0 0 1 52 0 1 0 1
0 8 48 41 0 0 1 52 0 1 0 1
0 8 64 41 0 0 1 52 0 1 0 1
phys
0 -8 48 41 0 0 1 52 0 1 0 1
0 8 64 41 0 0 1 52 0 1 0 1
0 -8 64 41 0 0 1 52 0 1 0 1
phys
0 8 64 37 0 0 1 52 0 1 0 1
0 -8 64 37 0 0 1 52 0 1 0 1
0 -8 64 41 0 0 1 52 0 1 0 1
phys
0 8 64 37 0 0 1 52 0 1 0 1
0 -8 64 41 0 0 1 52 0 1 0 1
0 8 64 41 0 0 1 52 0 1 0 1
phys
0 8 48 41 0 0 1 52 0 1 0 1
0 -8 48 41 0 0 1 52 0 1 0 1
0 -8 48 37 0 0 1 52 0 1 0 1
phys
0 8 48 41 0 0 1 52 0 1 0 1
0 -8 48 37 0 0 1 52 0 1 0 1
0 8 48 37 0 0 1 52 0 1 0 1
phys
0 8 48 37 0 0 1 52 0 1 0 1
0 8 64 37 0 0 1 52 0 1 0 1
0 8 64 41 0 0 1 52 0 1 0 1
phys
0 8 48 37 0 0 1 52 0 1 0 1
0 8 64 41 0 0 1 52 0 1 0 1
0 8 48 41 0 0 1 52 0 1 0 1
phys
0 -8 48 41 0 0 1 52 0 1 0 1
0 -8 64 41 0 0 1 52 0 1 0 1
0 -8 64 37 0 0 1 52 0 1 0 1
phys
0 -8 48 41 0 0 1 52 0 1 0 1
0 -8 64 37 0 0 1 52 0 1 0 1
0 -8 48 37 0 0 1 52 0 1 0 1
phys
0 -4 52 35 0 0 1 53 0 1 0 1
0 4 52 35 0 0 1 53 0 1 0 1
0 4 60 35 0 0 1 53 0 1 0 1
phys
0 -4 52 35 0 0 1 53 0 1 0 1
0 4 60 35 0 0 1 53 0 1 0 1
0 -4 60 35 0 0 1 53 0 1 0 1
phys
0 4 52 18 0 0 1 53 0 1 0 1
0 -4 52 18 0 0 1 53 0 1 0 1
0 -4 60 18 0 0 1 53 0 1 0 1
phys
0 4 52 18 0 0 1 53 0 1 0 1
0 -4 60 18 0 0 1 53 0 1 0 1
0 4 60 18 0 0 1 53 0 1 0 1
phys
0 4 60 18 0 0 1 53 0 1 0 1
0 -4 60 18 0 0 1 53 0 1 0 1
0 -4 60 35 0 0 1 53 0 1 0 1
phys
0 4 60 18 0 0 1 53 0 1 0 1
0 -4 60 35 0 0 1 53 0 1 0 1
0 4 60 35 0 0 1 53 0 1 0 1
phys
0 4 52 35 0 0 1 53 0 1 0 1
0 -4 52 35 0 0 1 53 0 1 0 1
0 -4 52 18 0 0 1 53 0 1 0 1
phys
0 4 52 35 0 0 1 53 0 1 0 1
0 -4 52 18 0 0 1 53 0 1 0 1
0 4 52 18 0 0 1 53 0 1 0 1
phys
0 4 52 18 0 0 1 53 0 1 0 1
0 4 60 18 0 0 1 53 0 1 0 1
0 4 60 35 0 0 1 53 0 1 0 1
phys
0 4 52 18 0 0 1 53 0 1 0 1
0 4 60 35 0 0 1 53 0 1 0 1
0 4 52 35 0 0 1 53 0 1 0 1
phys
0 -4 52 35 0 0 1 53 0 1 0 1
0 -4 60 35 0 0 1 53 0 1 0 1
0 -4 60 18 0 0 1 53 0 1 0 1
phys
0 -4 52 35 0 0 1 53 0 1 0 1
0 -4 60 18 0 0 1 53 0 1 0 1
0 -4 52 18 0 0 1 53 0 1 0 1
phys
0 6 50 35 0 0 1 54 0 1 0 1
0 -6 50 35 0 0 1 54 0 1 0 1
0 -6 62 35 0 0 1 54 0 1 0 1
phys
0 6 50 35 0 0 1 54 0 1 0 1
0 -6 62 35 0 0 1 54 0 1 0 1
0 6 62 35 0 0 1 54 0 1 0 1
phys
0 -6 50 37 0 0 1 54 0 1 0 1
0 6 50 37 0 0 1 54 0 1 0 1
0 6 62 37 0 0 1 54 0 1 0 1
phys
0 -6 50 37 0 0 1 54 0 1 0 1
0 6 62 37 0 0 1 54 0 1 0 1
0 -6 62 37 0 0 1 54 0 1 0 1
phys
0 6 62 35 0 0 1 54 0 1 0 1
0 -6 62 35 0 0 1 54 0 1 0 1
0 -6 62 37 0 0 1 54 0 1 0 1
phys
0 6 62 35 0 0 1 54 0 1 0 1
0 -6 62 37 0 0 1 54 0 1 0 1
0 6 62 37 0 0 1 54 0 1 0 1
phys
0 6 50 37 0 0 1 54 0 1 0 1
0 -6 50 37 0 0 1 54 0 1 0 1
0 -6 50 35 0 0 1 54 0 1 0 1
phys
0 6 50 37 0 0 1 54 0 1 0 1
0 -6 50 35 0 0 1 54 0 1 0 1
0 6 50 35 0 0 1 54 0 1 0 1
phys
0 6 50 35 0 0 1 54 0 1 0 1
0 6 62 35 0 0 1 54 0 1 0 1
0 6 62 37 0 0 1 54 0 1 0 1
phys
0 6 50 35 0 0 1 54 0 1 0 1
0 6 62 37 0 0 1 54 0 1 0 1
0 6 50 37 0 0 1 54 0 1 0 1
phys
0 -6 50 37 0 0 1 54 0 1 0 1
0 -6 62 37 0 0 1 54 0 1 0 1
0 -6 62 35 0 0 1 54 0 1 0 1
phys
0 -6 50 37 0 0 1 54 0 1 0 1
0 -6 62 35 0 0 1 54 0 1 0 1
0 -6 50 35 0 0 1 54 0 1 0 1
phys
0 6 50 16 0 0 1 55 0 1 0 1
0 -6 50 16 0 0 1 55 0 1 0 1
0 -6 62 16 0 0 1 55 0 1 0 1
phys
0 6 50 16 0 0 1 55 0 1 0 1
0 -6 62 16 0 0 1 55 0 1 0 1
0 6 62 16 0 0 1 55 0 1 0 1
phys
0 -6 50 18 0 0 1 55 0 1 0 1
0 6 50 18 0 0 1 55 0 1 0 1
0 6 62 18 0 0 1 55 0 1 0 1
phys
0 -6 50 18 0 0 1 55 0 1 0 1
0 6 62 18 0 0 1 55 0 1 0 1
0 -6 62 18 0 0 1 55 0 1 0 1
phys
0 6 62 16 0 0 1 55 0 1 0 1
0 -6 62 16 0 0 1 55 0 1 0 1
0 -6 62 18 0 0 1 55 0 1 0 1
phys
0 6 62 16 0 0 1 55 0 1 0 1
0 -6 62 18 0 0 1 55 0 1 0 1
0 6 62 18 0 0 1 55 0 1 0 1
phys
0 6 50 18 0 0 1 55 0 1 0 1
0 -6 50 18 0 0 1 55 0 1 0 1
0 -6 50 16 0 0 1 55 0 1 0 1
phys
0 6 50 18 0 0 1 55 0 1 0 1
0 -6 50 16 0 0 1 55 0 1 0 1
0 6 50 16 0 0 1 55 0 1 0 1
phys
0 6 50 16 0 0 1 55 0 1 0 1
0 6 62 16 0 0 1 55 0 1 0 1
0 6 62 18 0 0 1 55 0 1 0 1
phys
0 6 50 16 0 0 1 55 0 1 0 1
0 6 62 18 0 0 1 55 0 1 0 1
0 6 50 18 0 0 1 55 0 1 0 1
phys
0 -6 50 18 0 0 1 55 0 1 0 1
0 -6 62 18 0 0 1 55 0 1 0 1
0 -6 62 16 0 0 1 55 0 1 0 1
phys
0 -6 50 18 0 0 1 55 0 1 0 1
0 -6 62 16 0 0 1 55 0 1 0 1
0 -6 50 16 0 0 1 55 0 1 0 1
phys
0 8 48 12 0 0 1 56 0 1 0 1
0 -8 48 12 0 0 1 56 0 1 0 1
0 -8 64 12 0 0 1 56 0 1 0 1
phys
0 8 48 12 0 0 1 56 0 1 0 1
0 -8 64 12 0 0 1 56 0 1 0 1
0 8 64 12 0 0 1 56 0 1 0 1
phys
0 -8 48 16 0 0 1 56 0 1 0 1
0 8 48 16 0 0 1 56 0 1 0 1
0 8 64 16 0 0 1 56 0 1 0 1
phys
0 -8 48 16 0 0 1 56 0 1 0 1
0 8 64 16 0 0 1 56 0 1 0 1
0 -8 64 16 0 0 1 56 0 1 0 1
phys
0 8 64 12 0 0 1 56 0 1 0 1
0 -8 64 12 0 0 1 56 0 1 0 1
0 -8 64 16 0 0 1 56 0 1 0 1
phys
0 8 64 12 0 0 1 56 0 1 0 1
0 -8 64 16 0 0 1 56 0 1 0 1
0 8 64 16 0 0 1 56 0 1 0 1
phys
0 8 48 16 0 0 1 56 0 1 0 1
0 -8 48 16 0 0 1 56 0 1 0 1
0 -8 48 12 0 0 1 56 0 1 0 1
phys
0 8 48 16 0 0 1 56 0 1 0 1
0 -8 48 12 0 0 1 56 0 1 0 1
0 8 48 12 0 0 1 56 0 1 0 1
phys
0 8 48 12 0 0 1 56 0 1 0 1
0 8 64 12 0 0 1 56 0 1 0 1
0 8 64 16 0 0 1 56 0 1 0 1
phys
0 8 48 12 0 0 1 56 0 1 0 1
0 8 64 16 0 0 1 56 0 1 0 1
0 8 48 16 0 0 1 56 0 1 0 1
phys
0 -8 48 16 0 0 1 56 0 1 0 1
0 -8 64 16 0 0 1 56 0 1 0 1
0 -8 64 12 0 0 1 56 0 1 0 1
phys
0 -8 48 16 0 0 1 56 0 1 0 1
0 -8 64 12 0 0 1 56 0 1 0 1
0 -8 48 12 0 0 1 56 0 1 0 1
phys
0 8 64 37 0 0 1 57 0 1 0 1
0 -8 64 37 0 0 1 57 0 1 0 1
0 -8 80 37 0 0 1 57 0 1 0 1
phys
0 8 64 37 0 0 1 57 0 1 0 1
0 -8 80 37 0 0 1 57 0 1 0 1
0 8 80 37 0 0 1 57 0 1 0 1
phys
0 -8 64 41 0 0 1 57 0 1 0 1
0 8 64 41 0 0 1 57 0 1 0 1
0 8 80 41 0 0 1 57 0 1 0 1
phys
0 -8 64 41 0 0 1 57 0 1 0 1
0 8 80 41 0 0 1 57 0 1 0 1
0 -8 80 41 0 0 1 57 0 1 0 1
phys
0 8 80 37 0 0 1 57 0 1 0 1
0 -8 80 37 0 0 1 57 0 1 0 1
0 -8 80 41 0 0 1 57 0 1 0 1
phys
0 8 80 37 0 0 1 57 0 1 0 1
0 -8 80 41 0 0 1 57 0 1 0 1
0 8 80 41 0 0 1 57 0 1 0 1
phys
0 8 64 41 0 0 1 57 0 1 0 1
0 -8 64 41 0 0 1 57 0 1 0 1
0 -8 64 37 0 0 1 57 0 1 0 1
phys
0 8 64 41 0 0 1 57 0 1 0 1
0 -8 64 37 0 0 1 57 0 1 0 1
0 8 64 37 0 0 1 57 0 1 0 1
phys
0 8 64 37 0 0 1 57 0 1 0 1
0 8 80 37 0 0 1 57 0 1 0 1
0 8 80 41 0 0 1 57 0 1 0 1
phys
0 8 64 37 0 0 1 57 0 1 0 1
0 8 80 41 0 0 1 57 0 1 0 1
0 8 64 41 0 0 1 57 0 1 0 1
phys
0 -8 64 41 0 0 1 57 0 1 0 1
0 -8 80 41 0 0 1 57 0 1 0 1
0 -8 80 37 0 0 1 57 0 1 0 1
phys
0 -8 64 41 0 0 1 57 0 1 0 1
0 -8 80 37 0 0 1 57 0 1 0 1
0 -8 64 37 0 0 1 57 0 1 0 1
phys
0 6 66 16 0 0 1 58 0 1 0 1
0 -6 66 16 0 0 1 58 0 1 0 1
0 -6 78 16 0 0 1 58 0 1 0 1
phys
0 6 66 16 0 0 1 58 0 1 0 1
0 -6 78 16 0 0 1 58 0 1 0 1
0 6 78 16 0 0 1 58 0 1 0 1
phys
0 -6 66 18 0 0 1 58 0 1 0 1
0 6 66 18 0 0 1 58 0 1 0 1
0 6 78 18 0 0 1 58 0 1 0 1
phys
0 -6 66 18 0 0 1 58 0 1 0 1
0 6 78 18 0 0 1 58 0 1 0 1
0 -6 78 18 0 0 1 58 0 1 0 1
phys
0 6 78 16 0 0 1 58 0 1 0 1
0 -6 78 16 0 0 1 58 0 1 0 1
0 -6 78 18 0 0 1 58 0 1 0 1
phys
0 6 78 16 0 0 1 58 0 1 0 1
0 -6 78 18 0 0 1 58 0 1 0 1
0 6 78 18 0 0 1 58 0 1 0 1
phys
0 6 66 18 0 0 1 58 0 1 0 1
0 -6 66 18 0 0 1 58 0 1 0 1
0 -6 66 16 0 0 1 58 0 1 0 1
phys
0 6 66 18 0 0 1 58 0 1 0 1
0 -6 66 16 0 0 1 58 0 1 0 1
0 6 66 16 0 0 1 58 0 1 0 1
phys
0 6 66 16 0 0 1 58 0 1 0 1
0 6 78 16 0 0 1 58 0 1 0 1
0 6 78 18 0 0 1 58 0 1 0 1
phys
0 6 66 16 0 0 1 58 0 1 0 1
0 6 78 18 0 0 1 58 0 1 0 1
0 6 66 18 0 0 1 58 0 1 0 1
phys
0 -6 66 18 0 0 1 58 0 1 0 1
0 -6 78 18 0 0 1 58 0 1 0 1
0 -6 78 16 0 0 1 58 0 1 0 1
phys
0 -6 66 18 0 0 1 58 0 1 0 1
0 -6 78 16 0 0 1 58 0 1 0 1
0 -6 66 16 0 0 1 58 0 1 0 1
phys
0 8 64 12 0 0 1 59 0 1 0 1
0 -8 64 12 0 0 1 59 0 1 0 1
0 -8 80 12 0 0 1 59 0 1 0 1
phys
0 8 64 12 0 0 1 59 0 1 0 1
0 -8 80 12 0 0 1 59 0 1 0 1
0 8 80 12 0 0 1 59 0 1 0 1
phys
0 -8 64 16 0 0 1 59 0 1 0 1
0 8 64 16 0 0 1 59 0 1 0 1
0 8 80 16 0 0 1 59 0 1 0 1
phys
0 -8 64 16 0 0 1 59 0 1 0 1
0 8 80 16 0 0 1 59 0 1 0 1
0 -8 80 16 0 0 1 59 0 1 0 1
phys
0 8 80 12 0 0 1 59 0 1 0 1
0 -8 80 12 0 0 1 59 0 1 0 1
0 -8 80 16 0 0 1 59 0 1 0 1
phys
0 8 80 12 0 0 1 59 0 1 0 1
0 -8 80 16 0 0 1 59 0 1 0 1
0 8 80 16 0 0 1 59 0 1 0 1
phys
0 8 64 16 0 0 1 59 0 1 0 1
0 -8 64 16 0 0 1 59 0 1 0 1
0 -8 64 12 0 0 1 59 0 1 0 1
phys
0 8 64 16 0 0 1 59 0 1 0 1
0 -8 64 12 0 0 1 59 0 1 0 1
0 8 64 12 0 0 1 59 0 1 0 1
phys
0 8 64 12 0 0 1 59 0 1 0 1
0 8 80 12 0 0 1 59 0 1 0 1
0 8 80 16 0 0 1 59 0 1 0 1
phys
0 8 64 12 0 0 1 59 0 1 0 1
0 8 80 16 0 0 1 59 0 1 0 1
0 8 64 16 0 0 1 59 0 1 0 1
phys
0 -8 64 16 0 0 1 59 0 1 0 1
0 -8 80 16 0 0 1 59 0 1 0 1
0 -8 80 12 0 0 1 59 0 1 0 1
phys
0 -8 64 16 0 0 1 59 0 1 0 1
0 -8 80 12 0 0 1 59 0 1 0 1
0 -8 64 12 0 0 1 59 0 1 0 1
phys
0 -4 68 35 0 0 1 60 0 1 0 1
0 4 68 35 0 0 1 60 0 1 0 1
0 4 76 35 0 0 1 60 0 1 0 1
phys
0 -4 68 35 0 0 1 60 0 1 0 1
0 4 76 35 0 0 1 60 0 1 0 1
0 -4 76 35 0 0 1 60 0 1 0 1
phys
0 4 68 18 0 0 1 60 0 1 0 1
0 -4 68 18 0 0 1 60 0 1 0 1
0 -4 76 18 0 0 1 60 0 1 0 1
phys
0 4 68 18 0 0 1 60 0 1 0 1
0 -4 76 18 0 0 1 60 0 1 0 1
0 4 76 18 0 0 1 60 0 1 0 1
phys
0 4 76 18 0 0 1 60 0 1 0 1
0 -4 76 18 0 0 1 60 0 1 0 1
0 -4 76 35 0 0 1 60 0 1 0 1
phys
0 4 76 18 0 0 1 60 0 1 0 1
0 -4 76 35 0 0 1 60 0 1 0 1
0 4 76 35 0 0 1 60 0 1 0 1
phys
0 4 68 35 0 0 1 60 0 1 0 1
0 -4 68 35 0 0 1 60 0 1 0 1
0 -4 68 18 0 0 1 60 0 1 0 1
phys
0 4 68 35 0 0 1 60 0 1 0 1
0 -4 68 18 0 0 1 60 0 1 0 1
0 4 68 18 0 0 1 60 0 1 0 1
phys
0 4 68 18 0 0 1 60 0 1 0 1
0 4 76 18 0 0 1 60 0 1 0 1
0 4 76 35 0 0 1 60 0 1 0 1
phys
0 4 68 18 0 0 1 60 0 1 0 1
0 4 76 35 0 0 1 60 0 1 0 1
0 4 68 35 0 0 1 60 0 1 0 1
phys
0 -4 68 35 0 0 1 60 0 1 0 1
0 -4 76 35 0 0 1 60 0 1 0 1
0 -4 76 18 0 0 1 60 0 1 0 1
phys
0 -4 68 35 0 0 1 60 0 1 0 1
0 -4 76 18 0 0 1 60 0 1 0 1
0 -4 68 18 0 0 1 60 0 1 0 1
phys
0 6 66 35 0 0 1 61 0 1 0 1
0 -6 66 35 0 0 1 61 0 1 0 1
0 -6 78 35 0 0 1 61 0 1 0 1
phys
0 6 66 35 0 0 1 61 0 1 0 1
0 -6 78 35 0 0 1 61 0 1 0 1
0 6 78 35 0 0 1 61 0 1 0 1
phys
0 -6 66 37 0 0 1 61 0 1 0 1
0 6 66 37 0 0 1 61 0 1 0 1
0 6 78 37 0 0 1 61 0 1 0 1
phys
0 -6 66 37 0 0 1 61 0 1 0 1
0 6 78 37 0 0 1 61 0 1 0 1
0 -6 78 37 0 0 1 61 0 1 0 1
phys
0 6 78 35 0 0 1 61 0 1 0 1
0 -6 78 35 0 0 1 61 0 1 0 1
0 -6 78 37 0 0 1 61 0 1 0 1
phys
0 6 78 35 0 0 1 61 0 1 0 1
0 -6 78 37 0 0 1 61 0 1 0 1
0 6 78 37 0 0 1 61 0 1 0 1
phys
0 6 66 37 0 0 1 61 0 1 0 1
0 -6 66 37 0 0 1 61 0 1 0 1
0 -6 66 35 0 0 1 61 0 1 0 1
phys
0 6 66 37 0 0 1 61 0 1 0 1
0 -6 66 35 0 0 1 61 0 1 0 1
0 6 66 35 0 0 1 61 0 1 0 1
phys
0 6 66 35 0 0 1 61 0 1 0 1
0 6 78 35 0 0 1 61 0 1 0 1
0 6 78 37 0 0 1 61 0 1 0 1
phys
0 6 66 35 0 0 1 61 0 1 0 1
0 6 78 37 0 0 1 61 0 1 0 1
0 6 66 37 0 0 1 61 0 1 0 1
phys
0 -6 66 37 0 0 1 61 0 1 0 1
0 -6 78 37 0 0 1 61 0 1 0 1
0 -6 78 35 0 0 1 61 0 1 0 1
phys
0 -6 66 37 0 0 1 61 0 1 0 1
0 -6 78 35 0 0 1 61 0 1 0 1
0 -6 66 35 0 0 1 61 0 1 0 1
phys
0 8 80 37 0 0 1 62 0 1 0 1
0 -8 80 37 0 0 1 62 0 1 0 1
0 -8 96 37 0 0 1 62 0 1 0 1
phys
0 8 80 37 0 0 1 62 0 1 0 1
0 -8 96 37 0 0 1 62 0 1 0 1
0 8 96 37 0 0 1 62 0 1 0 1
phys
0 -8 80 41 0 0 1 62 0 1 0 1
0 8 80 41 0 0 1 62 0 1 0 1
0 8 96 41 0 0 1 62 0 1 0 1
phys
0 -8 80 41 0 0 1 62 0 1 0 1
0 8 96 41 0 0 1 62 0 1 0 1
0 -8 96 41 0 0 1 62 0 1 0 1
phys
0 8 96 37 0 0 1 62 0 1 0 1
0 -8 96 37 0 0 1 62 0 1 0 1
0 -8 96 41 0 0 1 62 0 1 0 1
phys
0 8 96 37 0 0 1 62 0 1 0 1
0 -8 96 41 0 0 1 62 0 1 0 1
0 8 96 41 0 0 1 62 0 1 0 1
phys
0 8 80 41 0 0 1 62 0 1 0 1
0 -8 80 41 0 0 1 62 0 1 0 1
0 -8 80 37 0 0 1 62 0 1 0 1
phys
0 8 80 41 0 0 1 62 0 1 0 1
0 -8 80 37 0 0 1 62 0 1 0 1
0 8 80 37 0 0 1 62 0 1 0 1
phys
0 8 80 37 0 0 1 62 0 1 0 1
0 8 96 37 0 0 1 62 0 1 0 1
0 8 96 41 0 0 1 62 0 1 0 1
phys
0 8 80 37 0 0 1 62 0 1 0 1
0 8 96 41 0 0 1 62 0 1 0 1
0 8 80 41 0 0 1 62 0 1 0 1
phys
0 -8 80 41 0 0 1 62 0 1 0 1
0 -8 96 41 0 0 1 62 0 1 0 1
0 -8 96 37 0 0 1 62 0 1 0 1
phys
0 -8 80 41 0 0 1 62 0 1 0 1
0 -8 96 37 0 0 1 62 0 1 0 1
0 -8 80 37 0 0 1 62 0 1 0 1
phys
0 -4 84 35 0 0 1 63 0 1 0 1
0 4 84 35 0 0 1 63 0 1 0 1
0 4 92 35 0 0 1 63 0 1 0 1
phys
0 -4 84 35 0 0 1 63 0 1 0 1
0 4 92 35 0 0 1 63 0 1 0 1
0 -4 92 35 0 0 1 63 0 1 0 1
phys
0 4 84 18 0 0 1 63 0 1 0 1
0 -4 84 18 0 0 1 63 0 1 0 1
0 -4 92 18 0 0 1 63 0 1 0 1
phys
0 4 84 18 0 0 1 63 0 1 0 1
0 -4 92 18 0 0 1 63 0 1 0 1
0 4 92 18 0 0 1 63 0 1 0 1
phys
0 4 92 18 0 0 1 63 0 1 0 1
0 -4 92 18 0 0 1 63 0 1 0 1
0 -4 92 35 0 0 1 63 0 1 0 1
phys
0 4 92 18 0 0 1 63 0 1 0 1
0 -4 92 35 0 0 1 63 0 1 0 1
0 4 92 35 0 0 1 63 0 1 0 1
phys
0 4 84 35 0 0 1 63 0 1 0 1
0 -4 84 35 0 0 1 63 0 1 0 1
0 -4 84 18 0 0 1 63 0 1 0 1
phys
0 4 84 35 0 0 1 63 0 1 0 1
0 -4 84 18 0 0 1 63 0 1 0 1
0 4 84 18 0 0 1 63 0 1 0 1
phys
0 4 84 18 0 0 1 63 0 1 0 1
0 4 92 18 0 0 1 63 0 1 0 1
0 4 92 35 0 0 1 63 0 1 0 1
phys
0 4 84 18 0 0 1 63 0 1 0 1
0 4 92 35 0 0 1 63 0 1 0 1
0 4 84 35 0 0 1 63 0 1 0 1
phys
0 -4 84 35 0 0 1 63 0 1 0 1
0 -4 92 35 0 0 1 63 0 1 0 1
0 -4 92 18 0 0 1 63 0 1 0 1
phys
0 -4 84 35 0 0 1 63 0 1 0 1
0 -4 92 18 0 0 1 63 0 1 0 1
0 -4 84 18 0 0 1 63 0 1 0 1
phys
0 6 82 35 0 0 1 64 0 1 0 1
0 -6 82 35 0 0 1 64 0 1 0 1
0 -6 94 35 0 0 1 64 0 1 0 1
phys
0 6 82 35 0 0 1 64 0 1 0 1
0 -6 94 35 0 0 1 64 0 1 0 1
0 6 94 35 0 0 1 64 0 1 0 1
phys
0 -6 82 37 0 0 1 64 0 1 0 1
0 6 82 37 0 0 1 64 0 1 0 1
0 6 94 37 0 0 1 64 0 1 0 1
phys
0 -6 82 37 0 0 1 64 0 1 0 1
0 6 94 37 0 0 1 64 0 1 0 1
0 -6 94 37 0 0 1 64 0 1 0 1
phys
0 6 94 35 0 0 1 64 0 1 0 1
0 -6 94 35 0 0 1 64 0 1 0 1
0 -6 94 37 0 0 1 64 0 1 0 1
phys
0 6 94 35 0 0 1 64 0 1 0 1
0 -6 94 37 0 0 1 64 0 1 0 1
0 6 94 37 0 0 1 64 0 1 0 1
phys
0 6 82 37 0 0 1 64 0 1 0 1
0 -6 82 37 0 0 1 64 0 1 0 1
0 -6 82 35 0 0 1 64 0 1 0 1
phys
0 6 82 37 0 0 1 64 0 1 0 1
0 -6 82 35 0 0 1 64 0 1 0 1
0 6 82 35 0 0 1 64 0 1 0 1
phys
0 6 82 35 0 0 1 64 0 1 0 1
0 6 94 35 0 0 1 64 0 1 0 1
0 6 94 37 0 0 1 64 0 1 0 1
phys
0 6 82 35 0 0 1 64 0 1 0 1
0 6 94 37 0 0 1 64 0 1 0 1
0 6 82 37 0 0 1 64 0 1 0 1
phys
0 -6 82 37 0 0 1 64 0 1 0 1
0 -6 94 37 0 0 1 64 0 1 0 1
0 -6 94 35 0 0 1 64 0 1 0 1
phys
0 -6 82 37 0 0 1 64 0 1 0 1
0 -6 94 35 0 0 1 64 0 1 0 1
0 -6 82 35 0 0 1 64 0 1 0 1
phys
0 6 82 16 0 0 1 65 0 1 0 1
0 -6 82 16 0 0 1 65 0 1 0 1
0 -6 94 16 0 0 1 65 0 1 0 1
phys
0 6 82 16 0 0 1 65 0 1 0 1
0 -6 94 16 0 0 1 65 0 1 0 1
0 6 94 16 0 0 1 65 0 1 0 1
phys
0 -6 82 18 0 0 1 65 0 1 0 1
0 6 82 18 0 0 1 65 0 1 0 1
0 6 94 18 0 0 1 65 0 1 0 1
phys
0 -6 82 18 0 0 1 65 0 1 0 1
0 6 94 18 0 0 1 65 0 1 0 1
0 -6 94 18 0 0 1 65 0 1 0 1
phys
0 6 94 16 0 0 1 65 0 1 0 1
0 -6 94 16 0 0 1 65 0 1 0 1
0 -6 94 18 0 0 1 65 0 1 0 1
phys
0 6 94 16 0 0 1 65 0 1 0 1
0 -6 94 18 0 0 1 65 0 1 0 1
0 6 94 18 0 0 1 65 0 1 0 1
phys
0 6 82 18 0 0 1 65 0 1 0 1
0 -6 82 18 0 0 1 65 0 1 0 1
0 -6 82 16 0 0 1 65 0 1 0 1
phys
0 6 82 18 0 0 1 65 0 1 0 1
0 -6 82 16 0 0 1 65 0 1 0 1
0 6 82 16 0 0 1 65 0 1 0 1
phys
0 6 82 16 0 0 1 65 0 1 0 1
0 6 94 16 0 0 1 65 0 1 0 1
0 6 94 18 0 0 1 65 0 1 0 1
phys
0 6 82 16 0 0 1 65 0 1 0 1
0 6 94 18 0 0 1 65 0 1 0 1
0 6 82 18 0 0 1 65 0 1 0 1
phys
0 -6 82 18 0 0 1 65 0 1 0 1
0 -6 94 18 0 0 1 65 0 1 0 1
0 -6 94 16 0 0 1 65 0 1 0 1
phys
0 -6 82 18 0 0 1 65 0 1 0 1
0 -6 94 16 0 0 1 65 0 1 0 1
0 -6 82 16 0 0 1 65 0 1 0 1
phys
0 8 80 12 0 0 1 66 0 1 0 1
0 -8 80 12 0 0 1 66 0 1 0 1
0 -8 96 12 0 0 1 66 0 1 0 1
phys
0 8 80 12 0 0 1 66 0 1 0 1
0 -8 96 12 0 0 1 66 0 1 0 1
0 8 96 12 0 0 1 66 0 1 0 1
phys
0 -8 80 16 0 0 1 66 0 1 0 1
0 8 80 16 0 0 1 66 0 1 0 1
0 8 96 16 0 0 1 66 0 1 0 1
phys
0 -8 80 16 0 0 1 66 0 1 0 1
0 8 96 16 0 0 1 66 0 1 0 1
0 -8 96 16 0 0 1 66 0 1 0 1
phys
0 8 96 12 0 0 1 66 0 1 0 1
0 -8 96 12 0 0 1 66 0 1 0 1
0 -8 96 16 0 0 1 66 0 1 0 1
phys
0 8 96 12 0 0 1 66 0 1 0 1
0 -8 96 16 0 0 1 66 0 1 0 1
0 8 96 16 0 0 1 66 0 1 0 1
phys
0 8 80 16 0 0 1 66 0 1 0 1
0 -8 80 16 0 0 1 66 0 1 0 1
0 -8 80 12 0 0 1 66 0 1 0 1
phys
0 8 80 16 0 0 1 66 0 1 0 1
0 -8 80 12 0 0 1 66 0 1 0 1
0 8 80 12 0 0 1 66 0 1 0 1
phys
0 8 80 12 0 0 1 66 0 1 0 1
0 8 96 12 0 0 1 66 0 1 0 1
0 8 96 16 0 0 1 66 0 1 0 1
phys
0 8 80 12 0 0 1 66 0 1 0 1
0 8 96 16 0 0 1 66 0 1 0 1
0 8 80 16 0 0 1 66 0 1 0 1
phys
0 -8 80 16 0 0 1 66 0 1 0 1
0 -8 96 16 0 0 1 66 0 1 0 1
0 -8 96 12 0 0 1 66 0 1 0 1
phys
0 -8 80 16 0 0 1 66 0 1 0 1
0 -8 96 12 0 0 1 66 0 1 0 1
0 -8 80 12 0 0 1 66 0 1 0 1
phys
0 8 96 37 0 0 1 67 0 1 0 1
0 -8 96 37 0 0 1 67 0 1 0 1
0 -8 112 37 0 0 1 67 0 1 0 1
phys
0 8 96 37 0 0 1 67 0 1 0 1
0 -8 112 37 0 0 1 67 0 1 0 1
0 8 112 37 0 0 1 67 0 1 0 1
phys
0 -8 96 41 0 0 1 67 0 1 0 1
0 8 96 41 0 0 1 67 0 1 0 1
0 8 112 41 0 0 1 67 0 1 0 1
phys
0 -8 96 41 0 0 1 67 0 1 0 1
0 8 112 41 0 0 1 67 0 1 0 1
0 -8 112 41 0 0 1 67 0 1 0 1
phys
0 8 112 37 0 0 1 67 0 1 0 1
0 -8 112 37 0 0 1 67 0 1 0 1
0 -8 112 41 0 0 1 67 0 1 0 1
phys
0 8 112 37 0 0 1 67 0 1 0 1
0 -8 112 41 0 0 1 67 0 1 0 1
0 8 112 41 0 0 1 67 0 1 0 1
phys
0 8 96 41 0 0 1 67 0 1 0 1
0 -8 96 41 0 0 1 67 0 1 0 1
0 -8 96 37 0 0 1 67 0 1 0 1
phys
0 8 96 41 0 0 1 67 0 1 0 1
0 -8 96 37 0 0 1 67 0 1 0 1
0 8 96 37 0 0 1 67 0 1 0 1
phys
0 8 96 37 0 0 1 67 0 1 0 1
0 8 112 37 0 0 1 67 0 1 0 1
0 8 112 41 0 0 1 67 0 1 0 1
phys
0 8 96 37 0 0 1 67 0 1 0 1
0 8 112 41 0 0 1 67 0 1 0 1
0 8 96 41 0 0 1 67 0 1 0 1
phys
0 -8 96 41 0 0 1 67 0 1 0 1
0 -8 112 41 0 0 1 67 0 1 0 1
0 -8 112 37 0 0 1 67 0 1 0 1
phys
0 -8 96 41 0 0 1 67 0 1 0 1
0 -8 112 37 0 0 1 67 0 1 0 1
0 -8 96 37 0 0 1 67 0 1 0 1
phys
0 6 98 16 0 0 1 68 0 1 0 1
0 -6 98 16 0 0 1 68 0 1 0 1
0 -6 110 16 0 0 1 68 0 1 0 1
phys
0 6 98 16 0 0 1 68 0 1 0 1
0 -6 110 16 0 0 1 68 0 1 0 1
0 6 110 16 0 0 1 68 0 1 0 1
phys
0 -6 98 18 0 0 1 68 0 1 0 1
0 6 98 18 0 0 1 68 0 1 0 1
0 6 110 18 0 0 1 68 0 1 0 1
phys
0 -6 98 18 0 0 1 68 0 1 0 1
0 6 110 18 0 0 1 68 0 1 0 1
0 -6 110 18 0 0 1 68 0 1 0 1
phys
0 6 110 16 0 0 1 68 0 1 0 1
0 -6 110 16 0 0 1 68 0 1 0 1
0 -6 110 18 0 0 1 68 0 1 0 1
phys
0 6 110 16 0 0 1 68 0 1 0 1
0 -6 110 18 0 0 1 68 0 1 0 1
0 6 110 18 0 0 1 68 0 1 0 1
phys
0 6 98 18 0 0 1 68 0 1 0 1
0 -6 98 18 0 0 1 68 0 1 0 1
0 -6 98 16 0 0 1 68 0 1 0 1
phys
0 6 98 18 0 0 1 68 0 1 0 1
0 -6 98 16 0 0 1 68 0 1 0 1
0 6 98 16 0 0 1 68 0 1 0 1
phys
0 6 98 16 0 0 1 68 0 1 0 1
0 6 110 16 0 0 1 68 0 1 0 1
0 6 110 18 0 0 1 68 0 1 0 1
phys
0 6 98 16 0 0 1 68 0 1 0 1
0 6 110 18 0 0 1 68 0 1 0 1
0 6 98 18 0 0 1 68 0 1 0 1
phys
0 -6 98 18 0 0 1 68 0 1 0 1
0 -6 110 18 0 0 1 68 0 1 0 1
0 -6 110 16 0 0 1 68 0 1 0 1
phys
0 -6 98 18 0 0 1 68 0 1 0 1
0 -6 110 16 0 0 1 68 0 1 0 1
0 -6 98 16 0 0 1 68 0 1 0 1
phys
0 8 96 12 0 0 1 69 0 1 0 1
0 -8 96 12 0 0 1 69 0 1 0 1
0 -8 112 12 0 0 1 69 0 1 0 1
phys
0 8 96 12 0 0 1 69 0 1 0 1
0 -8 112 12 0 0 1 69 0 1 0 1
0 8 112 12 0 0 1 69 0 1 0 1
phys
0 -8 96 16 0 0 1 69 0 1 0 1
0 8 96 16 0 0 1 69 0 1 0 1
0 8 112 16 0 0 1 69 0 1 0 1
phys
0 -8 96 16 0 0 1 69 0 1 0 1
0 8 112 16 0 0 1 69 0 1 0 1
0 -8 112 16 0 0 1 69 0 1 0 1
phys
0 8 112 12 0 0 1 69 0 1 0 1
0 -8 112 12 0 0 1 69 0 1 0 1
0 -8 112 16 0 0 1 69 0 1 0 1
phys
0 8 112 12 0 0 1 69 0 1 0 1
0 -8 112 16 0 0 1 69 0 1 0 1
0 8 112 16 0 0 1 69 0 1 0 1
phys
0 8 96 16 0 0 1 69 0 1 0 1
0 -8 96 16 0 0 1 69 0 1 0 1
0 -8 96 12 0 0 1 69 0 1 0 1
phys
0 8 96 16 0 0 1 69 0 1 0 1
0 -8 96 12 0 0 1 69 0 1 0 1
0 8 96 12 0 0 1 69 0 1 0 1
phys
0 8 96 12 0 0 1 69 0 1 0 1
0 8 112 12 0 0 1 69 0 1 0 1
0 8 112 16 0 0 1 69 0 1 0 1
phys
0 8 96 12 0 0 1 69 0 1 0 1
0 8 112 16 0 0 1 69 0 1 0 1
0 8 96 16 0 0 1 69 0 1 0 1
phys
0 -8 96 16 0 0 1 69 0 1 0 1
0 -8 112 16 0 0 1 69 0 1 0 1
0 -8 112 12 0 0 1 69 0 1 0 1
phys
0 -8 96 16 0 0 1 69 0 1 0 1
0 -8 112 12 0 0 1 69 0 1 0 1
0 -8 96 12 0 0 1 69 0 1 0 1
phys
0 -4 100 35 0 0 1 70 0 1 0 1
0 4 100 35 0 0 1 70 0 1 0 1
0 4 108 35 0 0 1 70 0 1 0 1
phys
0 -4 100 35 0 0 1 70 0 1 0 1
0 4 108 35 0 0 1 70 0 1 0 1
0 -4 108 35 0 0 1 70 0 1 0 1
phys
0 4 100 18 0 0 1 70 0 1 0 1
0 -4 100 18 0 0 1 70 0 1 0 1
0 -4 108 18 0 0 1 70 0 1 0 1
phys
0 4 100 18 0 0 1 70 0 1 0 1
0 -4 108 18 0 0 1 70 0 1 0 1
0 4 108 18 0 0 1 70 0 1 0 1
phys
0 4 108 18 0 0 1 70 0 1 0 1
0 -4 108 18 0 0 1 70 0 1 0 1
0 -4 108 35 0 0 1 70 0 1 0 1
phys
0 4 108 18 0 0 1 70 0 1 0 1
0 -4 108 35 0 0 1 70 0 1 0 1
0 4 108 35 0 0 1 70 0 1 0 1
phys
0 4 100 35 0 0 1 70 0 1 0 1
0 -4 100 35 0 0 1 70 0 1 0 1
0 -4 100 18 0 0 1 70 0 1 0 1
phys
0 4 100 35 0 0 1 70 0 1 0 1
0 -4 100 18 0 0 1 70 0 1 0 1
0 4 100 18 0 0 1 70 0 1 0 1
phys
0 4 100 18 0 0 1 70 0 1 0 1
0 4 108 18 0 0 1 70 0 1 0 1
0 4 108 35 0 0 1 70 0 1 0 1
phys
0 4 100 18 0 0 1 70 0 1 0 1
0 4 108 35 0 0 1 70 0 1 0 1
0 4 100 35 0 0 1 70 0 1 0 1
phys
0 -4 100 35 0 0 1 70 0 1 0 1
0 -4 108 35 0 0 1 70 0 1 0 1
0 -4 108 18 0 0 1 70 0 1 0 1
phys
0 -4 100 35 0 0 1 70 0 1 0 1
0 -4 108 18 0 0 1 70 0 1 0 1
0 -4 100 18 0 0 1 70 0 1 0 1
phys
0 6 98 35 0 0 1 71 0 1 0 1
0 -6 98 35 0 0 1 71 0 1 0 1
0 -6 110 35 0 0 1 71 0 1 0 1
phys
0 6 98 35 0 0 1 71 0 1 0 1
0 -6 110 35 0 0 1 71 0 1 0 1
0 6 110 35 0 0 1 71 0 1 0 1
phys
0 -6 98 37 0 0 1 71 0 1 0 1
0 6 98 37 0 0 1 71 0 1 0 1
0 6 110 37 0 0 1 71 0 1 0 1
phys
0 -6 98 37 0 0 1 71 0 1 0 1
0 6 110 37 0 0 1 71 0 1 0 1
0 -6 110 37 0 0 1 71 0 1 0 1
phys
0 6 110 35 0 0 1 71 0 1 0 1
0 -6 110 35 0 0 1 71 0 1 0 1
0 -6 110 37 0 0 1 71 0 1 0 1
phys
0 6 110 35 0 0 1 71 0 1 0 1
0 -6 110 37 0 0 1 71 0 1 0 1
0 6 110 37 0 0 1 71 0 1 0 1
phys
0 6 98 37 0 0 1 71 0 1 0 1
0 -6 98 37 0 0 1 71 0 1 0 1
0 -6 98 35 0 0 1 71 0 1 0 1
phys
0 6 98 37 0 0 1 71 0 1 0 1
0 -6 98 35 0 0 1 71 0 1 0 1
0 6 98 35 0 0 1 71 0 1 0 1
phys
0 6 98 35 0 0 1 71 0 1 0 1
0 6 110 35 0 0 1 71 0 1 0 1
0 6 110 37 0 0 1 71 0 1 0 1
phys
0 6 98 35 0 0 1 71 0 1 0 1
0 6 110 37 0 0 1 71 0 1 0 1
0 6 98 37 0 0 1 71 0 1 0 1
phys
0 -6 98 37 0 0 1 71 0 1 0 1
0 -6 110 37 0 0 1 71 0 1 0 1
0 -6 110 35 0 0 1 71 0 1 0 1
phys
0 -6 98 37 0 0 1 71 0 1 0 1
0 -6 110 35 0 0 1 71 0 1 0 1
0 -6 98 35 0 0 1 71 0 1 0 1
phys
0 8 112 37 0 0 1 72 0 1 0 1
0 -8 112 37 0 0 1 72 0 1 0 1
0 -8 128 37 0 0 1 72 0 1 0 1
phys
0 8 112 37 0 0 1 72 0 1 0 1
0 -8 128 37 0 0 1 72 0 1 0 1
0 8 128 37 0 0 1 72 0 1 0 1
phys
0 -8 112 41 0 0 1 72 0 1 0 1
0 8 112 41 0 0 1 72 0 1 0 1
0 8 128 41 0 0 1 72 0 1 0 1
phys
0 -8 112 41 0 0 1 72 0 1 0 1
0 8 128 41 0 0 1 72 0 1 0 1
0 -8 128 41 0 0 1 72 0 1 0 1
phys
0 8 128 37 0 0 1 72 0 1 0 1
0 -8 128 37 0 0 1 72 0 1 0 1
0 -8 128 41 0 0 1 72 0 1 0 1
phys
0 8 128 37 0 0 1 72 0 1 0 1
0 -8 128 41 0 0 1 72 0 1 0 1
0 8 128 41 0 0 1 72 0 1 0 1
phys
0 8 112 41 0 0 1 72 0 1 0 1
0 -8 112 41 0 0 1 72 0 1 0 1
0 -8 112 37 0 0 1 72 0 1 0 1
phys
0 8 112 41 0 0 1 72 0 1 0 1
0 -8 112 37 0 0 1 72 0 1 0 1
0 8 112 37 0 0 1 72 0 1 0 1
phys
0 8 112 37 0 0 1 72 0 1 0 1
0 8 128 37 0 0 1 72 0 1 0 1
0 8 128 41 0 0 1 72 0 1 0 1
phys
0 8 112 37 0 0 1 72 0 1 0 1
0 8 128 41 0 0 1 72 0 1 0 1
0 8 112 41 0 0 1 72 0 1 0 1
phys
0 -8 112 41 0 0 1 72 0 1 0 1
0 -8 128 41 0 0 1 72 0 1 0 1
0 -8 128 37 0 0 1 72 0 1 0 1
phys
0 -8 112 41 0 0 1 72 0 1 0 1
0 -8 128 37 0 0 1 72 0 1 0 1
0 -8 112 37 0 0 1 72 0 1 0 1
phys
0 -4 116 35 0 0 1 73 0 1 0 1
0 4 116 35 0 0 1 73 0 1 0 1
0 4 124 35 0 0 1 73 0 1 0 1
phys
0 -4 116 35 0 0 1 73 0 1 0 1
0 4 124 35 0 0 1 73 0 1 0 1
0 -4 124 35 0 0 1 73 0 1 0 1
phys
0 4 116 18 0 0 1 73 0 1 0 1
0 -4 116 18 0 0 1 73 0 1 0 1
0 -4 124 18 0 0 1 73 0 1 0 1
phys
0 4 116 18 0 0 1 73 0 1 0 1
0 -4 124 18 0 0 1 73 0 1 0 1
0 4 124 18 0 0 1 73 0 1 0 1
phys
0 4 124 18 0 0 1 73 0 1 0 1
0 -4 124 18 0 0 1 73 0 1 0 1
0 -4 124 35 0 0 1 73 0 1 0 1
phys
0 4 124 18 0 0 1 73 0 1 0 1
0 -4 124 35 0 0 1 73 0 1 0 1
0 4 124 35 0 0 1 73 0 1 0 1
phys
0 4 116 35 0 0 1 73 0 1 0 1
0 -4 116 35 0 0 1 73 0 1 0 1
0 -4 116 18 0 0 1 73 0 1 0 1
phys
0 4 116 35 0 0 1 73 0 1 0 1
0 -4 116 18 0 0 1 73 0 1 0 1
0 4 116 18 0 0 1 73 0 1 0 1
phys
0 4 116 18 0 0 1 73 0 1 0 1
0 4 124 18 0 0 1 73 0 1 0 1
0 4 124 35 0 0 1 73 0 1 0 1
phys
0 4 116 18 0 0 1 73 0 1 0 1
0 4 124 35 0 0 1 73 0 1 0 1
0 4 116 35 0 0 1 73 0 1 0 1
phys
0 -4 116 35 0 0 1 73 0 1 0 1
0 -4 124 35 0 0 1 73 0 1 0 1
0 -4 124 18 0 0 1 73 0 1 0 1
phys
0 -4 116 35 0 0 1 73 0 1 0 1
0 -4 124 18 0 0 1 73 0 1 0 1
0 -4 116 18 0 0 1 73 0 1 0 1
phys
0 6 114 35 0 0 1 74 0 1 0 1
0 -6 114 35 0 0 1 74 0 1 0 1
0 -6 126 35 0 0 1 74 0 1 0 1
phys
0 6 114 35 0 0 1 74 0 1 0 1
0 -6 126 35 0 0 1 74 0 1 0 1
0 6 126 35 0 0 1 74 0 1 0 1
phys
0 -6 114 37 0 0 1 74 0 1 0 1
0 6 114 37 0 0 1 74 0 1 0 1
0 6 126 37 0 0 1 74 0 1 0 1
phys
0 -6 114 37 0 0 1 74 0 1 0 1
0 6 126 37 0 0 1 74 0 1 0 1
0 -6 126 37 0 0 1 74 0 1 0 1
phys
0 6 126 35 0 0 1 74 0 1 0 1
0 -6 126 35 0 0 1 74 0 1 0 1
0 -6 126 37 0 0 1 74 0 1 0 1
phys
0 6 126 35 0 0 1 74 0 1 0 1
0 -6 126 37 0 0 1 74 0 1 0 1
0 6 126 37 0 0 1 74 0 1 0 1
phys
0 6 114 37 0 0 1 74 0 1 0 1
0 -6 114 37 0 0 1 74 0 1 0 1
0 -6 114 35 0 0 1 74 0 1 0 1
phys
0 6 114 37 0 0 1 74 0 1 0 1
0 -6 114 35 0 0 1 74 0 1 0 1
0 6 114 35 0 0 1 74 0 1 0 1
phys
0 6 114 35 0 0 1 74 0 1 0 1
0 6 126 35 0 0 1 74 0 1 0 1
0 6 126 37 0 0 1 74 0 1 0 1
phys
0 6 114 35 0 0 1 74 0 1 0 1
0 6 126 37 0 0 1 74 0 1 0 1
0 6 114 37 0 0 1 74 0 1 0 1
phys
0 -6 114 37 0 0 1 74 0 1 0 1
0 -6 126 37 0 0 1 74 0 1 0 1
0 -6 126 35 0 0 1 74 0 1 0 1
phys
0 -6 114 37 0 0 1 74 0 1 0 1
0 -6 126 35 0 0 1 74 0 1 0 1
0 -6 114 35 0 0 1 74 0 1 0 1
phys
0 6 114 16 0 0 1 75 0 1 0 1
0 -6 114 16 0 0 1 75 0 1 0 1
0 -6 126 16 0 0 1 75 0 1 0 1
phys
0 6 114 16 0 0 1 75 0 1 0 1
0 -6 126 16 0 0 1 75 0 1 0 1
0 6 126 16 0 0 1 75 0 1 0 1
phys
0 -6 114 18 0 0 1 75 0 1 0 1
0 6 114 18 0 0 1 75 0 1 0 1
0 6 126 18 0 0 1 75 0 1 0 1
phys
0 -6 114 18 0 0 1 75 0 1 0 1
0 6 126 18 0 0 1 75 0 1 0 1
0 -6 126 18 0 0 1 75 0 1 0 1
phys
0 6 126 16 0 0 1 75 0 1 0 1
0 -6 126 16 0 0 1 75 0 1 0 1
0 -6 126 18 0 0 1 75 0 1 0 1
phys
0 6 126 16 0 0 1 75 0 1 0 1
0 -6 126 18 0 0 1 75 0 1 0 1
0 6 126 18 0 0 1 75 0 1 0 1
phys
0 6 114 18 0 0 1 75 0 1 0 1
0 -6 114 18 0 0 1 75 0 1 0 1
0 -6 114 16 0 0 1 75 0 1 0 1
phys
0 6 114 18 0 0 1 75 0 1 0 1
0 -6 114 16 0 0 1 75 0 1 0 1
0 6 114 16 0 0 1 75 0 1 0 1
phys
0 6 114 16 0 0 1 75 0 1 0 1
0 6 126 16 0 0 1 75 0 1 0 1
0 6 126 18 0 0 1 75 0 1 0 1
phys
0 6 114 16 0 0 1 75 0 1 0 1
0 6 126 18 0 0 1 75 0 1 0 1
0 6 114 18 0 0 1 75 0 1 0 1
phys
0 -6 114 18 0 0 1 75 0 1 0 1
0 -6 126 18 0 0 1 75 0 1 0 1
0 -6 126 16 0 0 1 75 0 1 0 1
phys
0 -6 114 18 0 0 1 75 0 1 0 1
0 -6 126 16 0 0 1 75 0 1 0 1
0 -6 114 16 0 0 1 75 0 1 0 1
phys
0 8 112 12 0 0 1 76 0 1 0 1
0 -8 112 12 0 0 1 76 0 1 0 1
0 -8 128 12 0 0 1 76 0 1 0 1
phys
0 8 112 12 0 0 1 76 0 1 0 1
0 -8 128 12 0 0 1 76 0 1 0 1
0 8 128 12 0 0 1 76 0 1 0 1
phys
0 -8 112 16 0 0 1 76 0 1 0 1
0 8 112 16 0 0 1 76 0 1 0 1
0 8 128 16 0 0 1 76 0 1 0 1
phys
0 -8 112 16 0 0 1 76 0 1 0 1
0 8 128 16 0 0 1 76 0 1 0 1
0 -8 128 16 0 0 1 76 0 1 0 1
phys
0 8 128 12 0 0 1 76 0 1 0 1
0 -8 128 12 0 0 1 76 0 1 0 1
0 -8 128 16 0 0 1 76 0 1 0 1
phys
0 8 128 12 0 0 1 76 0 1 0 1
0 -8 128 16 0 0 1 76 0 1 0 1
0 8 128 16 0 0 1 76 0 1 0 1
phys
0 8 112 16 0 0 1 76 0 1 0 1
0 -8 112 16 0 0 1 76 0 1 0 1
0 -8 112 12 0 0 1 76 0 1 0 1
phys
0 8 112 16 0 0 1 76 0 1 0 1
0 -8 112 12 0 0 1 76 0 1 0 1
0 8 112 12 0 0 1 76 0 1 0 1
phys
0 8 112 12 0 0 1 76 0 1 0 1
0 8 128 12 0 0 1 76 0 1 0 1
0 8 128 16 0 0 1 76 0 1 0 1
phys
0 8 112 12 0 0 1 76 0 1 0 1
0 8 128 16 0 0 1 76 0 1 0 1
0 8 112 16 0 0 1 76 0 1 0 1
phys
0 -8 112 16 0 0 1 76 0 1 0 1
0 -8 128 16 0 0 1 76 0 1 0 1
0 -8 128 12 0 0 1 76 0 1 0 1
phys
0 -8 112 16 0 0 1 76 0 1 0 1
0 -8 128 12 0 0 1 76 0 1 0 1
0 -8 112 12 0 0 1 76 0 1 0 1
phys
0 8 128 37 0 0 1 77 0 1 0 1
0 -8 128 37 0 0 1 77 0 1 0 1
0 -8 144 37 0 0 1 77 0 1 0 1
phys
0 8 128 37 0 0 1 77 0 1 0 1
0 -8 144 37 0 0 1 77 0 1 0 1
0 8 144 37 0 0 1 77 0 1 0 1
phys
0 -8 128 41 0 0 1 77 0 1 0 1
0 8 128 41 0 0 1 77 0 1 0 1
0 8 144 41 0 0 1 77 0 1 0 1
phys
0 -8 128 41 0 0 1 77 0 1 0 1
0 8 144 41 0 0 1 77 0 1 0 1
0 -8 144 41 0 0 1 77 0 1 0 1
phys
0 8 144 37 0 0 1 77 0 1 0 1
0 -8 144 37 0 0 1 77 0 1 0 1
0 -8 144 41 0 0 1 77 0 1 0 1
phys
0 8 144 37 0 0 1 77 0 1 0 1
0 -8 144 41 0 0 1 77 0 1 0 1
0 8 144 41 0 0 1 77 0 1 0 1
phys
0 8 128 41 0 0 1 77 0 1 0 1
0 -8 128 41 0 0 1 77 0 1 0 1
0 -8 128 37 0 0 1 77 0 1 0 1
phys
0 8 128 41 0 0 1 77 0 1 0 1
0 -8 128 37 0 0 1 77 0 1 0 1
0 8 128 37 0 0 1 77 0 1 0 1
phys
0 8 128 37 0 0 1 77 0 1 0 1
0 8 144 37 0 0 1 77 0 1 0 1
0 8 144 41 0 0 1 77 0 1 0 1
phys
0 8 128 37 0 0 1 77 0 1 0 1
0 8 144 41 0 0 1 77 0 1 0 1
0 8 128 41 0 0 1 77 0 1 0 1
phys
0 -8 128 41 0 0 1 77 0 1 0 1
0 -8 144 41 0 0 1 77 0 1 0 1
0 -8 144 37 0 0 1 77 0 1 0 1
phys
0 -8 128 41 0 0 1 77 0 1 0 1
0 -8 144 37 0 0 1 77 0 1 0 1
0 -8 128 37 0 0 1 77 0 1 0 1
phys
0 6 130 16 0 0 1 78 0 1 0 1
0 -6 130 16 0 0 1 78 0 1 0 1
0 -6 142 16 0 0 1 78 0 1 0 1
phys
0 6 130 16 0 0 1 78 0 1 0 1
0 -6 142 16 0 0 1 78 0 1 0 1
0 6 142 16 0 0 1 78 0 1 0 1
phys
0 -6 130 18 0 0 1 78 0 1 0 1
0 6 130 18 0 0 1 78 0 1 0 1
0 6 142 18 0 0 1 78 0 1 0 1
phys
0 -6 130 18 0 0 1 78 0 1 0 1
0 6 142 18 0 0 1 78 0 1 0 1
0 -6 142 18 0 0 1 78 0 1 0 1
phys
0 6 142 16 0 0 1 78 0 1 0 1
0 -6 142 16 0 0 1 78 0 1 0 1
0 -6 142 18 0 0 1 78 0 1 0 1
phys
0 6 142 16 0 0 1 78 0 1 0 1
0 -6 142 18 0 0 1 78 0 1 0 1
0 6 142 18 0 0 1 78 0 1 0 1
phys
0 6 130 18 0 0 1 78 0 1 0 1
0 -6 130 18 0 0 1 78 0 1 0 1
0 -6 130 16 0 0 1 78 0 1 0 1
phys
0 6 130 18 0 0 1 78 0 1 0 1
0 -6 130 16 0 0 1 78 0 1 0 1
0 6 130 16 0 0 1 78 0 1 0 1
phys
0 6 130 16 0 0 1 78 0 1 0 1
0 6 142 16 0 0 1 78 0 1 0 1
0 6 142 18 0 0 1 78 0 1 0 1
phys
0 6 130 16 0 0 1 78 0 1 0 1
0 6 142 18 0 0 1 78 0 1 0 1
0 6 130 18 0 0 1 78 0 1 0 1
phys
0 -6 130 18 0 0 1 78 0 1 0 1
0 -6 142 18 0 0 1 78 0 1 0 1
0 -6 142 16 0 0 1 78 0 1 0 1
phys
0 -6 130 18 0 0 1 78 0 1 0 1
0 -6 142 16 0 0 1 78 0 1 0 1
0 -6 130 16 0 0 1 78 0 1 0 1
phys
0 8 128 12 0 0 1 79 0 1 0 1
0 -8 128 12 0 0 1 79 0 1 0 1
0 -8 144 12 0 0 1 79 0 1 0 1
phys
0 8 128 12 0 0 1 79 0 1 0 1
0 -8 144 12 0 0 1 79 0 1 0 1
0 8 144 12 0 0 1 79 0 1 0 1
phys
0 -8 128 16 0 0 1 79 0 1 0 1
0 8 128 16 0 0 1 79 0 1 0 1
0 8 144 16 0 0 1 79 0 1 0 1
phys
0 -8 128 16 0 0 1 79 0 1 0 1
0 8 144 16 0 0 1 79 0 1 0 1
0 -8 144 16 0 0 1 79 0 1 0 1
phys
0 8 144 12 0 0 1 79 0 1 0 1
0 -8 144 12 0 0 1 79 0 1 0 1
0 -8 144 16 0 0 1 79 0 1 0 1
phys
0 8 144 12 0 0 1 79 0 1 0 1
0 -8 144 16 0 0 1 79 0 1 0 1
0 8 144 16 0 0 1 79 0 1 0 1
phys
0 8 128 16 0 0 1 79 0 1 0 1
0 -8 128 16 0 0 1 79 0 1 0 1
0 -8 128 12 0 0 1 79 0 1 0 1
phys
0 8 128 16 0 0 1 79 0 1 0 1
0 -8 128 12 0 0 1 79 0 1 0 1
0 8 128 12 0 0 1 79 0 1 0 1
phys
0 8 128 12 0 0 1 79 0 1 0 1
0 8 144 12 0 0 1 79 0 1 0 1
0 8 144 16 0 0 1 79 0 1 0 1
phys
0 8 128 12 0 0 1 79 0 1 0 1
0 8 144 16 0 0 1 79 0 1 0 1
0 8 128 16 0 0 1 79 0 1 0 1
phys
0 -8 128 16 0 0 1 79 0 1 0 1
0 -8 144 16 0 0 1 79 0 1 0 1
0 -8 144 12 0 0 1 79 0 1 0 1
phys
0 -8 128 16 0 0 1 79 0 1 0 1
0 -8 144 12 0 0 1 79 0 1 0 1
0 -8 128 12 0 0 1 79 0 1 0 1
phys
0 -4 132 35 0 0 1 80 0 1 0 1
0 4 132 35 0 0 1 80 0 1 0 1
0 4 140 35 0 0 1 80 0 1 0 1
phys
0 -4 132 35 0 0 1 80 0 1 0 1
0 4 140 35 0 0 1 80 0 1 0 1
0 -4 140 35 0 0 1 80 0 1 0 1
phys
0 4 132 18 0 0 1 80 0 1 0 1
0 -4 132 18 0 0 1 80 0 1 0 1
0 -4 140 18 0 0 1 80 0 1 0 1
phys
0 4 132 18 0 0 1 80 0 1 0 1
0 -4 140 18 0 0 1 80 0 1 0 1
0 4 140 18 0 0 1 80 0 1 0 1
phys
0 4 140 18 0 0 1 80 0 1 0 1
0 -4 140 18 0 0 1 80 0 1 0 1
0 -4 140 35 0 0 1 80 0 1 0 1
phys
0 4 140 18 0 0 1 80 0 1 0 1
0 -4 140 35 0 0 1 80 0 1 0 1
0 4 140 35 0 0 1 80 0 1 0 1
phys
0 4 132 35 0 0 1 80 0 1 0 1
0 -4 132 35 0 0 1 80 0 1 0 1
0 -4 132 18 0 0 1 80 0 1 0 1
phys
0 4 132 35 0 0 1 80 0 1 0 1
0 -4 132 18 0 0 1 80 0 1 0 1
0 4 132 18 0 0 1 80 0 1 0 1
phys
0 4 132 18 0 0 1 80 0 1 0 1
0 4 140 18 0 0 1 80 0 1 0 1
0 4 140 35 0 0 1 80 0 1 0 1
phys
0 4 132 18 0 0 1 80 0 1 0 1
0 4 140 35 0 0 1 80 0 1 0 1
0 4 132 35 0 0 1 80 0 1 0 1
phys
0 -4 132 35 0 0 1 80 0 1 0 1
0 -4 140 35 0 0 1 80 0 1 0 1
0 -4 140 18 0 0 1 80 0 1 0 1
phys
0 -4 132 35 0 0 1 80 0 1 0 1
0 -4 140 18 0 0 1 80 0 1 0 1
0 -4 132 18 0 0 1 80 0 1 0 1
phys
0 6 130 35 0 0 1 81 0 1 0 1
0 -6 130 35 0 0 1 81 0 1 0 1
0 -6 142 35 0 0 1 81 0 1 0 1
phys
0 6 130 35 0 0 1 81 0 1 0 1
0 -6 142 35 0 0 1 81 0 1 0 1
0 6 142 35 0 0 1 81 0 1 0 1
phys
0 -6 130 37 0 0 1 81 0 1 0 1
0 6 130 37 0 0 1 81 0 1 0 1
0 6 142 37 0 0 1 81 0 1 0 1
phys
0 -6 130 37 0 0 1 81 0 1 0 1
0 6 142 37 0 0 1 81 0 1 0 1
0 -6 142 37 0 0 1 81 0 1 0 1
phys
0 6 142 35 0 0 1 81 0 1 0 1
0 -6 142 35 0 0 1 81 0 1 0 1
0 -6 142 37 0 0 1 81 0 1 0 1
phys
0 6 142 35 0 0 1 81 0 1 0 1
0 -6 142 37 0 0 1 81 0 1 0 1
0 6 142 37 0 0 1 81 0 1 0 1
phys
0 6 130 37 0 0 1 81 0 1 0 1
0 -6 130 37 0 0 1 81 0 1 0 1
0 -6 130 35 0 0 1 81 0 1 0 1
phys
0 6 130 37 0 0 1 81 0 1 0 1
0 -6 130 35 0 0 1 81 0 1 0 1
0 6 130 35 0 0 1 81 0 1 0 1
phys
0 6 130 35 0 0 1 81 0 1 0 1
0 6 142 35 0 0 1 81 0 1 0 1
0 6 142 37 0 0 1 81 0 1 0 1
phys
0 6 130 35 0 0 1 81 0 1 0 1
0 6 142 37 0 0 1 81 0 1 0 1
0 6 130 37 0 0 1 81 0 1 0 1
phys
0 -6 130 37 0 0 1 81 0 1 0 1
0 -6 142 37 0 0 1 81 0 1 0 1
0 -6 142 35 0 0 1 81 0 1 0 1
phys
0 -6 130 37 0 0 1 81 0 1 0 1
0 -6 142 35 0 0 1 81 0 1 0 1
0 -6 130 35 0 0 1 81 0 1 0 1
phys
0 8 144 37 0 0 1 82 0 1 0 1
0 -8 144 37 0 0 1 82 0 1 0 1
0 -8 160 37 0 0 1 82 0 1 0 1
phys
0 8 144 37 0 0 1 82 0 1 0 1
0 -8 160 37 0 0 1 82 0 1 0 1
0 8 160 37 0 0 1 82 0 1 0 1
phys
0 -8 144 41 0 0 1 82 0 1 0 1
0 8 144 41 0 0 1 82 0 1 0 1
0 8 160 41 0 0 1 82 0 1 0 1
phys
0 -8 144 41 0 0 1 82 0 1 0 1
0 8 160 41 0 0 1 82 0 1 0 1
0 -8 160 41 0 0 1 82 0 1 0 1
phys
0 8 160 37 0 0 1 82 0 1 0 1
0 -8 160 37 0 0 1 82 0 1 0 1
0 -8 160 41 0 0 1 82 0 1 0 1
phys
0 8 160 37 0 0 1 82 0 1 0 1
0 -8 160 41 0 0 1 82 0 1 0 1
0 8 160 41 0 0 1 82 0 1 0 1
phys
0 8 144 41 0 0 1 82 0 1 0 1
0 -8 144 41 0 0 1 82 0 1 0 1
0 -8 144 37 0 0 1 82 0 1 0 1
phys
0 8 144 41 0 0 1 82 0 1 0 1
0 -8 144 37 0 0 1 82 0 1 0 1
0 8 144 37 0 0 1 82 0 1 0 1
phys
0 8 144 37 0 0 1 82 0 1 0 1
0 8 160 37 0 0 1 82 0 1 0 1
0 8 160 41 0 0 1 82 0 1 0 1
phys
0 8 144 37 0 0 1 82 0 1 0 1
0 8 160 41 0 0 1 82 0 1 0 1
0 8 144 41 0 0 1 82 0 1 0 1
phys
0 -8 144 41 0 0 1 82 0 1 0 1
0 -8 160 41 0 0 1 82 0 1 0 1
0 -8 160 37 0 0 1 82 0 1 0 1
phys
0 -8 144 41 0 0 1 82 0 1 0 1
0 -8 160 37 0 0 1 82 0 1 0 1
0 -8 144 37 0 0 1 82 0 1 0 1
phys
0 -4 148 35 0 0 1 83 0 1 0 1
0 4 148 35 0 0 1 83 0 1 0 1
0 4 156 35 0 0 1 83 0 1 0 1
phys
0 -4 148 35 0 0 1 83 0 1 0 1
0 4 156 35 0 0 1 83 0 1 0 1
0 -4 156 35 0 0 1 83 0 1 0 1
phys
0 4 148 18 0 0 1 83 0 1 0 1
0 -4 148 18 0 0 1 83 0 1 0 1
0 -4 156 18 0 0 1 83 0 1 0 1
phys
0 4 148 18 0 0 1 83 0 1 0 1
0 -4 156 18 0 0 1 83 0 1 0 1
0 4 156 18 0 0 1 83 0 1 0 1
phys
0 4 156 18 0 0 1 83 0 1 0 1
0 -4 156 18 0 0 1 83 0 1 0 1
0 -4 156 35 0 0 1 83 0 1 0 1
phys
0 4 156 18 0 0 1 83 0 1 0 1
0 -4 156 35 0 0 1 83 0 1 0 1
0 4 156 35 0 0 1 83 0 1 0 1
phys
0 4 148 35 0 0 1 83 0 1 0 1
0 -4 148 35 0 0 1 83 0 1 0 1
0 -4 148 18 0 0 1 83 0 1 0 1
phys
0 4 148 35 0 0 1 83 0 1 0 1
0 -4 148 18 0 0 1 83 0 1 0 1
0 4 148 18 0 0 1 83 0 1 0 1
phys
0 4 148 18 0 0 1 83 0 1 0 1
0 4 156 18 0 0 1 83 0 1 0 1
0 4 156 35 0 0 1 83 0 1 0 1
phys
0 4 148 18 0 0 1 83 0 1 0 1
0 4 156 35 0 0 1 83 0 1 0 1
0 4 148 35 0 0 1 83 0 1 0 1
phys
0 -4 148 35 0 0 1 83 0 1 0 1
0 -4 156 35 0 0 1 83 0 1 0 1
0 -4 156 18 0 0 1 83 0 1 0 1
phys
0 -4 148 35 0 0 1 83 0 1 0 1
0 -4 156 18 0 0 1 83 0 1 0 1
0 -4 148 18 0 0 1 83 0 1 0 1
phys
0 6 146 35 0 0 1 84 0 1 0 1
0 -6 146 35 0 0 1 84 0 1 0 1
0 -6 158 35 0 0 1 84 0 1 0 1
phys
0 6 146 35 0 0 1 84 0 1 0 1
0 -6 158 35 0 0 1 84 0 1 0 1
0 6 158 35 0 0 1 84 0 1 0 1
phys
0 -6 146 37 0 0 1 84 0 1 0 1
0 6 146 37 0 0 1 84 0 1 0 1
0 6 158 37 0 0 1 84 0 1 0 1
phys
0 -6 146 37 0 0 1 84 0 1 0 1
0 6 158 37 0 0 1 84 0 1 0 1
0 -6 158 37 0 0 1 84 0 1 0 1
phys
0 6 158 35 0 0 1 84 0 1 0 1
0 -6 158 35 0 0 1 84 0 1 0 1
0 -6 158 37 0 0 1 84 0 1 0 1
phys
0 6 158 35 0 0 1 84 0 1 0 1
0 -6 158 37 0 0 1 84 0 1 0 1
0 6 158 37 0 0 1 84 0 1 0 1
phys
0 6 146 37 0 0 1 84 0 1 0 1
0 -6 146 37 0 0 1 84 0 1 0 1
0 -6 146 35 0 0 1 84 0 1 0 1
phys
0 6 146 37 0 0 1 84 0 1 0 1
0 -6 146 35 0 0 1 84 0 1 0 1
0 6 146 35 0 0 1 84 0 1 0 1
phys
0 6 146 35 0 0 1 84 0 1 0 1
0 6 158 35 0 0 1 84 0 1 0 1
0 6 158 37 0 0 1 84 0 1 0 1
phys
0 6 146 35 0 0 1 84 0 1 0 1
0 6 158 37 0 0 1 84 0 1 0 1
0 6 146 37 0 0 1 84 0 1 0 1
phys
0 -6 146 37 0 0 1 84 0 1 0 1
0 -6 158 37 0 0 1 84 0 1 0 1
0 -6 158 35 0 0 1 84 0 1 0 1
phys
0 -6 146 37 0 0 1 84 0 1 0 1
0 -6 158 35 0 0 1 84 0 1 0 1
0 -6 146 35 0 0 1 84 0 1 0 1
phys
0 6 146 16 0 0 1 85 0 1 0 1
0 -6 146 16 0 0 1 85 0 1 0 1
0 -6 158 16 0 0 1 85 0 1 0 1
phys
0 6 146 16 0 0 1 85 0 1 0 1
0 -6 158 16 0 0 1 85 0 1 0 1
0 6 158 16 0 0 1 85 0 1 0 1
phys
0 -6 146 18 0 0 1 85 0 1 0 1
0 6 146 18 0 0 1 85 0 1 0 1
0 6 158 18 0 0 1 85 0 1 0 1
phys
0 -6 146 18 0 0 1 85 0 1 0 1
0 6 158 18 0 0 1 85 0 1 0 1
0 -6 158 18 0 0 1 85 0 1 0 1
phys
0 6 158 16 0 0 1 85 0 1 0 1
0 -6 158 16 0 0 1 85 0 1 0 1
0 -6 158 18 0 0 1 85 0 1 0 1
phys
0 6 158 16 0 0 1 85 0 1 0 1
0 -6 158 18 0 0 1 85 0 1 0 1
0 6 158 18 0 0 1 85 0 1 0 1
phys
0 6 146 18 0 0 1 85 0 1 0 1
0 -6 146 18 0 0 1 85 0 1 0 1
0 -6 146 16 0 0 1 85 0 1 0 1
phys
0 6 146 18 0 0 1 85 0 1 0 1
0 -6 146 16 0 0 1 85 0 1 0 1
0 6 146 16 0 0 1 85 0 1 0 1
phys
0 6 146 16 0 0 1 85 0 1 0 1
0 6 158 16 0 0 1 85 0 1 0 1
0 6 158 18 0 0 1 85 0 1 0 1
phys
0 6 146 16 0 0 1 85 0 1 0 1
0 6 158 18 0 0 1 85 0 1 0 1
0 6 146 18 0 0 1 85 0 1 0 1
phys
0 -6 146 18 0 0 1 85 0 1 0 1
0 -6 158 18 0 0 1 85 0 1 0 1
0 -6 158 16 0 0 1 85 0 1 0 1
phys
0 -6 146 18 0 0 1 85 0 1 0 1
0 -6 158 16 0 0 1 85 0 1 0 1
0 -6 146 16 0 0 1 85 0 1 0 1
phys
0 8 144 12 0 0 1 86 0 1 0 1
0 -8 144 12 0 0 1 86 0 1 0 1
0 -8 160 12 0 0 1 86 0 1 0 1
phys
0 8 144 12 0 0 1 86 0 1 0 1
0 -8 160 12 0 0 1 86 0 1 0 1
0 8 160 12 0 0 1 86 0 1 0 1
phys
0 -8 144 16 0 0 1 86 0 1 0 1
0 8 144 16 0 0 1 86 0 1 0 1
0 8 160 16 0 0 1 86 0 1 0 1
phys
0 -8 144 16 0 0 1 86 0 1 0 1
0 8 160 16 0 0 1 86 0 1 0 1
0 -8 160 16 0 0 1 86 0 1 0 1
phys
0 8 160 12 0 0 1 86 0 1 0 1
0 -8 160 12 0 0 1 86 0 1 0 1
0 -8 160 16 0 0 1 86 0 1 0 1
phys
0 8 160 12 0 0 1 86 0 1 0 1
0 -8 160 16 0 0 1 86 0 1 0 1
0 8 160 16 0 0 1 86 0 1 0 1
phys
0 8 144 16 0 0 1 86 0 1 0 1
0 -8 144 16 0 0 1 86 0 1 0 1
0 -8 144 12 0 0 1 86 0 1 0 1
phys
0 8 144 16 0 0 1 86 0 1 0 1
0 -8 144 12 0 0 1 86 0 1 0 1
0 8 144 12 0 0 1 86 0 1 0 1
phys
0 8 144 12 0 0 1 86 0 1 0 1
0 8 160 12 0 0 1 86 0 1 0 1
0 8 160 16 0 0 1 86 0 1 0 1
phys
0 8 144 12 0 0 1 86 0 1 0 1
0 8 160 16 0 0 1 86 0 1 0 1
0 8 144 16 0 0 1 86 0 1 0 1
phys
0 -8 144 16 0 0 1 86 0 1 0 1
0 -8 160 16 0 0 1 86 0 1 0 1
0 -8 160 12 0 0 1 86 0 1 0 1
phys
0 -8 144 16 0 0 1 86 0 1 0 1
0 -8 160 12 0 0 1 86 0 1 0 1
0 -8 144 12 0 0 1 86 0 1 0 1
phys
0 8 -144 37 0 0 1 87 0 1 0 1
0 -8 -144 37 0 0 1 87 0 1 0 1
0 -8 -128 37 0 0 1 87 0 1 0 1
phys
0 8 -144 37 0 0 1 87 0 1 0 1
0 -8 -128 37 0 0 1 87 0 1 0 1
0 8 -128 37 0 0 1 87 0 1 0 1
phys
0 -8 -144 41 0 0 1 87 0 1 0 1
0 8 -144 41 0 0 1 87 0 1 0 1
0 8 -128 41 0 0 1 87 0 1 0 1
phys
0 -8 -144 41 0 0 1 87 0 1 0 1
0 8 -128 41 0 0 1 87 0 1 0 1
0 -8 -128 41 0 0 1 87 0 1 0 1
phys
0 8 -128 37 0 0 1 87 0 1 0 1
0 -8 -128 37 0 0 1 87 0 1 0 1
0 -8 -128 41 0 0 1 87 0 1 0 1
phys
0 8 -128 37 0 0 1 87 0 1 0 1
0 -8 -128 41 0 0 1 87 0 1 0 1
0 8 -128 41 0 0 1 87 0 1 0 1
phys
0 8 -144 41 0 0 1 87 0 1 0 1
0 -8 -144 41 0 0 1 87 0 1 0 1
0 -8 -144 37 0 0 1 87 0 1 0 1
phys
0 8 -144 41 0 0 1 87 0 1 0 1
0 -8 -144 37 0 0 1 87 0 1 0 1
0 8 -144 37 0 0 1 87 0 1 0 1
phys
0 8 -144 37 0 0 1 87 0 1 0 1
0 8 -128 37 0 0 1 87 0 1 0 1
0 8 -128 41 0 0 1 87 0 1 0 1
phys
0 8 -144 37 0 0 1 87 0 1 0 1
0 8 -128 41 0 0 1 87 0 1 0 1
0 8 -144 41 0 0 1 87 0 1 0 1
phys
0 -8 -144 41 0 0 1 87 0 1 0 1
0 -8 -128 41 0 0 1 87 0 1 0 1
0 -8 -128 37 0 0 1 87 0 1 0 1
phys
0 -8 -144 41 0 0 1 87 0 1 0 1
0 -8 -128 37 0 0 1 87 0 1 0 1
0 -8 -144 37 0 0 1 87 0 1 0 1
phys
0 6 -142 16 0 0 1 88 0 1 0 1
0 -6 -142 16 0 0 1 88 0 1 0 1
0 -6 -130 16 0 0 1 88 0 1 0 1
phys
0 6 -142 16 0 0 1 88 0 1 0 1
0 -6 -130 16 0 0 1 88 0 1 0 1
0 6 -130 16 0 0 1 88 0 1 0 1
phys
0 -6 -142 18 0 0 1 88 0 1 0 1
0 6 -142 18 0 0 1 88 0 1 0 1
0 6 -130 18 0 0 1 88 0 1 0 1
phys
0 -6 -142 18 0 0 1 88 0 1 0 1
0 6 -130 18 0 0 1 88 0 1 0 1
0 -6 -130 18 0 0 1 88 0 1 0 1
phys
0 6 -130 16 0 0 1 88 0 1 0 1
0 -6 -130 16 0 0 1 88 0 1 0 1
0 -6 -130 18 0 0 1 88 0 1 0 1
phys
0 6 -130 16 0 0 1 88 0 1 0 1
0 -6 -130 18 0 0 1 88 0 1 0 1
0 6 -130 18 0 0 1 88 0 1 0 1
phys
0 6 -142 18 0 0 1 88 0 1 0 1
0 -6 -142 18 0 0 1 88 0 1 0 1
0 -6 -142 16 0 0 1 88 0 1 0 1
phys
0 6 -142 18 0 0 1 88 0 1 0 1
0 -6 -142 16 0 0 1 88 0 1 0 1
0 6 -142 16 0 0 1 88 0 1 0 1
phys
0 6 -142 16 0 0 1 88 0 1 0 1
0 6 -130 16 0 0 1 88 0 1 0 1
0 6 -130 18 0 0 1 88 0 1 0 1
phys
0 6 -142 16 0 0 1 88 0 1 0 1
0 6 -130 18 0 0 1 88 0 1 0 1
0 6 -142 18 0 0 1 88 0 1 0 1
phys
0 -6 -142 18 0 0 1 88 0 1 0 1
0 -6 -130 18 0 0 1 88 0 1 0 1
0 -6 -130 16 0 0 1 88 0 1 0 1
phys
0 -6 -142 18 0 0 1 88 0 1 0 1
0 -6 -130 16 0 0 1 88 0 1 0 1
0 -6 -142 16 0 0 1 88 0 1 0 1
phys
0 8 -144 12 0 0 1 89 0 1 0 1
0 -8 -144 12 0 0 1 89 0 1 0 1
0 -8 -128 12 0 0 1 89 0 1 0 1
phys
0 8 -144 12 0 0 1 89 0 1 0 1
0 -8 -128 12 0 0 1 89 0 1 0 1
0 8 -128 12 0 0 1 89 0 1 0 1
phys
0 -8 -144 16 0 0 1 89 0 1 0 1
0 8 -144 16 0 0 1 89 0 1 0 1
0 8 -128 16 0 0 1 89 0 1 0 1
phys
0 -8 -144 16 0 0 1 89 0 1 0 1
0 8 -128 16 0 0 1 89 0 1 0 1
0 -8 -128 16 0 0 1 89 0 1 0 1
phys
0 8 -128 12 0 0 1 89 0 1 0 1
0 -8 -128 12 0 0 1 89 0 1 0 1
0 -8 -128 16 0 0 1 89 0 1 0 1
phys
0 8 -128 12 0 0 1 89 0 1 0 1
0 -8 -128 16 0 0 1 89 0 1 0 1
0 8 -128 16 0 0 1 89 0 1 0 1
phys
0 8 -144 16 0 0 1 89 0 1 0 1
0 -8 -144 16 0 0 1 89 0 1 0 1
0 -8 -144 12 0 0 1 89 0 1 0 1
phys
0 8 -144 16 0 0 1 89 0 1 0 1
0 -8 -144 12 0 0 1 89 0 1 0 1
0 8 -144 12 0 0 1 89 0 1 0 1
phys
0 8 -144 12 0 0 1 89 0 1 0 1
0 8 -128 12 0 0 1 89 0 1 0 1
0 8 -128 16 0 0 1 89 0 1 0 1
phys
0 8 -144 12 0 0 1 89 0 1 0 1
0 8 -128 16 0 0 1 89 0 1 0 1
0 8 -144 16 0 0 1 89 0 1 0 1
phys
0 -8 -144 16 0 0 1 89 0 1 0 1
0 -8 -128 16 0 0 1 89 0 1 0 1
0 -8 -128 12 0 0 1 89 0 1 0 1
phys
0 -8 -144 16 0 0 1 89 0 1 0 1
0 -8 -128 12 0 0 1 89 0 1 0 1
0 -8 -144 12 0 0 1 89 0 1 0 1
phys
0 -4 -140 35 0 0 1 90 0 1 0 1
0 4 -140 35 0 0 1 90 0 1 0 1
0 4 -132 35 0 0 1 90 0 1 0 1
phys
0 -4 -140 35 0 0 1 90 0 1 0 1
0 4 -132 35 0 0 1 90 0 1 0 1
0 -4 -132 35 0 0 1 90 0 1 0 1
phys
0 4 -140 18 0 0 1 90 0 1 0 1
0 -4 -140 18 0 0 1 90 0 1 0 1
0 -4 -132 18 0 0 1 90 0 1 0 1
phys
0 4 -140 18 0 0 1 90 0 1 0 1
0 -4 -132 18 0 0 1 90 0 1 0 1
0 4 -132 18 0 0 1 90 0 1 0 1
phys
0 4 -132 18 0 0 1 90 0 1 0 1
0 -4 -132 18 0 0 1 90 0 1 0 1
0 -4 -132 35 0 0 1 90 0 1 0 1
phys
0 4 -132 18 0 0 1 90 0 1 0 1
0 -4 -132 35 0 0 1 90 0 1 0 1
0 4 -132 35 0 0 1 90 0 1 0 1
phys
0 4 -140 35 0 0 1 90 0 1 0 1
0 -4 -140 35 0 0 1 90 0 1 0 1
0 -4 -140 18 0 0 1 90 0 1 0 1
phys
0 4 -140 35 0 0 1 90 0 1 0 1
0 -4 -140 18 0 0 1 90 0 1 0 1
0 4 -140 18 0 0 1 90 0 1 0 1
phys
0 4 -140 18 0 0 1 90 0 1 0 1
0 4 -132 18 0 0 1 90 0 1 0 1
0 4 -132 35 0 0 1 90 0 1 0 1
phys
0 4 -140 18 0 0 1 90 0 1 0 1
0 4 -132 35 0 0 1 90 0 1 0 1
0 4 -140 35 0 0 1 90 0 1 0 1
phys
0 -4 -140 35 0 0 1 90 0 1 0 1
0 -4 -132 35 0 0 1 90 0 1 0 1
0 -4 -132 18 0 0 1 90 0 1 0 1
phys
0 -4 -140 35 0 0 1 90 0 1 0 1
0 -4 -132 18 0 0 1 90 0 1 0 1
0 -4 -140 18 0 0 1 90 0 1 0 1
phys
0 6 -142 35 0 0 1 91 0 1 0 1
0 -6 -142 35 0 0 1 91 0 1 0 1
0 -6 -130 35 0 0 1 91 0 1 0 1
phys
0 6 -142 35 0 0 1 91 0 1 0 1
0 -6 -130 35 0 0 1 91 0 1 0 1
0 6 -130 35 0 0 1 91 0 1 0 1
phys
0 -6 -142 37 0 0 1 91 0 1 0 1
0 6 -142 37 0 0 1 91 0 1 0 1
0 6 -130 37 0 0 1 91 0 1 0 1
phys
0 -6 -142 37 0 0 1 91 0 1 0 1
0 6 -130 37 0 0 1 91 0 1 0 1
0 -6 -130 37 0 0 1 91 0 1 0 1
phys
0 6 -130 35 0 0 1 91 0 1 0 1
0 -6 -130 35 0 0 1 91 0 1 0 1
0 -6 -130 37 0 0 1 91 0 1 0 1
phys
0 6 -130 35 0 0 1 91 0 1 0 1
0 -6 -130 37 0 0 1 91 0 1 0 1
0 6 -130 37 0 0 1 91 0 1 0 1
phys
0 6 -142 37 0 0 1 91 0 1 0 1
0 -6 -142 37 0 0 1 91 0 1 0 1
0 -6 -142 35 0 0 1 91 0 1 0 1
phys
0 6 -142 37 0 0 1 91 0 1 0 1
0 -6 -142 35 0 0 1 91 0 1 0 1
0 6 -142 35 0 0 1 91 0 1 0 1
phys
0 6 -142 35 0 0 1 91 0 1 0 1
0 6 -130 35 0 0 1 91 0 1 0 1
0 6 -130 37 0 0 1 91 0 1 0 1
phys
0 6 -142 35 0 0 1 91 0 1 0 1
0 6 -130 37 0 0 1 91 0 1 0 1
0 6 -142 37 0 0 1 91 0 1 0 1
phys
0 -6 -142 37 0 0 1 91 0 1 0 1
0 -6 -130 37 0 0 1 91 0 1 0 1
0 -6 -130 35 0 0 1 91 0 1 0 1
phys
0 -6 -142 37 0 0 1 91 0 1 0 1
0 -6 -130 35 0 0 1 91 0 1 0 1
0 -6 -142 35 0 0 1 91 0 1 0 1
phys
0 8 -128 37 0 0 1 92 0 1 0 1
0 -8 -128 37 0 0 1 92 0 1 0 1
0 -8 -112 37 0 0 1 92 0 1 0 1
phys
0 8 -128 37 0 0 1 92 0 1 0 1
0 -8 -112 37 0 0 1 92 0 1 0 1
0 8 -112 37 0 0 1 92 0 1 0 1
phys
0 -8 -128 41 0 0 1 92 0 1 0 1
0 8 -128 41 0 0 1 92 0 1 0 1
0 8 -112 41 0 0 1 92 0 1 0 1
phys
0 -8 -128 41 0 0 1 92 0 1 0 1
0 8 -112 41 0 0 1 92 0 1 0 1
0 -8 -112 41 0 0 1 92 0 1 0 1
phys
0 8 -112 37 0 0 1 92 0 1 0 1
0 -8 -112 37 0 0 1 92 0 1 0 1
0 -8 -112 41 0 0 1 92 0 1 0 1
phys
0 8 -112 37 0 0 1 92 0 1 0 1
0 -8 -112 41 0 0 1 92 0 1 0 1
0 8 -112 41 0 0 1 92 0 1 0 1
phys
0 8 -128 41 0 0 1 92 0 1 0 1
0 -8 -128 41 0 0 1 92 0 1 0 1
0 -8 -128 37 0 0 1 92 0 1 0 1
phys
0 8 -128 41 0 0 1 92 0 1 0 1
0 -8 -128 37 0 0 1 92 0 1 0 1
0 8 -128 37 0 0 1 92 0 1 0 1
phys
0 8 -128 37 0 0 1 92 0 1 0 1
0 8 -112 37 0 0 1 92 0 1 0 1
0 8 -112 41 0 0 1 92 0 1 0 1
phys
0 8 -128 37 0 0 1 92 0 1 0 1
0 8 -112 41 0 0 1 92 0 1 0 1
0 8 -128 41 0 0 1 92 0 1 0 1
phys
0 -8 -128 41 0 0 1 92 0 1 0 1
0 -8 -112 41 0 0 1 92 0 1 0 1
0 -8 -112 37 0 0 1 92 0 1 0 1
phys
0 -8 -128 41 0 0 1 92 0 1 0 1
0 -8 -112 37 0 0 1 92 0 1 0 1
0 -8 -128 37 0 0 1 92 0 1 0 1
phys
0 -4 -124 35 0 0 1 93 0 1 0 1
0 4 -124 35 0 0 1 93 0 1 0 1
0 4 -116 35 0 0 1 93 0 1 0 1
phys
0 -4 -124 35 0 0 1 93 0 1 0 1
0 4 -116 35 0 0 1 93 0 1 0 1
0 -4 -116 35 0 0 1 93 0 1 0 1
phys
0 4 -124 18 0 0 1 93 0 1 0 1
0 -4 -124 18 0 0 1 93 0 1 0 1
0 -4 -116 18 0 0 1 93 0 1 0 1
phys
0 4 -124 18 0 0 1 93 0 1 0 1
0 -4 -116 18 0 0 1 93 0 1 0 1
0 4 -116 18 0 0 1 93 0 1 0 1
phys
0 4 -116 18 0 0 1 93 0 1 0 1
0 -4 -116 18 0 0 1 93 0 1 0 1
0 -4 -116 35 0 0 1 93 0 1 0 1
phys
0 4 -116 18 0 0 1 93 0 1 0 1
0 -4 -116 35 0 0 1 93 0 1 0 1
0 4 -116 35 0 0 1 93 0 1 0 1
phys
0 4 -124 35 0 0 1 93 0 1 0 1
0 -4 -124 35 0 0 1 93 0 1 0 1
0 -4 -124 18 0 0 1 93 0 1 0 1
phys
0 4 -124 35 0 0 1 93 0 1 0 1
0 -4 -124 18 0 0 1 93 0 1 0 1
0 4 -124 18 0 0 1 93 0 1 0 1
phys
0 4 -124 18 0 0 1 93 0 1 0 1
0 4 -116 18 0 0 1 93 0 1 0 1
0 4 -116 35 0 0 1 93 0 1 0 1
phys
0 4 -124 18 0 0 1 93 0 1 0 1
0 4 -116 35 0 0 1 93 0 1 0 1
0 4 -124 35 0 0 1 93 0 1 0 1
phys
0 -4 -124 35 0 0 1 93 0 1 0 1
0 -4 -116 35 0 0 1 93 0 1 0 1
0 -4 -116 18 0 0 1 93 0 1 0 1
phys
0 -4 -124 35 0 0 1 93 0 1 0 1
0 -4 -116 18 0 0 1 93 0 1 0 1
0 -4 -124 18 0 0 1 93 0 1 0 1
phys
0 6 -126 35 0 0 1 94 0 1 0 1
0 -6 -126 35 0 0 1 94 0 1 0 1
0 -6 -114 35 0 0 1 94 0 1 0 1
phys
0 6 -126 35 0 0 1 94 0 1 0 1
0 -6 -114 35 0 0 1 94 0 1 0 1
0 6 -114 35 0 0 1 94 0 1 0 1
phys
0 -6 -126 37 0 0 1 94 0 1 0 1
0 6 -126 37 0 0 1 94 0 1 0 1
0 6 -114 37 0 0 1 94 0 1 0 1
phys
0 -6 -126 37 0 0 1 94 0 1 0 1
0 6 -114 37 0 0 1 94 0 1 0 1
0 -6 -114 37 0 0 1 94 0 1 0 1
phys
0 6 -114 35 0 0 1 94 0 1 0 1
0 -6 -114 35 0 0 1 94 0 1 0 1
0 -6 -114 37 0 0 1 94 0 1 0 1
phys
0 6 -114 35 0 0 1 94 0 1 0 1
0 -6 -114 37 0 0 1 94 0 1 0 1
0 6 -114 37 0 0 1 94 0 1 0 1
phys
0 6 -126 37 0 0 1 94 0 1 0 1
0 -6 -126 37 0 0 1 94 0 1 0 1
0 -6 -126 35 0 0 1 94 0 1 0 1
phys
0 6 -126 37 0 0 1 94 0 1 0 1
0 -6 -126 35 0 0 1 94 0 1 0 1
0 6 -126 35 0 0 1 94 0 1 0 1
phys
0 6 -126 35 0 0 1 94 0 1 0 1
0 6 -114 35 0 0 1 94 0 1 0 1
0 6 -114 37 0 0 1 94 0 1 0 1
phys
0 6 -126 35 0 0 1 94 0 1 0 1
0 6 -114 37 0 0 1 94 0 1 0 1
0 6 -126 37 0 0 1 94 0 1 0 1
phys
0 -6 -126 37 0 0 1 94 0 1 0 1
0 -6 -114 37 0 0 1 94 0 1 0 1
0 -6 -114 35 0 0 1 94 0 1 0 1
phys
0 -6 -126 37 0 0 1 94 0 1 0 1
0 -6 -114 35 0 0 1 94 0 1 0 1
0 -6 -126 35 0 0 1 94 0 1 0 1
phys
0 6 -126 16 0 0 1 95 0 1 0 1
0 -6 -126 16 0 0 1 95 0 1 0 1
0 -6 -114 16 0 0 1 95 0 1 0 1
phys
0 6 -126 16 0 0 1 95 0 1 0 1
0 -6 -114 16 0 0 1 95 0 1 0 1
0 6 -114 16 0 0 1 95 0 1 0 1
phys
0 -6 -126 18 0 0 1 95 0 1 0 1
0 6 -126 18 0 0 1 95 0 1 0 1
0 6 -114 18 0 0 1 95 0 1 0 1
phys
0 -6 -126 18 0 0 1 95 0 1 0 1
0 6 -114 18 0 0 1 95 0 1 0 1
0 -6 -114 18 0 0 1 95 0 1 0 1
phys
0 6 -114 16 0 0 1 95 0 1 0 1
0 -6 -114 16 0 0 1 95 0 1 0 1
0 -6 -114 18 0 0 1 95 0 1 0 1
phys
0 6 -114 16 0 0 1 95 0 1 0 1
0 -6 -114 18 0 0 1 95 0 1 0 1
0 6 -114 18 0 0 1 95 0 1 0 1
phys
0 6 -126 18 0 0 1 95 0 1 0 1
0 -6 -126 18 0 0 1 95 0 1 0 1
0 -6 -126 16 0 0 1 95 0 1 0 1
phys
0 6 -126 18 0 0 1 95 0 1 0 1
0 -6 -126 16 0 0 1 95 0 1 0 1
0 6 -126 16 0 0 1 95 0 1 0 1
phys
0 6 -126 16 0 0 1 95 0 1 0 1
0 6 -114 16 0 0 1 95 0 1 0 1
0 6 -114 18 0 0 1 95 0 1 0 1
phys
0 6 -126 16 0 0 1 95 0 1 0 1
0 6 -114 18 0 0 1 95 0 1 0 1
0 6 -126 18 0 0 1 95 0 1 0 1
phys
0 -6 -126 18 0 0 1 95 0 1 0 1
0 -6 -114 18 0 0 1 95 0 1 0 1
0 -6 -114 16 0 0 1 95 0 1 0 1
phys
0 -6 -126 18 0 0 1 95 0 1 0 1
0 -6 -114 16 0 0 1 95 0 1 0 1
0 -6 -126 16 0 0 1 95 0 1 0 1
phys
0 8 -128 12 0 0 1 96 0 1 0 1
0 -8 -128 12 0 0 1 96 0 1 0 1
0 -8 -112 12 0 0 1 96 0 1 0 1
phys
0 8 -128 12 0 0 1 96 0 1 0 1
0 -8 -112 12 0 0 1 96 0 1 0 1
0 8 -112 12 0 0 1 96 0 1 0 1
phys
0 -8 -128 16 0 0 1 96 0 1 0 1
0 8 -128 16 0 0 1 96 0 1 0 1
0 8 -112 16 0 0 1 96 0 1 0 1
phys
0 -8 -128 16 0 0 1 96 0 1 0 1
0 8 -112 16 0 0 1 96 0 1 0 1
0 -8 -112 16 0 0 1 96 0 1 0 1
phys
0 8 -112 12 0 0 1 96 0 1 0 1
0 -8 -112 12 0 0 1 96 0 1 0 1
0 -8 -112 16 0 0 1 96 0 1 0 1
phys
0 8 -112 12 0 0 1 96 0 1 0 1
0 -8 -112 16 0 0 1 96 0 1 0 1
0 8 -112 16 0 0 1 96 0 1 0 1
phys
0 8 -128 16 0 0 1 96 0 1 0 1
0 -8 -128 16 0 0 1 96 0 1 0 1
0 -8 -128 12 0 0 1 96 0 1 0 1
phys
0 8 -128 16 0 0 1 96 0 1 0 1
0 -8 -128 12 0 0 1 96 0 1 0 1
0 8 -128 12 0 0 1 96 0 1 0 1
phys
0 8 -128 12 0 0 1 96 0 1 0 1
0 8 -112 12 0 0 1 96 0 1 0 1
0 8 -112 16 0 0 1 96 0 1 0 1
phys
0 8 -128 12 0 0 1 96 0 1 0 1
0 8 -112 16 0 0 1 96 0 1 0 1
0 8 -128 16 0 0 1 96 0 1 0 1
phys
0 -8 -128 16 0 0 1 96 0 1 0 1
0 -8 -112 16 0 0 1 96 0 1 0 1
0 -8 -112 12 0 0 1 96 0 1 0 1
phys
0 -8 -128 16 0 0 1 96 0 1 0 1
0 -8 -112 12 0 0 1 96 0 1 0 1
0 -8 -128 12 0 0 1 96 0 1 0 1
end
