version 1
nodes
0 "root" -1
end
skeleton
time 0
0 0 0 0 0 0 0
end
triangles
pepsi2_arch_concrete_floor_smooth01
0 8 160 6 1 0 0 -1.195747 2.314453 1 0 1
0 8 160 12 1 0 0 -1.195747 2.288411 1 0 1
0 8 -160 12 1 0 0 0.193142 2.288411 1 0 1
pepsi2_arch_concrete_floor_smooth01
0 8 160 6 1 0 0 -1.195747 2.314453 1 0 1
0 8 -160 12 1 0 0 0.193142 2.288411 1 0 1
0 8 -160 6 1 0 0 0.193142 2.314453 1 0 1
pepsi2_arch_concrete_floor_smooth01
0 2 160 0 0.707107 0 -0.707107 -0.935329 -0.742839 1 0 1
0 8 160 6 0.707107 0 -0.707107 -0.935329 -0.716797 1 0 1
0 8 -160 6 0.707107 0 -0.707107 0.45356 -0.716797 1 0 1
pepsi2_arch_concrete_floor_smooth01
0 2 160 0 0.707107 0 -0.707107 -0.935329 -0.742839 1 0 1
0 8 -160 6 0.707107 0 -0.707107 0.45356 -0.716797 1 0 1
0 2 -160 0 0.707107 0 -0.707107 0.45356 -0.742839 1 0 1
maps_rp_surdonoso_realworldtextures_floor_mixtile_solid_white_1424_14430_314
0 8 -112 37 0 0 -1 -0.21875 -124.40625 1 0 1
0 -8 -112 37 0 0 -1 -0.21875 -124.53125 1 0 1
0 -8 -96 37 0 0 -1 -0.34375 -124.53125 1 0 1
maps_rp_surdonoso_realworldtextures_floor_mixtile_solid_white_1424_14430_314
0 8 -112 37 0 0 -1 -0.21875 -124.40625 1 0 1
0 -8 -96 37 0 0 -1 -0.34375 -124.53125 1 0 1
0 8 -96 37 0 0 -1 -0.34375 -124.40625 1 0 1
maps_rp_surdonoso_realworldtextures_floor_mixtile_solid_white_1424_14430_314
0 -8 -112 41 0 0 1 -0.21875 -124.53125 1 0 1
0 8 -112 41 0 0 1 -0.21875 -124.40625 1 0 1
0 8 -96 41 0 0 1 -0.34375 -124.40625 1 0 1
maps_rp_surdonoso_realworldtextures_floor_mixtile_solid_white_1424_14430_314
0 -8 -112 41 0 0 1 -0.21875 -124.53125 1 0 1
0 8 -96 41 0 0 1 -0.34375 -124.40625 1 0 1
0 -8 -96 41 0 0 1 -0.34375 -124.53125 1 0 1
maps_rp_surdonoso_realworldtextures_floor_mixtile_solid_white_1424_14430_314
0 8 -96 37 0 1 0 -125.40625 -0.585938 1 0 1
0 -8 -96 37 0 1 0 -125.53125 -0.585938 1 0 1
0 -8 -96 41 0 1 0 -125.53125 -0.554688 1 0 1
maps_rp_surdonoso_realworldtextures_floor_mixtile_solid_white_1424_14430_314
0 8 -96 37 0 1 0 -125.40625 -0.585938 1 0 1
0 -8 -96 41 0 1 0 -125.53125 -0.554688 1 0 1
0 8 -96 41 0 1 0 -125.40625 -0.554688 1 0 1
maps_rp_surdonoso_realworldtextures_floor_mixtile_solid_white_1424_14430_314
0 8 -112 41 0 -1 0 -125.40625 -0.554688 1 0 1
0 -8 -112 41 0 -1 0 -125.53125 -0.554688 1 0 1
0 -8 -112 37 0 -1 0 -125.53125 -0.585938 1 0 1
maps_rp_surdonoso_realworldtextures_floor_mixtile_solid_white_1424_14430_314
0 8 -112 41 0 -1 0 -125.40625 -0.554688 1 0 1
0 -8 -112 37 0 -1 0 -125.53125 -0.585938 1 0 1
0 8 -112 37 0 -1 0 -125.40625 -0.585938 1 0 1
maps_rp_surdonoso_realworldtextures_floor_mixtile_solid_white_1424_14430_314
0 8 -112 37 1 0 0 -0.21875 -0.585938 1 0 1
0 8 -96 37 1 0 0 -0.34375 -0.585938 1 0 1
0 8 -96 41 1 0 0 -0.34375 -0.554688 1 0 1
maps_rp_surdonoso_realworldtextures_floor_mixtile_solid_white_1424_14430_314
0 8 -112 37 1 0 0 -0.21875 -0.585938 1 0 1
0 8 -96 41 1 0 0 -0.34375 -0.554688 1 0 1
0 8 -112 41 1 0 0 -0.21875 -0.554688 1 0 1
maps_rp_surdonoso_realworldtextures_floor_mixtile_solid_white_1424_14430_314
0 -8 -112 41 -1 0 0 -0.21875 -0.554688 1 0 1
0 -8 -96 41 -1 0 0 -0.34375 -0.554688 1 0 1
0 -8 -96 37 -1 0 0 -0.34375 -0.585938 1 0 1
maps_rp_surdonoso_realworldtextures_floor_mixtile_solid_white_1424_14430_314
0 -8 -112 41 -1 0 0 -0.21875 -0.554688 1 0 1
0 -8 -96 37 -1 0 0 -0.34375 -0.585938 1 0 1
0 -8 -112 37 -1 0 0 -0.21875 -0.585938 1 0 1
maps_rp_surdonoso_realworldtextures_floor_mixtile_solid_white_1424_14430_314
0 6 -110 16 0 0 -1 -0.234375 -124.421875 1 0 1
0 -6 -110 16 0 0 -1 -0.234375 -124.515625 1 0 1
0 -6 -98 16 0 0 -1 -0.328125 -124.515625 1 0 1
maps_rp_surdonoso_realworldtextures_floor_mixtile_solid_white_1424_14430_314
0 6 -110 16 0 0 -1 -0.234375 -124.421875 1 0 1
0 -6 -98 16 0 0 -1 -0.328125 -124.515625 1 0 1
0 6 -98 16 0 0 -1 -0.328125 -124.421875 1 0 1
maps_rp_surdonoso_realworldtextures_floor_mixtile_solid_white_1424_14430_314
0 -6 -110 18 0 0 1 -0.234375 -124.515625 1 0 1
0 6 -110 18 0 0 1 -0.234375 -124.421875 1 0 1
0 6 -98 18 0 0 1 -0.328125 -124.421875 1 0 1
maps_rp_surdonoso_realworldtextures_floor_mixtile_solid_white_1424_14430_314
0 -6 -110 18 0 0 1 -0.234375 -124.515625 1 0 1
0 6 -98 18 0 0 1 -0.328125 -124.421875 1 0 1
0 -6 -98 18 0 0 1 -0.328125 -124.515625 1 0 1
maps_rp_surdonoso_realworldtextures_floor_mixtile_solid_white_1424_14430_314
0 6 -98 16 0 1 0 -125.421875 -0.75 1 0 1
0 -6 -98 16 0 1 0 -125.515625 -0.75 1 0 1
0 -6 -98 18 0 1 0 -125.515625 -0.734375 1 0 1
maps_rp_surdonoso_realworldtextures_floor_mixtile_solid_white_1424_14430_314
0 6 -98 16 0 1 0 -125.421875 -0.75 1 0 1
0 -6 -98 18 0 1 0 -125.515625 -0.734375 1 0 1
0 6 -98 18 0 1 0 -125.421875 -0.734375 1 0 1
maps_rp_surdonoso_realworldtextures_floor_mixtile_solid_white_1424_14430_314
0 6 -110 18 0 -1 0 -125.421875 -0.734375 1 0 1
0 -6 -110 18 0 -1 0 -125.515625 -0.734375 1 0 1
0 -6 -110 16 0 -1 0 -125.515625 -0.75 1 0 1
maps_rp_surdonoso_realworldtextures_floor_mixtile_solid_white_1424_14430_314
0 6 -110 18 0 -1 0 -125.421875 -0.734375 1 0 1
0 -6 -110 16 0 -1 0 -125.515625 -0.75 1 0 1
0 6 -110 16 0 -1 0 -125.421875 -0.75 1 0 1
maps_rp_surdonoso_realworldtextures_floor_mixtile_solid_white_1424_14430_314
0 6 -110 16 1 0 0 -0.234375 -0.75 1 0 1
0 6 -98 16 1 0 0 -0.328125 -0.75 1 0 1
0 6 -98 18 1 0 0 -0.328125 -0.734375 1 0 1
maps_rp_surdonoso_realworldtextures_floor_mixtile_solid_white_1424_14430_314
0 6 -110 16 1 0 0 -0.234375 -0.75 1 0 1
0 6 -98 18 1 0 0 -0.328125 -0.734375 1 0 1
0 6 -110 18 1 0 0 -0.234375 -0.734375 1 0 1
maps_rp_surdonoso_realworldtextures_floor_mixtile_solid_white_1424_14430_314
0 -6 -110 18 -1 0 0 -0.234375 -0.734375 1 0 1
0 -6 -98 18 -1 0 0 -0.328125 -0.734375 1 0 1
0 -6 -98 16 -1 0 0 -0.328125 -0.75 1 0 1
maps_rp_surdonoso_realworldtextures_floor_mixtile_solid_white_1424_14430_314
0 -6 -110 18 -1 0 0 -0.234375 -0.734375 1 0 1
0 -6 -98 16 -1 0 0 -0.328125 -0.75 1 0 1
0 -6 -110 16 -1 0 0 -0.234375 -0.75 1 0 1
maps_rp_surdonoso_realworldtextures_floor_mixtile_solid_white_1424_14430_314
0 -8 -112 16 0 0 1 -0.21875 -124.53125 1 0 1
0 8 -112 16 0 0 1 -0.21875 -124.40625 1 0 1
0 8 -96 16 0 0 1 -0.34375 -124.40625 1 0 1
maps_rp_surdonoso_realworldtextures_floor_mixtile_solid_white_1424_14430_314
0 -8 -112 16 0 0 1 -0.21875 -124.53125 1 0 1
0 8 -96 16 0 0 1 -0.34375 -124.40625 1 0 1
0 -8 -96 16 0 0 1 -0.34375 -124.53125 1 0 1
maps_rp_surdonoso_realworldtextures_floor_mixtile_solid_white_1424_14430_314
0 8 -96 12 0 1 0 -125.40625 -0.78125 1 0 1
0 -8 -96 12 0 1 0 -125.53125 -0.78125 1 0 1
0 -8 -96 16 0 1 0 -125.53125 -0.75 1 0 1
maps_rp_surdonoso_realworldtextures_floor_mixtile_solid_white_1424_14430_314
0 8 -96 12 0 1 0 -125.40625 -0.78125 1 0 1
0 -8 -96 16 0 1 0 -125.53125 -0.75 1 0 1
0 8 -96 16 0 1 0 -125.40625 -0.75 1 0 1
maps_rp_surdonoso_realworldtextures_floor_mixtile_solid_white_1424_14430_314
0 8 -112 16 0 -1 0 -125.40625 -0.75 1 0 1
0 -8 -112 16 0 -1 0 -125.53125 -0.75 1 0 1
0 -8 -112 12 0 -1 0 -125.53125 -0.78125 1 0 1
maps_rp_surdonoso_realworldtextures_floor_mixtile_solid_white_1424_14430_314
0 8 -112 16 0 -1 0 -125.40625 -0.75 1 0 1
0 -8 -112 12 0 -1 0 -125.53125 -0.78125 1 0 1
0 8 -112 12 0 -1 0 -125.40625 -0.78125 1 0 1
maps_rp_surdonoso_realworldtextures_floor_mixtile_solid_white_1424_14430_314
0 8 -112 12 1 0 0 -0.21875 -0.78125 1 0 1
0 8 -96 12 1 0 0 -0.34375 -0.78125 1 0 1
0 8 -96 16 1 0 0 -0.34375 -0.75 1 0 1
maps_rp_surdonoso_realworldtextures_floor_mixtile_solid_white_1424_14430_314
0 8 -112 12 1 0 0 -0.21875 -0.78125 1 0 1
0 8 -96 16 1 0 0 -0.34375 -0.75 1 0 1
0 8 -112 16 1 0 0 -0.21875 -0.75 1 0 1
maps_rp_surdonoso_realworldtextures_floor_mixtile_solid_white_1424_14430_314
0 -8 -112 16 -1 0 0 -0.21875 -0.75 1 0 1
0 -8 -96 16 -1 0 0 -0.34375 -0.75 1 0 1
0 -8 -96 12 -1 0 0 -0.34375 -0.78125 1 0 1
maps_rp_surdonoso_realworldtextures_floor_mixtile_solid_white_1424_14430_314
0 -8 -112 16 -1 0 0 -0.21875 -0.75 1 0 1
0 -8 -96 12 -1 0 0 -0.34375 -0.78125 1 0 1
0 -8 -112 12 -1 0 0 -0.21875 -0.78125 1 0 1
maps_rp_surdonoso_realworldtextures_floor_mixtile_solid_white_1424_14430_314
0 -4 -108 35 0 0 1 -0.25 -124.5 1 0 1
0 4 -108 35 0 0 1 -0.25 -124.4375 1 0 1
0 4 -100 35 0 0 1 -0.3125 -124.4375 1 0 1
maps_rp_surdonoso_realworldtextures_floor_mixtile_solid_white_1424_14430_314
0 -4 -108 35 0 0 1 -0.25 -124.5 1 0 1
0 4 -100 35 0 0 1 -0.3125 -124.4375 1 0 1
0 -4 -100 35 0 0 1 -0.3125 -124.5 1 0 1
maps_rp_surdonoso_realworldtextures_floor_mixtile_solid_white_1424_14430_314
0 4 -108 18 0 0 -1 -0.25 -124.4375 1 0 1
0 -4 -108 18 0 0 -1 -0.25 -124.5 1 0 1
0 -4 -100 18 0 0 -1 -0.3125 -124.5 1 0 1
maps_rp_surdonoso_realworldtextures_floor_mixtile_solid_white_1424_14430_314
0 4 -108 18 0 0 -1 -0.25 -124.4375 1 0 1
0 -4 -100 18 0 0 -1 -0.3125 -124.5 1 0 1
0 4 -100 18 0 0 -1 -0.3125 -124.4375 1 0 1
maps_rp_surdonoso_realworldtextures_floor_mixtile_solid_white_1424_14430_314
0 4 -100 18 0 1 0 -125.4375 -0.734375 1 0 1
0 -4 -100 18 0 1 0 -125.5 -0.734375 1 0 1
0 -4 -100 35 0 1 0 -125.5 -0.601562 1 0 1
maps_rp_surdonoso_realworldtextures_floor_mixtile_solid_white_1424_14430_314
0 4 -100 18 0 1 0 -125.4375 -0.734375 1 0 1
0 -4 -100 35 0 1 0 -125.5 -0.601562 1 0 1
0 4 -100 35 0 1 0 -125.4375 -0.601562 1 0 1
maps_rp_surdonoso_realworldtextures_floor_mixtile_solid_white_1424_14430_314
0 4 -108 35 0 -1 0 -125.4375 -0.601562 1 0 1
0 -4 -108 35 0 -1 0 -125.5 -0.601562 1 0 1
0 -4 -108 18 0 -1 0 -125.5 -0.734375 1 0 1
maps_rp_surdonoso_realworldtextures_floor_mixtile_solid_white_1424_14430_314
0 4 -108 35 0 -1 0 -125.4375 -0.601562 1 0 1
0 -4 -108 18 0 -1 0 -125.5 -0.734375 1 0 1
0 4 -108 18 0 -1 0 -125.4375 -0.734375 1 0 1
maps_rp_surdonoso_realworldtextures_floor_mixtile_solid_white_1424_14430_314
0 4 -108 18 1 0 0 -0.25 -0.734375 1 0 1
0 4 -100 18 1 0 0 -0.3125 -0.734375 1 0 1
0 4 -100 35 1 0 0 -0.3125 -0.601562 1 0 1
maps_rp_surdonoso_realworldtextures_floor_mixtile_solid_white_1424_14430_314
0 4 -108 18 1 0 0 -0.25 -0.734375 1 0 1
0 4 -100 35 1 0 0 -0.3125 -0.601562 1 0 1
0 4 -108 35 1 0 0 -0.25 -0.601562 1 0 1
maps_rp_surdonoso_realworldtextures_floor_mixtile_solid_white_1424_14430_314
0 -4 -108 35 -1 0 0 -0.25 -0.601562 1 0 1
0 -4 -100 35 -1 0 0 -0.3125 -0.601562 1 0 1
0 -4 -100 18 -1 0 0 -0.3125 -0.734375 1 0 1
maps_rp_surdonoso_realworldtextures_floor_mixtile_solid_white_1424_14430_314
0 -4 -108 35 -1 0 0 -0.25 -0.601562 1 0 1
0 -4 -100 18 -1 0 0 -0.3125 -0.734375 1 0 1
0 -4 -108 18 -1 0 0 -0.25 -0.734375 1 0 1
maps_rp_surdonoso_realworldtextures_floor_mixtile_solid_white_1424_14430_314
0 6 -110 35 0 0 -1 -0.234375 -124.421875 1 0 1
0 -6 -110 35 0 0 -1 -0.234375 -124.515625 1 0 1
0 -6 -98 35 0 0 -1 -0.328125 -124.515625 1 0 1
maps_rp_surdonoso_realworldtextures_floor_mixtile_solid_white_1424_14430_314
0 6 -110 35 0 0 -1 -0.234375 -124.421875 1 0 1
0 -6 -98 35 0 0 -1 -0.328125 -124.515625 1 0 1
0 6 -98 35 0 0 -1 -0.328125 -124.421875 1 0 1
maps_rp_surdonoso_realworldtextures_floor_mixtile_solid_white_1424_14430_314
0 -6 -110 37 0 0 1 -0.234375 -124.515625 1 0 1
0 6 -110 37 0 0 1 -0.234375 -124.421875 1 0 1
0 6 -98 37 0 0 1 -0.328125 -124.421875 1 0 1
maps_rp_surdonoso_realworldtextures_floor_mixtile_solid_white_1424_14430_314
0 -6 -110 37 0 0 1 -0.234375 -124.515625 1 0 1
0 6 -98 37 0 0 1 -0.328125 -124.421875 1 0 1
0 -6 -98 37 0 0 1 -0.328125 -124.515625 1 0 1
maps_rp_surdonoso_realworldtextures_floor_mixtile_solid_white_1424_14430_314
0 6 -98 35 0 1 0 -125.421875 -0.601562 1 0 1
0 -6 -98 35 0 1 0 -125.515625 -0.601562 1 0 1
0 -6 -98 37 0 1 0 -125.515625 -0.585938 1 0 1
maps_rp_surdonoso_realworldtextures_floor_mixtile_solid_white_1424_14430_314
0 6 -98 35 0 1 0 -125.421875 -0.601562 1 0 1
0 -6 -98 37 0 1 0 -125.515625 -0.585938 1 0 1
0 6 -98 37 0 1 0 -125.421875 -0.585938 1 0 1
maps_rp_surdonoso_realworldtextures_floor_mixtile_solid_white_1424_14430_314
0 6 -110 37 0 -1 0 -125.421875 -0.585938 1 0 1
0 -6 -110 37 0 -1 0 -125.515625 -0.585938 1 0 1
0 -6 -110 35 0 -1 0 -125.515625 -0.601562 1 0 1
maps_rp_surdonoso_realworldtextures_floor_mixtile_solid_white_1424_14430_314
0 6 -110 37 0 -1 0 -125.421875 -0.585938 1 0 1
0 -6 -110 35 0 -1 0 -125.515625 -0.601562 1 0 1
0 6 -110 35 0 -1 0 -125.421875 -0.601562 1 0 1
maps_rp_surdonoso_realworldtextures_floor_mixtile_solid_white_1424_14430_314
0 6 -110 35 1 0 0 -0.234375 -0.601562 1 0 1
0 6 -98 35 1 0 0 -0.328125 -0.601562 1 0 1
0 6 -98 37 1 0 0 -0.328125 -0.585938 1 0 1
maps_rp_surdonoso_realworldtextures_floor_mixtile_solid_white_1424_14430_314
0 6 -110 35 1 0 0 -0.234375 -0.601562 1 0 1
0 6 -98 37 1 0 0 -0.328125 -0.585938 1 0 1
0 6 -110 37 1 0 0 -0.234375 -0.585938 1 0 1
maps_rp_surdonoso_realworldtextures_floor_mixtile_solid_white_1424_14430_314
0 -6 -110 37 -1 0 0 -0.234375 -0.585938 1 0 1
0 -6 -98 37 -1 0 0 -0.328125 -0.585938 1 0 1
0 -6 -98 35 -1 0 0 -0.328125 -0.601562 1 0 1
maps_rp_surdonoso_realworldtextures_floor_mixtile_solid_white_1424_14430_314
0 -6 -110 37 -1 0 0 -0.234375 -0.585938 1 0 1
0 -6 -98 35 -1 0 0 -0.328125 -0.601562 1 0 1
0 -6 -110 35 -1 0 0 -0.234375 -0.601562 1 0 1
maps_rp_surdonoso_realworldtextures_floor_mixtile_solid_white_1424_14430_314
0 8 -96 37 0 0 -1 -0.34375 -124.40625 1 0 1
0 -8 -96 37 0 0 -1 -0.34375 -124.53125 1 0 1
0 -8 -80 37 0 0 -1 -0.46875 -124.53125 1 0 1
maps_rp_surdonoso_realworldtextures_floor_mixtile_solid_white_1424_14430_314
0 8 -96 37 0 0 -1 -0.34375 -124.40625 1 0 1
0 -8 -80 37 0 0 -1 -0.46875 -124.53125 1 0 1
0 8 -80 37 0 0 -1 -0.46875 -124.40625 1 0 1
maps_rp_surdonoso_realworldtextures_floor_mixtile_solid_white_1424_14430_314
0 -8 -96 41 0 0 1 -0.34375 -124.53125 1 0 1
0 8 -96 41 0 0 1 -0.34375 -124.40625 1 0 1
0 8 -80 41 0 0 1 -0.46875 -124.40625 1 0 1
maps_rp_surdonoso_realworldtextures_floor_mixtile_solid_white_1424_14430_314
0 -8 -96 41 0 0 1 -0.34375 -124.53125 1 0 1
0 8 -80 41 0 0 1 -0.46875 -124.40625 1 0 1
0 -8 -80 41 0 0 1 -0.46875 -124.53125 1 0 1
maps_rp_surdonoso_realworldtextures_floor_mixtile_solid_white_1424_14430_314
0 8 -80 37 0 1 0 -125.40625 -0.585938 1 0 1
0 -8 -80 37 0 1 0 -125.53125 -0.585938 1 0 1
0 -8 -80 41 0 1 0 -125.53125 -0.554688 1 0 1
maps_rp_surdonoso_realworldtextures_floor_mixtile_solid_white_1424_14430_314
0 8 -80 37 0 1 0 -125.40625 -0.585938 1 0 1
0 -8 -80 41 0 1 0 -125.53125 -0.554688 1 0 1
0 8 -80 41 0 1 0 -125.40625 -0.554688 1 0 1
maps_rp_surdonoso_realworldtextures_floor_mixtile_solid_white_1424_14430_314
0 8 -96 41 0 -1 0 -125.40625 -0.554688 1 0 1
0 -8 -96 41 0 -1 0 -125.53125 -0.554688 1 0 1
0 -8 -96 37 0 -1 0 -125.53125 -0.585938 1 0 1
maps_rp_surdonoso_realworldtextures_floor_mixtile_solid_white_1424_14430_314
0 8 -96 41 0 -1 0 -125.40625 -0.554688 1 0 1
0 -8 -96 37 0 -1 0 -125.53125 -0.585938 1 0 1
0 8 -96 37 0 -1 0 -125.40625 -0.585938 1 0 1
maps_rp_surdonoso_realworldtextures_floor_mixtile_solid_white_1424_14430_314
0 8 -96 37 1 0 0 -0.34375 -0.585938 1 0 1
0 8 -80 37 1 0 0 -0.46875 -0.585938 1 0 1
0 8 -80 41 1 0 0 -0.46875 -0.554688 1 0 1
maps_rp_surdonoso_realworldtextures_floor_mixtile_solid_white_1424_14430_314
0 8 -96 37 1 0 0 -0.34375 -0.585938 1 0 1
0 8 -80 41 1 0 0 -0.46875 -0.554688 1 0 1
0 8 -96 41 1 0 0 -0.34375 -0.554688 1 0 1
maps_rp_surdonoso_realworldtextures_floor_mixtile_solid_white_1424_14430_314
0 -8 -96 41 -1 0 0 -0.34375 -0.554688 1 0 1
0 -8 -80 41 -1 0 0 -0.46875 -0.554688 1 0 1
0 -8 -80 37 -1 0 0 -0.46875 -0.585938 1 0 1
maps_rp_surdonoso_realworldtextures_floor_mixtile_solid_white_1424_14430_314
0 -8 -96 41 -1 0 0 -0.34375 -0.554688 1 0 1
0 -8 -80 37 -1 0 0 -0.46875 -0.585938 1 0 1
0 -8 -96 37 -1 0 0 -0.34375 -0.585938 1 0 1
maps_rp_surdonoso_realworldtextures_floor_mixtile_solid_white_1424_14430_314
0 6 -94 16 0 0 -1 -0.359375 -124.421875 1 0 1
0 -6 -94 16 0 0 -1 -0.359375 -124.515625 1 0 1
0 -6 -82 16 0 0 -1 -0.453125 -124.515625 1 0 1
maps_rp_surdonoso_realworldtextures_floor_mixtile_solid_white_1424_14430_314
0 6 -94 16 0 0 -1 -0.359375 -124.421875 1 0 1
0 -6 -82 16 0 0 -1 -0.453125 -124.515625 1 0 1
0 6 -82 16 0 0 -1 -0.453125 -124.421875 1 0 1
maps_rp_surdonoso_realworldtextures_floor_mixtile_solid_white_1424_14430_314
0 -6 -94 18 0 0 1 -0.359375 -124.515625 1 0 1
0 6 -94 18 0 0 1 -0.359375 -124.421875 1 0 1
0 6 -82 18 0 0 1 -0.453125 -124.421875 1 0 1
maps_rp_surdonoso_realworldtextures_floor_mixtile_solid_white_1424_14430_314
0 -6 -94 18 0 0 1 -0.359375 -124.515625 1 0 1
0 6 -82 18 0 0 1 -0.453125 -124.421875 1 0 1
0 -6 -82 18 0 0 1 -0.453125 -124.515625 1 0 1
maps_rp_surdonoso_realworldtextures_floor_mixtile_solid_white_1424_14430_314
0 6 -82 16 0 1 0 -125.421875 -0.75 1 0 1
0 -6 -82 16 0 1 0 -125.515625 -0.75 1 0 1
0 -6 -82 18 0 1 0 -125.515625 -0.734375 1 0 1
maps_rp_surdonoso_realworldtextures_floor_mixtile_solid_white_1424_14430_314
0 6 -82 16 0 1 0 -125.421875 -0.75 1 0 1
0 -6 -82 18 0 1 0 -125.515625 -0.734375 1 0 1
0 6 -82 18 0 1 0 -125.421875 -0.734375 1 0 1
maps_rp_surdonoso_realworldtextures_floor_mixtile_solid_white_1424_14430_314
0 6 -94 18 0 -1 0 -125.421875 -0.734375 1 0 1
0 -6 -94 18 0 -1 0 -125.515625 -0.734375 1 0 1
0 -6 -94 16 0 -1 0 -125.515625 -0.75 1 0 1
maps_rp_surdonoso_realworldtextures_floor_mixtile_solid_white_1424_14430_314
0 6 -94 18 0 -1 0 -125.421875 -0.734375 1 0 1
0 -6 -94 16 0 -1 0 -125.515625 -0.75 1 0 1
0 6 -94 16 0 -1 0 -125.421875 -0.75 1 0 1
maps_rp_surdonoso_realworldtextures_floor_mixtile_solid_white_1424_14430_314
0 6 -94 16 1 0 0 -0.359375 -0.75 1 0 1
0 6 -82 16 1 0 0 -0.453125 -0.75 1 0 1
0 6 -82 18 1 0 0 -0.453125 -0.734375 1 0 1
maps_rp_surdonoso_realworldtextures_floor_mixtile_solid_white_1424_14430_314
0 6 -94 16 1 0 0 -0.359375 -0.75 1 0 1
0 6 -82 18 1 0 0 -0.453125 -0.734375 1 0 1
0 6 -94 18 1 0 0 -0.359375 -0.734375 1 0 1
maps_rp_surdonoso_realworldtextures_floor_mixtile_solid_white_1424_14430_314
0 -6 -94 18 -1 0 0 -0.359375 -0.734375 1 0 1
0 -6 -82 18 -1 0 0 -0.453125 -0.734375 1 0 1
0 -6 -82 16 -1 0 0 -0.453125 -0.75 1 0 1
maps_rp_surdonoso_realworldtextures_floor_mixtile_solid_white_1424_14430_314
0 -6 -94 18 -1 0 0 -0.359375 -0.734375 1 0 1
0 -6 -82 16 -1 0 0 -0.453125 -0.75 1 0 1
0 -6 -94 16 -1 0 0 -0.359375 -0.75 1 0 1
maps_rp_surdonoso_realworldtextures_floor_mixtile_solid_white_1424_14430_314
0 -8 -96 16 0 0 1 -0.34375 -124.53125 1 0 1
0 8 -96 16 0 0 1 -0.34375 -124.40625 1 0 1
0 8 -80 16 0 0 1 -0.46875 -124.40625 1 0 1
maps_rp_surdonoso_realworldtextures_floor_mixtile_solid_white_1424_14430_314
0 -8 -96 16 0 0 1 -0.34375 -124.53125 1 0 1
0 8 -80 16 0 0 1 -0.46875 -124.40625 1 0 1
0 -8 -80 16 0 0 1 -0.46875 -124.53125 1 0 1
maps_rp_surdonoso_realworldtextures_floor_mixtile_solid_white_1424_14430_314
0 8 -80 12 0 1 0 -125.40625 -0.78125 1 0 1
0 -8 -80 12 0 1 0 -125.53125 -0.78125 1 0 1
0 -8 -80 16 0 1 0 -125.53125 -0.75 1 0 1
maps_rp_surdonoso_realworldtextures_floor_mixtile_solid_white_1424_14430_314
0 8 -80 12 0 1 0 -125.40625 -0.78125 1 0 1
0 -8 -80 16 0 1 0 -125.53125 -0.75 1 0 1
0 8 -80 16 0 1 0 -125.40625 -0.75 1 0 1
maps_rp_surdonoso_realworldtextures_floor_mixtile_solid_white_1424_14430_314
0 8 -96 16 0 -1 0 -125.40625 -0.75 1 0 1
0 -8 -96 16 0 -1 0 -125.53125 -0.75 1 0 1
0 -8 -96 12 0 -1 0 -125.53125 -0.78125 1 0 1
maps_rp_surdonoso_realworldtextures_floor_mixtile_solid_white_1424_14430_314
0 8 -96 16 0 -1 0 -125.40625 -0.75 1 0 1
0 -8 -96 12 0 -1 0 -125.53125 -0.78125 1 0 1
0 8 -96 12 0 -1 0 -125.40625 -0.78125 1 0 1
maps_rp_surdonoso_realworldtextures_floor_mixtile_solid_white_1424_14430_314
0 8 -96 12 1 0 0 -0.34375 -0.78125 1 0 1
0 8 -80 12 1 0 0 -0.46875 -0.78125 1 0 1
0 8 -80 16 1 0 0 -0.46875 -0.75 1 0 1
maps_rp_surdonoso_realworldtextures_floor_mixtile_solid_white_1424_14430_314
0 8 -96 12 1 0 0 -0.34375 -0.78125 1 0 1
0 8 -80 16 1 0 0 -0.46875 -0.75 1 0 1
0 8 -96 16 1 0 0 -0.34375 -0.75 1 0 1
maps_rp_surdonoso_realworldtextures_floor_mixtile_solid_white_1424_14430_314
0 -8 -96 16 -1 0 0 -0.34375 -0.75 1 0 1
0 -8 -80 16 -1 0 0 -0.46875 -0.75 1 0 1
0 -8 -80 12 -1 0 0 -0.46875 -0.78125 1 0 1
maps_rp_surdonoso_realworldtextures_floor_mixtile_solid_white_1424_14430_314
0 -8 -96 16 -1 0 0 -0.34375 -0.75 1 0 1
0 -8 -80 12 -1 0 0 -0.46875 -0.78125 1 0 1
0 -8 -96 12 -1 0 0 -0.34375 -0.78125 1 0 1
maps_rp_surdonoso_realworldtextures_floor_mixtile_solid_white_1424_14430_314
0 -4 -92 35 0 0 1 -0.375 -124.5 1 0 1
0 4 -92 35 0 0 1 -0.375 -124.4375 1 0 1
0 4 -84 35 0 0 1 -0.4375 -124.4375 1 0 1
maps_rp_surdonoso_realworldtextures_floor_mixtile_solid_white_1424_14430_314
0 -4 -92 35 0 0 1 -0.375 -124.5 1 0 1
0 4 -84 35 0 0 1 -0.4375 -124.4375 1 0 1
0 -4 -84 35 0 0 1 -0.4375 -124.5 1 0 1
maps_rp_surdonoso_realworldtextures_floor_mixtile_solid_white_1424_14430_314
0 4 -92 18 0 0 -1 -0.375 -124.4375 1 0 1
0 -4 -92 18 0 0 -1 -0.375 -124.5 1 0 1
0 -4 -84 18 0 0 -1 -0.4375 -124.5 1 0 1
maps_rp_surdonoso_realworldtextures_floor_mixtile_solid_white_1424_14430_314
0 4 -92 18 0 0 -1 -0.375 -124.4375 1 0 1
0 -4 -84 18 0 0 -1 -0.4375 -124.5 1 0 1
0 4 -84 18 0 0 -1 -0.4375 -124.4375 1 0 1
maps_rp_surdonoso_realworldtextures_floor_mixtile_solid_white_1424_14430_314
0 4 -84 18 0 1 0 -125.4375 -0.734375 1 0 1
0 -4 -84 18 0 1 0 -125.5 -0.734375 1 0 1
0 -4 -84 35 0 1 0 -125.5 -0.601562 1 0 1
maps_rp_surdonoso_realworldtextures_floor_mixtile_solid_white_1424_14430_314
0 4 -84 18 0 1 0 -125.4375 -0.734375 1 0 1
0 -4 -84 35 0 1 0 -125.5 -0.601562 1 0 1
0 4 -84 35 0 1 0 -125.4375 -0.601562 1 0 1
maps_rp_surdonoso_realworldtextures_floor_mixtile_solid_white_1424_14430_314
0 4 -92 35 0 -1 0 -125.4375 -0.601562 1 0 1
0 -4 -92 35 0 -1 0 -125.5 -0.601562 1 0 1
0 -4 -92 18 0 -1 0 -125.5 -0.734375 1 0 1
maps_rp_surdonoso_realworldtextures_floor_mixtile_solid_white_1424_14430_314
0 4 -92 35 0 -1 0 -125.4375 -0.601562 1 0 1
0 -4 -92 18 0 -1 0 -125.5 -0.734375 1 0 1
0 4 -92 18 0 -1 0 -125.4375 -0.734375 1 0 1
maps_rp_surdonoso_realworldtextures_floor_mixtile_solid_white_1424_14430_314
0 4 -92 18 1 0 0 -0.375 -0.734375 1 0 1
0 4 -84 18 1 0 0 -0.4375 -0.734375 1 0 1
0 4 -84 35 1 0 0 -0.4375 -0.601562 1 0 1
maps_rp_surdonoso_realworldtextures_floor_mixtile_solid_white_1424_14430_314
0 4 -92 18 1 0 0 -0.375 -0.734375 1 0 1
0 4 -84 35 1 0 0 -0.4375 -0.601562 1 0 1
0 4 -92 35 1 0 0 -0.375 -0.601562 1 0 1
maps_rp_surdonoso_realworldtextures_floor_mixtile_solid_white_1424_14430_314
0 -4 -92 35 -1 0 0 -0.375 -0.601562 1 0 1
0 -4 -84 35 -1 0 0 -0.4375 -0.601562 1 0 1
0 -4 -84 18 -1 0 0 -0.4375 -0.734375 1 0 1
maps_rp_surdonoso_realworldtextures_floor_mixtile_solid_white_1424_14430_314
0 -4 -92 35 -1 0 0 -0.375 -0.601562 1 0 1
0 -4 -84 18 -1 0 0 -0.4375 -0.734375 1 0 1
0 -4 -92 18 -1 0 0 -0.375 -0.734375 1 0 1
maps_rp_surdonoso_realworldtextures_floor_mixtile_solid_white_1424_14430_314
0 -8 -64 16 0 0 1 -0.59375 -124.53125 1 0 1
0 8 -64 16 0 0 1 -0.59375 -124.40625 1 0 1
0 8 -48 16 0 0 1 -0.71875 -124.40625 1 0 1
maps_rp_surdonoso_realworldtextures_floor_mixtile_solid_white_1424_14430_314
0 -8 -64 16 0 0 1 -0.59375 -124.53125 1 0 1
0 8 -48 16 0 0 1 -0.71875 -124.40625 1 0 1
0 -8 -48 16 0 0 1 -0.71875 -124.53125 1 0 1
maps_rp_surdonoso_realworldtextures_floor_mixtile_solid_white_1424_14430_314
0 8 -48 12 0 1 0 -125.40625 -0.78125 1 0 1
0 -8 -48 12 0 1 0 -125.53125 -0.78125 1 0 1
0 -8 -48 16 0 1 0 -125.53125 -0.75 1 0 1
maps_rp_surdonoso_realworldtextures_floor_mixtile_solid_white_1424_14430_314
0 8 -48 12 0 1 0 -125.40625 -0.78125 1 0 1
0 -8 -48 16 0 1 0 -125.53125 -0.75 1 0 1
0 8 -48 16 0 1 0 -125.40625 -0.75 1 0 1
maps_rp_surdonoso_realworldtextures_floor_mixtile_solid_white_1424_14430_314
0 8 -64 16 0 -1 0 -125.40625 -0.75 1 0 1
0 -8 -64 16 0 -1 0 -125.53125 -0.75 1 0 1
0 -8 -64 12 0 -1 0 -125.53125 -0.78125 1 0 1
maps_rp_surdonoso_realworldtextures_floor_mixtile_solid_white_1424_14430_314
0 8 -64 16 0 -1 0 -125.40625 -0.75 1 0 1
0 -8 -64 12 0 -1 0 -125.53125 -0.78125 1 0 1
0 8 -64 12 0 -1 0 -125.40625 -0.78125 1 0 1
maps_rp_surdonoso_realworldtextures_floor_mixtile_solid_white_1424_14430_314
0 8 -64 12 1 0 0 -0.59375 -0.78125 1 0 1
0 8 -48 12 1 0 0 -0.71875 -0.78125 1 0 1
0 8 -48 16 1 0 0 -0.71875 -0.75 1 0 1
maps_rp_surdonoso_realworldtextures_floor_mixtile_solid_white_1424_14430_314
0 8 -64 12 1 0 0 -0.59375 -0.78125 1 0 1
0 8 -48 16 1 0 0 -0.71875 -0.75 1 0 1
0 8 -64 16 1 0 0 -0.59375 -0.75 1 0 1
maps_rp_surdonoso_realworldtextures_floor_mixtile_solid_white_1424_14430_314
0 -8 -64 16 -1 0 0 -0.59375 -0.75 1 0 1
0 -8 -48 16 -1 0 0 -0.71875 -0.75 1 0 1
0 -8 -48 12 -1 0 0 -0.71875 -0.78125 1 0 1
maps_rp_surdonoso_realworldtextures_floor_mixtile_solid_white_1424_14430_314
0 -8 -64 16 -1 0 0 -0.59375 -0.75 1 0 1
0 -8 -48 12 -1 0 0 -0.71875 -0.78125 1 0 1
0 -8 -64 12 -1 0 0 -0.59375 -0.78125 1 0 1
maps_rp_surdonoso_realworldtextures_floor_mixtile_solid_white_1424_14430_314
0 6 -94 35 0 0 -1 -0.359375 -124.421875 1 0 1
0 -6 -94 35 0 0 -1 -0.359375 -124.515625 1 0 1
0 -6 -82 35 0 0 -1 -0.453125 -124.515625 1 0 1
maps_rp_surdonoso_realworldtextures_floor_mixtile_solid_white_1424_14430_314
0 6 -94 35 0 0 -1 -0.359375 -124.421875 1 0 1
0 -6 -82 35 0 0 -1 -0.453125 -124.515625 1 0 1
0 6 -82 35 0 0 -1 -0.453125 -124.421875 1 0 1
maps_rp_surdonoso_realworldtextures_floor_mixtile_solid_white_1424_14430_314
0 -6 -94 37 0 0 1 -0.359375 -124.515625 1 0 1
0 6 -94 37 0 0 1 -0.359375 -124.421875 1 0 1
0 6 -82 37 0 0 1 -0.453125 -124.421875 1 0 1
maps_rp_surdonoso_realworldtextures_floor_mixtile_solid_white_1424_14430_314
0 -6 -94 37 0 0 1 -0.359375 -124.515625 1 0 1
0 6 -82 37 0 0 1 -0.453125 -124.421875 1 0 1
0 -6 -82 37 0 0 1 -0.453125 -124.515625 1 0 1
maps_rp_surdonoso_realworldtextures_floor_mixtile_solid_white_1424_14430_314
0 6 -82 35 0 1 0 -125.421875 -0.601562 1 0 1
0 -6 -82 35 0 1 0 -125.515625 -0.601562 1 0 1
0 -6 -82 37 0 1 0 -125.515625 -0.585938 1 0 1
maps_rp_surdonoso_realworldtextures_floor_mixtile_solid_white_1424_14430_314
0 6 -82 35 0 1 0 -125.421875 -0.601562 1 0 1
0 -6 -82 37 0 1 0 -125.515625 -0.585938 1 0 1
0 6 -82 37 0 1 0 -125.421875 -0.585938 1 0 1
maps_rp_surdonoso_realworldtextures_floor_mixtile_solid_white_1424_14430_314
0 6 -94 37 0 -1 0 -125.421875 -0.585938 1 0 1
0 -6 -94 37 0 -1 0 -125.515625 -0.585938 1 0 1
0 -6 -94 35 0 -1 0 -125.515625 -0.601562 1 0 1
maps_rp_surdonoso_realworldtextures_floor_mixtile_solid_white_1424_14430_314
0 6 -94 37 0 -1 0 -125.421875 -0.585938 1 0 1
0 -6 -94 35 0 -1 0 -125.515625 -0.601562 1 0 1
0 6 -94 35 0 -1 0 -125.421875 -0.601562 1 0 1
maps_rp_surdonoso_realworldtextures_floor_mixtile_solid_white_1424_14430_314
0 6 -94 35 1 0 0 -0.359375 -0.601562 1 0 1
0 6 -82 35 1 0 0 -0.453125 -0.601562 1 0 1
0 6 -82 37 1 0 0 -0.453125 -0.585938 1 0 1
maps_rp_surdonoso_realworldtextures_floor_mixtile_solid_white_1424_14430_314
0 6 -94 35 1 0 0 -0.359375 -0.601562 1 0 1
0 6 -82 37 1 0 0 -0.453125 -0.585938 1 0 1
0 6 -94 37 1 0 0 -0.359375 -0.585938 1 0 1
maps_rp_surdonoso_realworldtextures_floor_mixtile_solid_white_1424_14430_314
0 -6 -94 37 -1 0 0 -0.359375 -0.585938 1 0 1
0 -6 -82 37 -1 0 0 -0.453125 -0.585938 1 0 1
0 -6 -82 35 -1 0 0 -0.453125 -0.601562 1 0 1
maps_rp_surdonoso_realworldtextures_floor_mixtile_solid_white_1424_14430_314
0 -6 -94 37 -1 0 0 -0.359375 -0.585938 1 0 1
0 -6 -82 35 -1 0 0 -0.453125 -0.601562 1 0 1
0 -6 -94 35 -1 0 0 -0.359375 -0.601562 1 0 1
maps_rp_surdonoso_realworldtextures_floor_mixtile_solid_white_1424_14430_314
0 8 -80 37 0 0 -1 -0.46875 -124.40625 1 0 1
0 -8 -80 37 0 0 -1 -0.46875 -124.53125 1 0 1
0 -8 -64 37 0 0 -1 -0.59375 -124.53125 1 0 1
maps_rp_surdonoso_realworldtextures_floor_mixtile_solid_white_1424_14430_314
0 8 -80 37 0 0 -1 -0.46875 -124.40625 1 0 1
0 -8 -64 37 0 0 -1 -0.59375 -124.53125 1 0 1
0 8 -64 37 0 0 -1 -0.59375 -124.40625 1 0 1
maps_rp_surdonoso_realworldtextures_floor_mixtile_solid_white_1424_14430_314
0 -8 -80 41 0 0 1 -0.46875 -124.53125 1 0 1
0 8 -80 41 0 0 1 -0.46875 -124.40625 1 0 1
0 8 -64 41 0 0 1 -0.59375 -124.40625 1 0 1
maps_rp_surdonoso_realworldtextures_floor_mixtile_solid_white_1424_14430_314
0 -8 -80 41 0 0 1 -0.46875 -124.53125 1 0 1
0 8 -64 41 0 0 1 -0.59375 -124.40625 1 0 1
0 -8 -64 41 0 0 1 -0.59375 -124.53125 1 0 1
maps_rp_surdonoso_realworldtextures_floor_mixtile_solid_white_1424_14430_314
0 8 -64 37 0 1 0 -125.40625 -0.585938 1 0 1
0 -8 -64 37 0 1 0 -125.53125 -0.585938 1 0 1
0 -8 -64 41 0 1 0 -125.53125 -0.554688 1 0 1
maps_rp_surdonoso_realworldtextures_floor_mixtile_solid_white_1424_14430_314
0 8 -64 37 0 1 0 -125.40625 -0.585938 1 0 1
0 -8 -64 41 0 1 0 -125.53125 -0.554688 1 0 1
0 8 -64 41 0 1 0 -125.40625 -0.554688 1 0 1
maps_rp_surdonoso_realworldtextures_floor_mixtile_solid_white_1424_14430_314
0 8 -80 41 0 -1 0 -125.40625 -0.554688 1 0 1
0 -8 -80 41 0 -1 0 -125.53125 -0.554688 1 0 1
0 -8 -80 37 0 -1 0 -125.53125 -0.585938 1 0 1
maps_rp_surdonoso_realworldtextures_floor_mixtile_solid_white_1424_14430_314
0 8 -80 41 0 -1 0 -125.40625 -0.554688 1 0 1
0 -8 -80 37 0 -1 0 -125.53125 -0.585938 1 0 1
0 8 -80 37 0 -1 0 -125.40625 -0.585938 1 0 1
maps_rp_surdonoso_realworldtextures_floor_mixtile_solid_white_1424_14430_314
0 8 -80 37 1 0 0 -0.46875 -0.585938 1 0 1
0 8 -64 37 1 0 0 -0.59375 -0.585938 1 0 1
0 8 -64 41 1 0 0 -0.59375 -0.554688 1 0 1
maps_rp_surdonoso_realworldtextures_floor_mixtile_solid_white_1424_14430_314
0 8 -80 37 1 0 0 -0.46875 -0.585938 1 0 1
0 8 -64 41 1 0 0 -0.59375 -0.554688 1 0 1
0 8 -80 41 1 0 0 -0.46875 -0.554688 1 0 1
maps_rp_surdonoso_realworldtextures_floor_mixtile_solid_white_1424_14430_314
0 -8 -80 41 -1 0 0 -0.46875 -0.554688 1 0 1
0 -8 -64 41 -1 0 0 -0.59375 -0.554688 1 0 1
0 -8 -64 37 -1 0 0 -0.59375 -0.585938 1 0 1
maps_rp_surdonoso_realworldtextures_floor_mixtile_solid_white_1424_14430_314
0 -8 -80 41 -1 0 0 -0.46875 -0.554688 1 0 1
0 -8 -64 37 -1 0 0 -0.59375 -0.585938 1 0 1
0 -8 -80 37 -1 0 0 -0.46875 -0.585938 1 0 1
maps_rp_surdonoso_realworldtextures_floor_mixtile_solid_white_1424_14430_314
0 -4 -76 35 0 0 1 -0.5 -124.5 1 0 1
0 4 -76 35 0 0 1 -0.5 -124.4375 1 0 1
0 4 -68 35 0 0 1 -0.5625 -124.4375 1 0 1
maps_rp_surdonoso_realworldtextures_floor_mixtile_solid_white_1424_14430_314
0 -4 -76 35 0 0 1 -0.5 -124.5 1 0 1
0 4 -68 35 0 0 1 -0.5625 -124.4375 1 0 1
0 -4 -68 35 0 0 1 -0.5625 -124.5 1 0 1
maps_rp_surdonoso_realworldtextures_floor_mixtile_solid_white_1424_14430_314
0 4 -76 18 0 0 -1 -0.5 -124.4375 1 0 1
0 -4 -76 18 0 0 -1 -0.5 -124.5 1 0 1
0 -4 -68 18 0 0 -1 -0.5625 -124.5 1 0 1
maps_rp_surdonoso_realworldtextures_floor_mixtile_solid_white_1424_14430_314
0 4 -76 18 0 0 -1 -0.5 -124.4375 1 0 1
0 -4 -68 18 0 0 -1 -0.5625 -124.5 1 0 1
0 4 -68 18 0 0 -1 -0.5625 -124.4375 1 0 1
maps_rp_surdonoso_realworldtextures_floor_mixtile_solid_white_1424_14430_314
0 4 -68 18 0 1 0 -125.4375 -0.734375 1 0 1
0 -4 -68 18 0 1 0 -125.5 -0.734375 1 0 1
0 -4 -68 35 0 1 0 -125.5 -0.601562 1 0 1
maps_rp_surdonoso_realworldtextures_floor_mixtile_solid_white_1424_14430_314
0 4 -68 18 0 1 0 -125.4375 -0.734375 1 0 1
0 -4 -68 35 0 1 0 -125.5 -0.601562 1 0 1
0 4 -68 35 0 1 0 -125.4375 -0.601562 1 0 1
maps_rp_surdonoso_realworldtextures_floor_mixtile_solid_white_1424_14430_314
0 4 -76 35 0 -1 0 -125.4375 -0.601562 1 0 1
0 -4 -76 35 0 -1 0 -125.5 -0.601562 1 0 1
0 -4 -76 18 0 -1 0 -125.5 -0.734375 1 0 1
maps_rp_surdonoso_realworldtextures_floor_mixtile_solid_white_1424_14430_314
0 4 -76 35 0 -1 0 -125.4375 -0.601562 1 0 1
0 -4 -76 18 0 -1 0 -125.5 -0.734375 1 0 1
0 4 -76 18 0 -1 0 -125.4375 -0.734375 1 0 1
maps_rp_surdonoso_realworldtextures_floor_mixtile_solid_white_1424_14430_314
0 4 -76 18 1 0 0 -0.5 -0.734375 1 0 1
0 4 -68 18 1 0 0 -0.5625 -0.734375 1 0 1
0 4 -68 35 1 0 0 -0.5625 -0.601562 1 0 1
maps_rp_surdonoso_realworldtextures_floor_mixtile_solid_white_1424_14430_314
0 4 -76 18 1 0 0 -0.5 -0.734375 1 0 1
0 4 -68 35 1 0 0 -0.5625 -0.601562 1 0 1
0 4 -76 35 1 0 0 -0.5 -0.601562 1 0 1
maps_rp_surdonoso_realworldtextures_floor_mixtile_solid_white_1424_14430_314
0 -4 -76 35 -1 0 0 -0.5 -0.601562 1 0 1
0 -4 -68 35 -1 0 0 -0.5625 -0.601562 1 0 1
0 -4 -68 18 -1 0 0 -0.5625 -0.734375 1 0 1
maps_rp_surdonoso_realworldtextures_floor_mixtile_solid_white_1424_14430_314
0 -4 -76 35 -1 0 0 -0.5 -0.601562 1 0 1
0 -4 -68 18 -1 0 0 -0.5625 -0.734375 1 0 1
0 -4 -76 18 -1 0 0 -0.5 -0.734375 1 0 1
maps_rp_surdonoso_realworldtextures_floor_mixtile_solid_white_1424_14430_314
0 6 -78 35 0 0 -1 -0.484375 -124.421875 1 0 1
0 -6 -78 35 0 0 -1 -0.484375 -124.515625 1 0 1
0 -6 -66 35 0 0 -1 -0.578125 -124.515625 1 0 1
maps_rp_surdonoso_realworldtextures_floor_mixtile_solid_white_1424_14430_314
0 6 -78 35 0 0 -1 -0.484375 -124.421875 1 0 1
0 -6 -66 35 0 0 -1 -0.578125 -124.515625 1 0 1
0 6 -66 35 0 0 -1 -0.578125 -124.421875 1 0 1
maps_rp_surdonoso_realworldtextures_floor_mixtile_solid_white_1424_14430_314
0 -6 -78 37 0 0 1 -0.484375 -124.515625 1 0 1
0 6 -78 37 0 0 1 -0.484375 -124.421875 1 0 1
0 6 -66 37 0 0 1 -0.578125 -124.421875 1 0 1
maps_rp_surdonoso_realworldtextures_floor_mixtile_solid_white_1424_14430_314
0 -6 -78 37 0 0 1 -0.484375 -124.515625 1 0 1
0 6 -66 37 0 0 1 -0.578125 -124.421875 1 0 1
0 -6 -66 37 0 0 1 -0.578125 -124.515625 1 0 1
maps_rp_surdonoso_realworldtextures_floor_mixtile_solid_white_1424_14430_314
0 6 -66 35 0 1 0 -125.421875 -0.601562 1 0 1
0 -6 -66 35 0 1 0 -125.515625 -0.601562 1 0 1
0 -6 -66 37 0 1 0 -125.515625 -0.585938 1 0 1
maps_rp_surdonoso_realworldtextures_floor_mixtile_solid_white_1424_14430_314
0 6 -66 35 0 1 0 -125.421875 -0.601562 1 0 1
0 -6 -66 37 0 1 0 -125.515625 -0.585938 1 0 1
0 6 -66 37 0 1 0 -125.421875 -0.585938 1 0 1
maps_rp_surdonoso_realworldtextures_floor_mixtile_solid_white_1424_14430_314
0 6 -78 37 0 -1 0 -125.421875 -0.585938 1 0 1
0 -6 -78 37 0 -1 0 -125.515625 -0.585938 1 0 1
0 -6 -78 35 0 -1 0 -125.515625 -0.601562 1 0 1
maps_rp_surdonoso_realworldtextures_floor_mixtile_solid_white_1424_14430_314
0 6 -78 37 0 -1 0 -125.421875 -0.585938 1 0 1
0 -6 -78 35 0 -1 0 -125.515625 -0.601562 1 0 1
0 6 -78 35 0 -1 0 -125.421875 -0.601562 1 0 1
maps_rp_surdonoso_realworldtextures_floor_mixtile_solid_white_1424_14430_314
0 6 -78 35 1 0 0 -0.484375 -0.601562 1 0 1
0 6 -66 35 1 0 0 -0.578125 -0.601562 1 0 1
0 6 -66 37 1 0 0 -0.578125 -0.585938 1 0 1
maps_rp_surdonoso_realworldtextures_floor_mixtile_solid_white_1424_14430_314
0 6 -78 35 1 0 0 -0.484375 -0.601562 1 0 1
0 6 -66 37 1 0 0 -0.578125 -0.585938 1 0 1
0 6 -78 37 1 0 0 -0.484375 -0.585938 1 0 1
maps_rp_surdonoso_realworldtextures_floor_mixtile_solid_white_1424_14430_314
0 -6 -78 37 -1 0 0 -0.484375 -0.585938 1 0 1
0 -6 -66 37 -1 0 0 -0.578125 -0.585938 1 0 1
0 -6 -66 35 -1 0 0 -0.578125 -0.601562 1 0 1
maps_rp_surdonoso_realworldtextures_floor_mixtile_solid_white_1424_14430_314
0 -6 -78 37 -1 0 0 -0.484375 -0.585938 1 0 1
0 -6 -66 35 -1 0 0 -0.578125 -0.601562 1 0 1
0 -6 -78 35 -1 0 0 -0.484375 -0.601562 1 0 1
maps_rp_surdonoso_realworldtextures_floor_mixtile_solid_white_1424_14430_314
0 6 -78 16 0 0 -1 -0.484375 -124.421875 1 0 1
0 -6 -78 16 0 0 -1 -0.484375 -124.515625 1 0 1
0 -6 -66 16 0 0 -1 -0.578125 -124.515625 1 0 1
maps_rp_surdonoso_realworldtextures_floor_mixtile_solid_white_1424_14430_314
0 6 -78 16 0 0 -1 -0.484375 -124.421875 1 0 1
0 -6 -66 16 0 0 -1 -0.578125 -124.515625 1 0 1
0 6 -66 16 0 0 -1 -0.578125 -124.421875 1 0 1
maps_rp_surdonoso_realworldtextures_floor_mixtile_solid_white_1424_14430_314
0 -6 -78 18 0 0 1 -0.484375 -124.515625 1 0 1
0 6 -78 18 0 0 1 -0.484375 -124.421875 1 0 1
0 6 -66 18 0 0 1 -0.578125 -124.421875 1 0 1
maps_rp_surdonoso_realworldtextures_floor_mixtile_solid_white_1424_14430_314
0 -6 -78 18 0 0 1 -0.484375 -124.515625 1 0 1
0 6 -66 18 0 0 1 -0.578125 -124.421875 1 0 1
0 -6 -66 18 0 0 1 -0.578125 -124.515625 1 0 1
maps_rp_surdonoso_realworldtextures_floor_mixtile_solid_white_1424_14430_314
0 6 -66 16 0 1 0 -125.421875 -0.75 1 0 1
0 -6 -66 16 0 1 0 -125.515625 -0.75 1 0 1
0 -6 -66 18 0 1 0 -125.515625 -0.734375 1 0 1
maps_rp_surdonoso_realworldtextures_floor_mixtile_solid_white_1424_14430_314
0 6 -66 16 0 1 0 -125.421875 -0.75 1 0 1
0 -6 -66 18 0 1 0 -125.515625 -0.734375 1 0 1
0 6 -66 18 0 1 0 -125.421875 -0.734375 1 0 1
maps_rp_surdonoso_realworldtextures_floor_mixtile_solid_white_1424_14430_314
0 6 -78 18 0 -1 0 -125.421875 -0.734375 1 0 1
0 -6 -78 18 0 -1 0 -125.515625 -0.734375 1 0 1
0 -6 -78 16 0 -1 0 -125.515625 -0.75 1 0 1
maps_rp_surdonoso_realworldtextures_floor_mixtile_solid_white_1424_14430_314
0 6 -78 18 0 -1 0 -125.421875 -0.734375 1 0 1
0 -6 -78 16 0 -1 0 -125.515625 -0.75 1 0 1
0 6 -78 16 0 -1 0 -125.421875 -0.75 1 0 1
maps_rp_surdonoso_realworldtextures_floor_mixtile_solid_white_1424_14430_314
0 6 -78 16 1 0 0 -0.484375 -0.75 1 0 1
0 6 -66 16 1 0 0 -0.578125 -0.75 1 0 1
0 6 -66 18 1 0 0 -0.578125 -0.734375 1 0 1
maps_rp_surdonoso_realworldtextures_floor_mixtile_solid_white_1424_14430_314
0 6 -78 16 1 0 0 -0.484375 -0.75 1 0 1
0 6 -66 18 1 0 0 -0.578125 -0.734375 1 0 1
0 6 -78 18 1 0 0 -0.484375 -0.734375 1 0 1
maps_rp_surdonoso_realworldtextures_floor_mixtile_solid_white_1424_14430_314
0 -6 -78 18 -1 0 0 -0.484375 -0.734375 1 0 1
0 -6 -66 18 -1 0 0 -0.578125 -0.734375 1 0 1
0 -6 -66 16 -1 0 0 -0.578125 -0.75 1 0 1
maps_rp_surdonoso_realworldtextures_floor_mixtile_solid_white_1424_14430_314
0 -6 -78 18 -1 0 0 -0.484375 -0.734375 1 0 1
0 -6 -66 16 -1 0 0 -0.578125 -0.75 1 0 1
0 -6 -78 16 -1 0 0 -0.484375 -0.75 1 0 1
maps_rp_surdonoso_realworldtextures_floor_mixtile_solid_white_1424_14430_314
0 -8 -80 16 0 0 1 -0.46875 -124.53125 1 0 1
0 8 -80 16 0 0 1 -0.46875 -124.40625 1 0 1
0 8 -64 16 0 0 1 -0.59375 -124.40625 1 0 1
maps_rp_surdonoso_realworldtextures_floor_mixtile_solid_white_1424_14430_314
0 -8 -80 16 0 0 1 -0.46875 -124.53125 1 0 1
0 8 -64 16 0 0 1 -0.59375 -124.40625 1 0 1
0 -8 -64 16 0 0 1 -0.59375 -124.53125 1 0 1
maps_rp_surdonoso_realworldtextures_floor_mixtile_solid_white_1424_14430_314
0 8 -64 12 0 1 0 -125.40625 -0.78125 1 0 1
0 -8 -64 12 0 1 0 -125.53125 -0.78125 1 0 1
0 -8 -64 16 0 1 0 -125.53125 -0.75 1 0 1
maps_rp_surdonoso_realworldtextures_floor_mixtile_solid_white_1424_14430_314
0 8 -64 12 0 1 0 -125.40625 -0.78125 1 0 1
0 -8 -64 16 0 1 0 -125.53125 -0.75 1 0 1
0 8 -64 16 0 1 0 -125.40625 -0.75 1 0 1
maps_rp_surdonoso_realworldtextures_floor_mixtile_solid_white_1424_14430_314
0 8 -80 16 0 -1 0 -125.40625 -0.75 1 0 1
0 -8 -80 16 0 -1 0 -125.53125 -0.75 1 0 1
0 -8 -80 12 0 -1 0 -125.53125 -0.78125 1 0 1
maps_rp_surdonoso_realworldtextures_floor_mixtile_solid_white_1424_14430_314
0 8 -80 16 0 -1 0 -125.40625 -0.75 1 0 1
0 -8 -80 12 0 -1 0 -125.53125 -0.78125 1 0 1
0 8 -80 12 0 -1 0 -125.40625 -0.78125 1 0 1
maps_rp_surdonoso_realworldtextures_floor_mixtile_solid_white_1424_14430_314
0 8 -80 12 1 0 0 -0.46875 -0.78125 1 0 1
0 8 -64 12 1 0 0 -0.59375 -0.78125 1 0 1
0 8 -64 16 1 0 0 -0.59375 -0.75 1 0 1
maps_rp_surdonoso_realworldtextures_floor_mixtile_solid_white_1424_14430_314
0 8 -80 12 1 0 0 -0.46875 -0.78125 1 0 1
0 8 -64 16 1 0 0 -0.59375 -0.75 1 0 1
0 8 -80 16 1 0 0 -0.46875 -0.75 1 0 1
maps_rp_surdonoso_realworldtextures_floor_mixtile_solid_white_1424_14430_314
0 -8 -80 16 -1 0 0 -0.46875 -0.75 1 0 1
0 -8 -64 16 -1 0 0 -0.59375 -0.75 1 0 1
0 -8 -64 12 -1 0 0 -0.59375 -0.78125 1 0 1
maps_rp_surdonoso_realworldtextures_floor_mixtile_solid_white_1424_14430_314
0 -8 -80 16 -1 0 0 -0.46875 -0.75 1 0 1
0 -8 -64 12 -1 0 0 -0.59375 -0.78125 1 0 1
0 -8 -80 12 -1 0 0 -0.46875 -0.78125 1 0 1
maps_rp_surdonoso_realworldtextures_floor_mixtile_solid_white_1424_14430_314
0 8 -64 37 0 0 -1 -0.59375 -124.40625 1 0 1
0 -8 -64 37 0 0 -1 -0.59375 -124.53125 1 0 1
0 -8 -48 37 0 0 -1 -0.71875 -124.53125 1 0 1
maps_rp_surdonoso_realworldtextures_floor_mixtile_solid_white_1424_14430_314
0 8 -64 37 0 0 -1 -0.59375 -124.40625 1 0 1
0 -8 -48 37 0 0 -1 -0.71875 -124.53125 1 0 1
0 8 -48 37 0 0 -1 -0.71875 -124.40625 1 0 1
maps_rp_surdonoso_realworldtextures_floor_mixtile_solid_white_1424_14430_314
0 -8 -64 41 0 0 1 -0.59375 -124.53125 1 0 1
0 8 -64 41 0 0 1 -0.59375 -124.40625 1 0 1
0 8 -48 41 0 0 1 -0.71875 -124.40625 1 0 1
maps_rp_surdonoso_realworldtextures_floor_mixtile_solid_white_1424_14430_314
0 -8 -64 41 0 0 1 -0.59375 -124.53125 1 0 1
0 8 -48 41 0 0 1 -0.71875 -124.40625 1 0 1
0 -8 -48 41 0 0 1 -0.71875 -124.53125 1 0 1
maps_rp_surdonoso_realworldtextures_floor_mixtile_solid_white_1424_14430_314
0 8 -48 37 0 1 0 -125.40625 -0.585938 1 0 1
0 -8 -48 37 0 1 0 -125.53125 -0.585938 1 0 1
0 -8 -48 41 0 1 0 -125.53125 -0.554688 1 0 1
maps_rp_surdonoso_realworldtextures_floor_mixtile_solid_white_1424_14430_314
0 8 -48 37 0 1 0 -125.40625 -0.585938 1 0 1
0 -8 -48 41 0 1 0 -125.53125 -0.554688 1 0 1
0 8 -48 41 0 1 0 -125.40625 -0.554688 1 0 1
maps_rp_surdonoso_realworldtextures_floor_mixtile_solid_white_1424_14430_314
0 8 -64 41 0 -1 0 -125.40625 -0.554688 1 0 1
0 -8 -64 41 0 -1 0 -125.53125 -0.554688 1 0 1
0 -8 -64 37 0 -1 0 -125.53125 -0.585938 1 0 1
maps_rp_surdonoso_realworldtextures_floor_mixtile_solid_white_1424_14430_314
0 8 -64 41 0 -1 0 -125.40625 -0.554688 1 0 1
0 -8 -64 37 0 -1 0 -125.53125 -0.585938 1 0 1
0 8 -64 37 0 -1 0 -125.40625 -0.585938 1 0 1
maps_rp_surdonoso_realworldtextures_floor_mixtile_solid_white_1424_14430_314
0 8 -64 37 1 0 0 -0.59375 -0.585938 1 0 1
0 8 -48 37 1 0 0 -0.71875 -0.585938 1 0 1
0 8 -48 41 1 0 0 -0.71875 -0.554688 1 0 1
maps_rp_surdonoso_realworldtextures_floor_mixtile_solid_white_1424_14430_314
0 8 -64 37 1 0 0 -0.59375 -0.585938 1 0 1
0 8 -48 41 1 0 0 -0.71875 -0.554688 1 0 1
0 8 -64 41 1 0 0 -0.59375 -0.554688 1 0 1
maps_rp_surdonoso_realworldtextures_floor_mixtile_solid_white_1424_14430_314
0 -8 -64 41 -1 0 0 -0.59375 -0.554688 1 0 1
0 -8 -48 41 -1 0 0 -0.71875 -0.554688 1 0 1
0 -8 -48 37 -1 0 0 -0.71875 -0.585938 1 0 1
maps_rp_surdonoso_realworldtextures_floor_mixtile_solid_white_1424_14430_314
0 -8 -64 41 -1 0 0 -0.59375 -0.554688 1 0 1
0 -8 -48 37 -1 0 0 -0.71875 -0.585938 1 0 1
0 -8 -64 37 -1 0 0 -0.59375 -0.585938 1 0 1
maps_rp_surdonoso_realworldtextures_floor_mixtile_solid_white_1424_14430_314
0 6 -62 16 0 0 -1 -0.609375 -124.421875 1 0 1
0 -6 -62 16 0 0 -1 -0.609375 -124.515625 1 0 1
0 -6 -50 16 0 0 -1 -0.703125 -124.515625 1 0 1
maps_rp_surdonoso_realworldtextures_floor_mixtile_solid_white_1424_14430_314
0 6 -62 16 0 0 -1 -0.609375 -124.421875 1 0 1
0 -6 -50 16 0 0 -1 -0.703125 -124.515625 1 0 1
0 6 -50 16 0 0 -1 -0.703125 -124.421875 1 0 1
maps_rp_surdonoso_realworldtextures_floor_mixtile_solid_white_1424_14430_314
0 -6 -62 18 0 0 1 -0.609375 -124.515625 1 0 1
0 6 -62 18 0 0 1 -0.609375 -124.421875 1 0 1
0 6 -50 18 0 0 1 -0.703125 -124.421875 1 0 1
maps_rp_surdonoso_realworldtextures_floor_mixtile_solid_white_1424_14430_314
0 -6 -62 18 0 0 1 -0.609375 -124.515625 1 0 1
0 6 -50 18 0 0 1 -0.703125 -124.421875 1 0 1
0 -6 -50 18 0 0 1 -0.703125 -124.515625 1 0 1
maps_rp_surdonoso_realworldtextures_floor_mixtile_solid_white_1424_14430_314
0 6 -50 16 0 1 0 -125.421875 -0.75 1 0 1
0 -6 -50 16 0 1 0 -125.515625 -0.75 1 0 1
0 -6 -50 18 0 1 0 -125.515625 -0.734375 1 0 1
maps_rp_surdonoso_realworldtextures_floor_mixtile_solid_white_1424_14430_314
0 6 -50 16 0 1 0 -125.421875 -0.75 1 0 1
0 -6 -50 18 0 1 0 -125.515625 -0.734375 1 0 1
0 6 -50 18 0 1 0 -125.421875 -0.734375 1 0 1
maps_rp_surdonoso_realworldtextures_floor_mixtile_solid_white_1424_14430_314
0 6 -62 18 0 -1 0 -125.421875 -0.734375 1 0 1
0 -6 -62 18 0 -1 0 -125.515625 -0.734375 1 0 1
0 -6 -62 16 0 -1 0 -125.515625 -0.75 1 0 1
maps_rp_surdonoso_realworldtextures_floor_mixtile_solid_white_1424_14430_314
0 6 -62 18 0 -1 0 -125.421875 -0.734375 1 0 1
0 -6 -62 16 0 -1 0 -125.515625 -0.75 1 0 1
0 6 -62 16 0 -1 0 -125.421875 -0.75 1 0 1
maps_rp_surdonoso_realworldtextures_floor_mixtile_solid_white_1424_14430_314
0 6 -62 16 1 0 0 -0.609375 -0.75 1 0 1
0 6 -50 16 1 0 0 -0.703125 -0.75 1 0 1
0 6 -50 18 1 0 0 -0.703125 -0.734375 1 0 1
maps_rp_surdonoso_realworldtextures_floor_mixtile_solid_white_1424_14430_314
0 6 -62 16 1 0 0 -0.609375 -0.75 1 0 1
0 6 -50 18 1 0 0 -0.703125 -0.734375 1 0 1
0 6 -62 18 1 0 0 -0.609375 -0.734375 1 0 1
maps_rp_surdonoso_realworldtextures_floor_mixtile_solid_white_1424_14430_314
0 -6 -62 18 -1 0 0 -0.609375 -0.734375 1 0 1
0 -6 -50 18 -1 0 0 -0.703125 -0.734375 1 0 1
0 -6 -50 16 -1 0 0 -0.703125 -0.75 1 0 1
maps_rp_surdonoso_realworldtextures_floor_mixtile_solid_white_1424_14430_314
0 -6 -62 18 -1 0 0 -0.609375 -0.734375 1 0 1
0 -6 -50 16 -1 0 0 -0.703125 -0.75 1 0 1
0 -6 -62 16 -1 0 0 -0.609375 -0.75 1 0 1
maps_rp_surdonoso_realworldtextures_floor_mixtile_solid_white_1424_14430_314
0 -4 -60 35 0 0 1 -0.625 -124.5 1 0 1
0 4 -60 35 0 0 1 -0.625 -124.4375 1 0 1
0 4 -52 35 0 0 1 -0.6875 -124.4375 1 0 1
maps_rp_surdonoso_realworldtextures_floor_mixtile_solid_white_1424_14430_314
0 -4 -60 35 0 0 1 -0.625 -124.5 1 0 1
0 4 -52 35 0 0 1 -0.6875 -124.4375 1 0 1
0 -4 -52 35 0 0 1 -0.6875 -124.5 1 0 1
maps_rp_surdonoso_realworldtextures_floor_mixtile_solid_white_1424_14430_314
0 4 -60 18 0 0 -1 -0.625 -124.4375 1 0 1
0 -4 -60 18 0 0 -1 -0.625 -124.5 1 0 1
0 -4 -52 18 0 0 -1 -0.6875 -124.5 1 0 1
maps_rp_surdonoso_realworldtextures_floor_mixtile_solid_white_1424_14430_314
0 4 -60 18 0 0 -1 -0.625 -124.4375 1 0 1
0 -4 -52 18 0 0 -1 -0.6875 -124.5 1 0 1
0 4 -52 18 0 0 -1 -0.6875 -124.4375 1 0 1
maps_rp_surdonoso_realworldtextures_floor_mixtile_solid_white_1424_14430_314
0 4 -52 18 0 1 0 -125.4375 -0.734375 1 0 1
0 -4 -52 18 0 1 0 -125.5 -0.734375 1 0 1
0 -4 -52 35 0 1 0 -125.5 -0.601562 1 0 1
maps_rp_surdonoso_realworldtextures_floor_mixtile_solid_white_1424_14430_314
0 4 -52 18 0 1 0 -125.4375 -0.734375 1 0 1
0 -4 -52 35 0 1 0 -125.5 -0.601562 1 0 1
0 4 -52 35 0 1 0 -125.4375 -0.601562 1 0 1
maps_rp_surdonoso_realworldtextures_floor_mixtile_solid_white_1424_14430_314
0 4 -60 35 0 -1 0 -125.4375 -0.601562 1 0 1
0 -4 -60 35 0 -1 0 -125.5 -0.601562 1 0 1
0 -4 -60 18 0 -1 0 -125.5 -0.734375 1 0 1
maps_rp_surdonoso_realworldtextures_floor_mixtile_solid_white_1424_14430_314
0 4 -60 35 0 -1 0 -125.4375 -0.601562 1 0 1
0 -4 -60 18 0 -1 0 -125.5 -0.734375 1 0 1
0 4 -60 18 0 -1 0 -125.4375 -0.734375 1 0 1
maps_rp_surdonoso_realworldtextures_floor_mixtile_solid_white_1424_14430_314
0 4 -60 18 1 0 0 -0.625 -0.734375 1 0 1
0 4 -52 18 1 0 0 -0.6875 -0.734375 1 0 1
0 4 -52 35 1 0 0 -0.6875 -0.601562 1 0 1
maps_rp_surdonoso_realworldtextures_floor_mixtile_solid_white_1424_14430_314
0 4 -60 18 1 0 0 -0.625 -0.734375 1 0 1
0 4 -52 35 1 0 0 -0.6875 -0.601562 1 0 1
0 4 -60 35 1 0 0 -0.625 -0.601562 1 0 1
maps_rp_surdonoso_realworldtextures_floor_mixtile_solid_white_1424_14430_314
0 -4 -60 35 -1 0 0 -0.625 -0.601562 1 0 1
0 -4 -52 35 -1 0 0 -0.6875 -0.601562 1 0 1
0 -4 -52 18 -1 0 0 -0.6875 -0.734375 1 0 1
maps_rp_surdonoso_realworldtextures_floor_mixtile_solid_white_1424_14430_314
0 -4 -60 35 -1 0 0 -0.625 -0.601562 1 0 1
0 -4 -52 18 -1 0 0 -0.6875 -0.734375 1 0 1
0 -4 -60 18 -1 0 0 -0.625 -0.734375 1 0 1
maps_rp_surdonoso_realworldtextures_floor_mixtile_solid_white_1424_14430_314
0 6 -62 35 0 0 -1 -0.609375 -124.421875 1 0 1
0 -6 -62 35 0 0 -1 -0.609375 -124.515625 1 0 1
0 -6 -50 35 0 0 -1 -0.703125 -124.515625 1 0 1
maps_rp_surdonoso_realworldtextures_floor_mixtile_solid_white_1424_14430_314
0 6 -62 35 0 0 -1 -0.609375 -124.421875 1 0 1
0 -6 -50 35 0 0 -1 -0.703125 -124.515625 1 0 1
0 6 -50 35 0 0 -1 -0.703125 -124.421875 1 0 1
maps_rp_surdonoso_realworldtextures_floor_mixtile_solid_white_1424_14430_314
0 -6 -62 37 0 0 1 -0.609375 -124.515625 1 0 1
0 6 -62 37 0 0 1 -0.609375 -124.421875 1 0 1
0 6 -50 37 0 0 1 -0.703125 -124.421875 1 0 1
maps_rp_surdonoso_realworldtextures_floor_mixtile_solid_white_1424_14430_314
0 -6 -62 37 0 0 1 -0.609375 -124.515625 1 0 1
0 6 -50 37 0 0 1 -0.703125 -124.421875 1 0 1
0 -6 -50 37 0 0 1 -0.703125 -124.515625 1 0 1
maps_rp_surdonoso_realworldtextures_floor_mixtile_solid_white_1424_14430_314
0 6 -50 35 0 1 0 -125.421875 -0.601562 1 0 1
0 -6 -50 35 0 1 0 -125.515625 -0.601562 1 0 1
0 -6 -50 37 0 1 0 -125.515625 -0.585938 1 0 1
maps_rp_surdonoso_realworldtextures_floor_mixtile_solid_white_1424_14430_314
0 6 -50 35 0 1 0 -125.421875 -0.601562 1 0 1
0 -6 -50 37 0 1 0 -125.515625 -0.585938 1 0 1
0 6 -50 37 0 1 0 -125.421875 -0.585938 1 0 1
maps_rp_surdonoso_realworldtextures_floor_mixtile_solid_white_1424_14430_314
0 6 -62 37 0 -1 0 -125.421875 -0.585938 1 0 1
0 -6 -62 37 0 -1 0 -125.515625 -0.585938 1 0 1
0 -6 -62 35 0 -1 0 -125.515625 -0.601562 1 0 1
maps_rp_surdonoso_realworldtextures_floor_mixtile_solid_white_1424_14430_314
0 6 -62 37 0 -1 0 -125.421875 -0.585938 1 0 1
0 -6 -62 35 0 -1 0 -125.515625 -0.601562 1 0 1
0 6 -62 35 0 -1 0 -125.421875 -0.601562 1 0 1
maps_rp_surdonoso_realworldtextures_floor_mixtile_solid_white_1424_14430_314
0 6 -62 35 1 0 0 -0.609375 -0.601562 1 0 1
0 6 -50 35 1 0 0 -0.703125 -0.601562 1 0 1
0 6 -50 37 1 0 0 -0.703125 -0.585938 1 0 1
maps_rp_surdonoso_realworldtextures_floor_mixtile_solid_white_1424_14430_314
0 6 -62 35 1 0 0 -0.609375 -0.601562 1 0 1
0 6 -50 37 1 0 0 -0.703125 -0.585938 1 0 1
0 6 -62 37 1 0 0 -0.609375 -0.585938 1 0 1
maps_rp_surdonoso_realworldtextures_floor_mixtile_solid_white_1424_14430_314
0 -6 -62 37 -1 0 0 -0.609375 -0.585938 1 0 1
0 -6 -50 37 -1 0 0 -0.703125 -0.585938 1 0 1
0 -6 -50 35 -1 0 0 -0.703125 -0.601562 1 0 1
maps_rp_surdonoso_realworldtextures_floor_mixtile_solid_white_1424_14430_314
0 -6 -62 37 -1 0 0 -0.609375 -0.585938 1 0 1
0 -6 -50 35 -1 0 0 -0.703125 -0.601562 1 0 1
0 -6 -62 35 -1 0 0 -0.609375 -0.601562 1 0 1
maps_rp_surdonoso_realworldtextures_floor_mixtile_solid_white_1424_14430_314
0 8 -48 37 0 0 -1 -0.71875 -124.40625 1 0 1
0 -8 -48 37 0 0 -1 -0.71875 -124.53125 1 0 1
0 -8 -32 37 0 0 -1 -0.84375 -124.53125 1 0 1
maps_rp_surdonoso_realworldtextures_floor_mixtile_solid_white_1424_14430_314
0 8 -48 37 0 0 -1 -0.71875 -124.40625 1 0 1
0 -8 -32 37 0 0 -1 -0.84375 -124.53125 1 0 1
0 8 -32 37 0 0 -1 -0.84375 -124.40625 1 0 1
maps_rp_surdonoso_realworldtextures_floor_mixtile_solid_white_1424_14430_314
0 -8 -48 41 0 0 1 -0.71875 -124.53125 1 0 1
0 8 -48 41 0 0 1 -0.71875 -124.40625 1 0 1
0 8 -32 41 0 0 1 -0.84375 -124.40625 1 0 1
maps_rp_surdonoso_realworldtextures_floor_mixtile_solid_white_1424_14430_314
0 -8 -48 41 0 0 1 -0.71875 -124.53125 1 0 1
0 8 -32 41 0 0 1 -0.84375 -124.40625 1 0 1
0 -8 -32 41 0 0 1 -0.84375 -124.53125 1 0 1
maps_rp_surdonoso_realworldtextures_floor_mixtile_solid_white_1424_14430_314
0 8 -32 37 0 1 0 -125.40625 -0.585938 1 0 1
0 -8 -32 37 0 1 0 -125.53125 -0.585938 1 0 1
0 -8 -32 41 0 1 0 -125.53125 -0.554688 1 0 1
maps_rp_surdonoso_realworldtextures_floor_mixtile_solid_white_1424_14430_314
0 8 -32 37 0 1 0 -125.40625 -0.585938 1 0 1
0 -8 -32 41 0 1 0 -125.53125 -0.554688 1 0 1
0 8 -32 41 0 1 0 -125.40625 -0.554688 1 0 1
maps_rp_surdonoso_realworldtextures_floor_mixtile_solid_white_1424_14430_314
0 8 -48 41 0 -1 0 -125.40625 -0.554688 1 0 1
0 -8 -48 41 0 -1 0 -125.53125 -0.554688 1 0 1
0 -8 -48 37 0 -1 0 -125.53125 -0.585938 1 0 1
maps_rp_surdonoso_realworldtextures_floor_mixtile_solid_white_1424_14430_314
0 8 -48 41 0 -1 0 -125.40625 -0.554688 1 0 1
0 -8 -48 37 0 -1 0 -125.53125 -0.585938 1 0 1
0 8 -48 37 0 -1 0 -125.40625 -0.585938 1 0 1
maps_rp_surdonoso_realworldtextures_floor_mixtile_solid_white_1424_14430_314
0 8 -48 37 1 0 0 -0.71875 -0.585938 1 0 1
0 8 -32 37 1 0 0 -0.84375 -0.585938 1 0 1
0 8 -32 41 1 0 0 -0.84375 -0.554688 1 0 1
maps_rp_surdonoso_realworldtextures_floor_mixtile_solid_white_1424_14430_314
0 8 -48 37 1 0 0 -0.71875 -0.585938 1 0 1
0 8 -32 41 1 0 0 -0.84375 -0.554688 1 0 1
0 8 -48 41 1 0 0 -0.71875 -0.554688 1 0 1
maps_rp_surdonoso_realworldtextures_floor_mixtile_solid_white_1424_14430_314
0 -8 -48 41 -1 0 0 -0.71875 -0.554688 1 0 1
0 -8 -32 41 -1 0 0 -0.84375 -0.554688 1 0 1
0 -8 -32 37 -1 0 0 -0.84375 -0.585938 1 0 1
maps_rp_surdonoso_realworldtextures_floor_mixtile_solid_white_1424_14430_314
0 -8 -48 41 -1 0 0 -0.71875 -0.554688 1 0 1
0 -8 -32 37 -1 0 0 -0.84375 -0.585938 1 0 1
0 -8 -48 37 -1 0 0 -0.71875 -0.585938 1 0 1
maps_rp_surdonoso_realworldtextures_floor_mixtile_solid_white_1424_14430_314
0 -4 -44 35 0 0 1 -0.75 -124.5 1 0 1
0 4 -44 35 0 0 1 -0.75 -124.4375 1 0 1
0 4 -36 35 0 0 1 -0.8125 -124.4375 1 0 1
maps_rp_surdonoso_realworldtextures_floor_mixtile_solid_white_1424_14430_314
0 -4 -44 35 0 0 1 -0.75 -124.5 1 0 1
0 4 -36 35 0 0 1 -0.8125 -124.4375 1 0 1
0 -4 -36 35 0 0 1 -0.8125 -124.5 1 0 1
maps_rp_surdonoso_realworldtextures_floor_mixtile_solid_white_1424_14430_314
0 4 -44 18 0 0 -1 -0.75 -124.4375 1 0 1
0 -4 -44 18 0 0 -1 -0.75 -124.5 1 0 1
0 -4 -36 18 0 0 -1 -0.8125 -124.5 1 0 1
maps_rp_surdonoso_realworldtextures_floor_mixtile_solid_white_1424_14430_314
0 4 -44 18 0 0 -1 -0.75 -124.4375 1 0 1
0 -4 -36 18 0 0 -1 -0.8125 -124.5 1 0 1
0 4 -36 18 0 0 -1 -0.8125 -124.4375 1 0 1
maps_rp_surdonoso_realworldtextures_floor_mixtile_solid_white_1424_14430_314
0 4 -36 18 0 1 0 -125.4375 -0.734375 1 0 1
0 -4 -36 18 0 1 0 -125.5 -0.734375 1 0 1
0 -4 -36 35 0 1 0 -125.5 -0.601562 1 0 1
maps_rp_surdonoso_realworldtextures_floor_mixtile_solid_white_1424_14430_314
0 4 -36 18 0 1 0 -125.4375 -0.734375 1 0 1
0 -4 -36 35 0 1 0 -125.5 -0.601562 1 0 1
0 4 -36 35 0 1 0 -125.4375 -0.601562 1 0 1
maps_rp_surdonoso_realworldtextures_floor_mixtile_solid_white_1424_14430_314
0 4 -44 35 0 -1 0 -125.4375 -0.601562 1 0 1
0 -4 -44 35 0 -1 0 -125.5 -0.601562 1 0 1
0 -4 -44 18 0 -1 0 -125.5 -0.734375 1 0 1
maps_rp_surdonoso_realworldtextures_floor_mixtile_solid_white_1424_14430_314
0 4 -44 35 0 -1 0 -125.4375 -0.601562 1 0 1
0 -4 -44 18 0 -1 0 -125.5 -0.734375 1 0 1
0 4 -44 18 0 -1 0 -125.4375 -0.734375 1 0 1
maps_rp_surdonoso_realworldtextures_floor_mixtile_solid_white_1424_14430_314
0 4 -44 18 1 0 0 -0.75 -0.734375 1 0 1
0 4 -36 18 1 0 0 -0.8125 -0.734375 1 0 1
0 4 -36 35 1 0 0 -0.8125 -0.601562 1 0 1
maps_rp_surdonoso_realworldtextures_floor_mixtile_solid_white_1424_14430_314
0 4 -44 18 1 0 0 -0.75 -0.734375 1 0 1
0 4 -36 35 1 0 0 -0.8125 -0.601562 1 0 1
0 4 -44 35 1 0 0 -0.75 -0.601562 1 0 1
maps_rp_surdonoso_realworldtextures_floor_mixtile_solid_white_1424_14430_314
0 -4 -44 35 -1 0 0 -0.75 -0.601562 1 0 1
0 -4 -36 35 -1 0 0 -0.8125 -0.601562 1 0 1
0 -4 -36 18 -1 0 0 -0.8125 -0.734375 1 0 1
maps_rp_surdonoso_realworldtextures_floor_mixtile_solid_white_1424_14430_314
0 -4 -44 35 -1 0 0 -0.75 -0.601562 1 0 1
0 -4 -36 18 -1 0 0 -0.8125 -0.734375 1 0 1
0 -4 -44 18 -1 0 0 -0.75 -0.734375 1 0 1
maps_rp_surdonoso_realworldtextures_floor_mixtile_solid_white_1424_14430_314
0 6 -46 35 0 0 -1 -0.734375 -124.421875 1 0 1
0 -6 -46 35 0 0 -1 -0.734375 -124.515625 1 0 1
0 -6 -34 35 0 0 -1 -0.828125 -124.515625 1 0 1
maps_rp_surdonoso_realworldtextures_floor_mixtile_solid_white_1424_14430_314
0 6 -46 35 0 0 -1 -0.734375 -124.421875 1 0 1
0 -6 -34 35 0 0 -1 -0.828125 -124.515625 1 0 1
0 6 -34 35 0 0 -1 -0.828125 -124.421875 1 0 1
maps_rp_surdonoso_realworldtextures_floor_mixtile_solid_white_1424_14430_314
0 -6 -46 37 0 0 1 -0.734375 -124.515625 1 0 1
0 6 -46 37 0 0 1 -0.734375 -124.421875 1 0 1
0 6 -34 37 0 0 1 -0.828125 -124.421875 1 0 1
maps_rp_surdonoso_realworldtextures_floor_mixtile_solid_white_1424_14430_314
0 -6 -46 37 0 0 1 -0.734375 -124.515625 1 0 1
0 6 -34 37 0 0 1 -0.828125 -124.421875 1 0 1
0 -6 -34 37 0 0 1 -0.828125 -124.515625 1 0 1
maps_rp_surdonoso_realworldtextures_floor_mixtile_solid_white_1424_14430_314
0 6 -34 35 0 1 0 -125.421875 -0.601562 1 0 1
0 -6 -34 35 0 1 0 -125.515625 -0.601562 1 0 1
0 -6 -34 37 0 1 0 -125.515625 -0.585938 1 0 1
maps_rp_surdonoso_realworldtextures_floor_mixtile_solid_white_1424_14430_314
0 6 -34 35 0 1 0 -125.421875 -0.601562 1 0 1
0 -6 -34 37 0 1 0 -125.515625 -0.585938 1 0 1
0 6 -34 37 0 1 0 -125.421875 -0.585938 1 0 1
maps_rp_surdonoso_realworldtextures_floor_mixtile_solid_white_1424_14430_314
0 6 -46 37 0 -1 0 -125.421875 -0.585938 1 0 1
0 -6 -46 37 0 -1 0 -125.515625 -0.585938 1 0 1
0 -6 -46 35 0 -1 0 -125.515625 -0.601562 1 0 1
maps_rp_surdonoso_realworldtextures_floor_mixtile_solid_white_1424_14430_314
0 6 -46 37 0 -1 0 -125.421875 -0.585938 1 0 1
0 -6 -46 35 0 -1 0 -125.515625 -0.601562 1 0 1
0 6 -46 35 0 -1 0 -125.421875 -0.601562 1 0 1
maps_rp_surdonoso_realworldtextures_floor_mixtile_solid_white_1424_14430_314
0 6 -46 35 1 0 0 -0.734375 -0.601562 1 0 1
0 6 -34 35 1 0 0 -0.828125 -0.601562 1 0 1
0 6 -34 37 1 0 0 -0.828125 -0.585938 1 0 1
maps_rp_surdonoso_realworldtextures_floor_mixtile_solid_white_1424_14430_314
0 6 -46 35 1 0 0 -0.734375 -0.601562 1 0 1
0 6 -34 37 1 0 0 -0.828125 -0.585938 1 0 1
0 6 -46 37 1 0 0 -0.734375 -0.585938 1 0 1
maps_rp_surdonoso_realworldtextures_floor_mixtile_solid_white_1424_14430_314
0 -6 -46 37 -1 0 0 -0.734375 -0.585938 1 0 1
0 -6 -34 37 -1 0 0 -0.828125 -0.585938 1 0 1
0 -6 -34 35 -1 0 0 -0.828125 -0.601562 1 0 1
maps_rp_surdonoso_realworldtextures_floor_mixtile_solid_white_1424_14430_314
0 -6 -46 37 -1 0 0 -0.734375 -0.585938 1 0 1
0 -6 -34 35 -1 0 0 -0.828125 -0.601562 1 0 1
0 -6 -46 35 -1 0 0 -0.734375 -0.601562 1 0 1
maps_rp_surdonoso_realworldtextures_floor_mixtile_solid_white_1424_14430_314
0 6 -46 16 0 0 -1 -0.734375 -124.421875 1 0 1
0 -6 -46 16 0 0 -1 -0.734375 -124.515625 1 0 1
0 -6 -34 16 0 0 -1 -0.828125 -124.515625 1 0 1
maps_rp_surdonoso_realworldtextures_floor_mixtile_solid_white_1424_14430_314
0 6 -46 16 0 0 -1 -0.734375 -124.421875 1 0 1
0 -6 -34 16 0 0 -1 -0.828125 -124.515625 1 0 1
0 6 -34 16 0 0 -1 -0.828125 -124.421875 1 0 1
maps_rp_surdonoso_realworldtextures_floor_mixtile_solid_white_1424_14430_314
0 -6 -46 18 0 0 1 -0.734375 -124.515625 1 0 1
0 6 -46 18 0 0 1 -0.734375 -124.421875 1 0 1
0 6 -34 18 0 0 1 -0.828125 -124.421875 1 0 1
maps_rp_surdonoso_realworldtextures_floor_mixtile_solid_white_1424_14430_314
0 -6 -46 18 0 0 1 -0.734375 -124.515625 1 0 1
0 6 -34 18 0 0 1 -0.828125 -124.421875 1 0 1
0 -6 -34 18 0 0 1 -0.828125 -124.515625 1 0 1
maps_rp_surdonoso_realworldtextures_floor_mixtile_solid_white_1424_14430_314
0 6 -34 16 0 1 0 -125.421875 -0.75 1 0 1
0 -6 -34 16 0 1 0 -125.515625 -0.75 1 0 1
0 -6 -34 18 0 1 0 -125.515625 -0.734375 1 0 1
maps_rp_surdonoso_realworldtextures_floor_mixtile_solid_white_1424_14430_314
0 6 -34 16 0 1 0 -125.421875 -0.75 1 0 1
0 -6 -34 18 0 1 0 -125.515625 -0.734375 1 0 1
0 6 -34 18 0 1 0 -125.421875 -0.734375 1 0 1
maps_rp_surdonoso_realworldtextures_floor_mixtile_solid_white_1424_14430_314
0 6 -46 18 0 -1 0 -125.421875 -0.734375 1 0 1
0 -6 -46 18 0 -1 0 -125.515625 -0.734375 1 0 1
0 -6 -46 16 0 -1 0 -125.515625 -0.75 1 0 1
maps_rp_surdonoso_realworldtextures_floor_mixtile_solid_white_1424_14430_314
0 6 -46 18 0 -1 0 -125.421875 -0.734375 1 0 1
0 -6 -46 16 0 -1 0 -125.515625 -0.75 1 0 1
0 6 -46 16 0 -1 0 -125.421875 -0.75 1 0 1
maps_rp_surdonoso_realworldtextures_floor_mixtile_solid_white_1424_14430_314
0 6 -46 16 1 0 0 -0.734375 -0.75 1 0 1
0 6 -34 16 1 0 0 -0.828125 -0.75 1 0 1
0 6 -34 18 1 0 0 -0.828125 -0.734375 1 0 1
maps_rp_surdonoso_realworldtextures_floor_mixtile_solid_white_1424_14430_314
0 6 -46 16 1 0 0 -0.734375 -0.75 1 0 1
0 6 -34 18 1 0 0 -0.828125 -0.734375 1 0 1
0 6 -46 18 1 0 0 -0.734375 -0.734375 1 0 1
maps_rp_surdonoso_realworldtextures_floor_mixtile_solid_white_1424_14430_314
0 -6 -46 18 -1 0 0 -0.734375 -0.734375 1 0 1
0 -6 -34 18 -1 0 0 -0.828125 -0.734375 1 0 1
0 -6 -34 16 -1 0 0 -0.828125 -0.75 1 0 1
maps_rp_surdonoso_realworldtextures_floor_mixtile_solid_white_1424_14430_314
0 -6 -46 18 -1 0 0 -0.734375 -0.734375 1 0 1
0 -6 -34 16 -1 0 0 -0.828125 -0.75 1 0 1
0 -6 -46 16 -1 0 0 -0.734375 -0.75 1 0 1
maps_rp_surdonoso_realworldtextures_floor_mixtile_solid_white_1424_14430_314
0 -8 -48 16 0 0 1 -0.71875 -124.53125 1 0 1
0 8 -48 16 0 0 1 -0.71875 -124.40625 1 0 1
0 8 -32 16 0 0 1 -0.84375 -124.40625 1 0 1
maps_rp_surdonoso_realworldtextures_floor_mixtile_solid_white_1424_14430_314
0 -8 -48 16 0 0 1 -0.71875 -124.53125 1 0 1
0 8 -32 16 0 0 1 -0.84375 -124.40625 1 0 1
0 -8 -32 16 0 0 1 -0.84375 -124.53125 1 0 1
maps_rp_surdonoso_realworldtextures_floor_mixtile_solid_white_1424_14430_314
0 8 -32 12 0 1 0 -125.40625 -0.78125 1 0 1
0 -8 -32 12 0 1 0 -125.53125 -0.78125 1 0 1
0 -8 -32 16 0 1 0 -125.53125 -0.75 1 0 1
maps_rp_surdonoso_realworldtextures_floor_mixtile_solid_white_1424_14430_314
0 8 -32 12 0 1 0 -125.40625 -0.78125 1 0 1
0 -8 -32 16 0 1 0 -125.53125 -0.75 1 0 1
0 8 -32 16 0 1 0 -125.40625 -0.75 1 0 1
maps_rp_surdonoso_realworldtextures_floor_mixtile_solid_white_1424_14430_314
0 8 -48 16 0 -1 0 -125.40625 -0.75 1 0 1
0 -8 -48 16 0 -1 0 -125.53125 -0.75 1 0 1
0 -8 -48 12 0 -1 0 -125.53125 -0.78125 1 0 1
maps_rp_surdonoso_realworldtextures_floor_mixtile_solid_white_1424_14430_314
0 8 -48 16 0 -1 0 -125.40625 -0.75 1 0 1
0 -8 -48 12 0 -1 0 -125.53125 -0.78125 1 0 1
0 8 -48 12 0 -1 0 -125.40625 -0.78125 1 0 1
maps_rp_surdonoso_realworldtextures_floor_mixtile_solid_white_1424_14430_314
0 8 -48 12 1 0 0 -0.71875 -0.78125 1 0 1
0 8 -32 12 1 0 0 -0.84375 -0.78125 1 0 1
0 8 -32 16 1 0 0 -0.84375 -0.75 1 0 1
maps_rp_surdonoso_realworldtextures_floor_mixtile_solid_white_1424_14430_314
0 8 -48 12 1 0 0 -0.71875 -0.78125 1 0 1
0 8 -32 16 1 0 0 -0.84375 -0.75 1 0 1
0 8 -48 16 1 0 0 -0.71875 -0.75 1 0 1
maps_rp_surdonoso_realworldtextures_floor_mixtile_solid_white_1424_14430_314
0 -8 -48 16 -1 0 0 -0.71875 -0.75 1 0 1
0 -8 -32 16 -1 0 0 -0.84375 -0.75 1 0 1
0 -8 -32 12 -1 0 0 -0.84375 -0.78125 1 0 1
maps_rp_surdonoso_realworldtextures_floor_mixtile_solid_white_1424_14430_314
0 -8 -48 16 -1 0 0 -0.71875 -0.75 1 0 1
0 -8 -32 12 -1 0 0 -0.84375 -0.78125 1 0 1
0 -8 -48 12 -1 0 0 -0.71875 -0.78125 1 0 1
maps_rp_surdonoso_realworldtextures_floor_mixtile_solid_white_1424_14430_314
0 8 -32 37 0 0 -1 -0.84375 -124.40625 1 0 1
0 -8 -32 37 0 0 -1 -0.84375 -124.53125 1 0 1
0 -8 -16 37 0 0 -1 -0.96875 -124.53125 1 0 1
maps_rp_surdonoso_realworldtextures_floor_mixtile_solid_white_1424_14430_314
0 8 -32 37 0 0 -1 -0.84375 -124.40625 1 0 1
0 -8 -16 37 0 0 -1 -0.96875 -124.53125 1 0 1
0 8 -16 37 0 0 -1 -0.96875 -124.40625 1 0 1
maps_rp_surdonoso_realworldtextures_floor_mixtile_solid_white_1424_14430_314
0 -8 -32 41 0 0 1 -0.84375 -124.53125 1 0 1
0 8 -32 41 0 0 1 -0.84375 -124.40625 1 0 1
0 8 -16 41 0 0 1 -0.96875 -124.40625 1 0 1
maps_rp_surdonoso_realworldtextures_floor_mixtile_solid_white_1424_14430_314
0 -8 -32 41 0 0 1 -0.84375 -124.53125 1 0 1
0 8 -16 41 0 0 1 -0.96875 -124.40625 1 0 1
0 -8 -16 41 0 0 1 -0.96875 -124.53125 1 0 1
maps_rp_surdonoso_realworldtextures_floor_mixtile_solid_white_1424_14430_314
0 8 -16 37 0 1 0 -125.40625 -0.585938 1 0 1
0 -8 -16 37 0 1 0 -125.53125 -0.585938 1 0 1
0 -8 -16 41 0 1 0 -125.53125 -0.554688 1 0 1
maps_rp_surdonoso_realworldtextures_floor_mixtile_solid_white_1424_14430_314
0 8 -16 37 0 1 0 -125.40625 -0.585938 1 0 1
0 -8 -16 41 0 1 0 -125.53125 -0.554688 1 0 1
0 8 -16 41 0 1 0 -125.40625 -0.554688 1 0 1
maps_rp_surdonoso_realworldtextures_floor_mixtile_solid_white_1424_14430_314
0 8 -32 41 0 -1 0 -125.40625 -0.554688 1 0 1
0 -8 -32 41 0 -1 0 -125.53125 -0.554688 1 0 1
0 -8 -32 37 0 -1 0 -125.53125 -0.585938 1 0 1
maps_rp_surdonoso_realworldtextures_floor_mixtile_solid_white_1424_14430_314
0 8 -32 41 0 -1 0 -125.40625 -0.554688 1 0 1
0 -8 -32 37 0 -1 0 -125.53125 -0.585938 1 0 1
0 8 -32 37 0 -1 0 -125.40625 -0.585938 1 0 1
maps_rp_surdonoso_realworldtextures_floor_mixtile_solid_white_1424_14430_314
0 8 -32 37 1 0 0 -0.84375 -0.585938 1 0 1
0 8 -16 37 1 0 0 -0.96875 -0.585938 1 0 1
0 8 -16 41 1 0 0 -0.96875 -0.554688 1 0 1
maps_rp_surdonoso_realworldtextures_floor_mixtile_solid_white_1424_14430_314
0 8 -32 37 1 0 0 -0.84375 -0.585938 1 0 1
0 8 -16 41 1 0 0 -0.96875 -0.554688 1 0 1
0 8 -32 41 1 0 0 -0.84375 -0.554688 1 0 1
maps_rp_surdonoso_realworldtextures_floor_mixtile_solid_white_1424_14430_314
0 -8 -32 41 -1 0 0 -0.84375 -0.554688 1 0 1
0 -8 -16 41 -1 0 0 -0.96875 -0.554688 1 0 1
0 -8 -16 37 -1 0 0 -0.96875 -0.585938 1 0 1
maps_rp_surdonoso_realworldtextures_floor_mixtile_solid_white_1424_14430_314
0 -8 -32 41 -1 0 0 -0.84375 -0.554688 1 0 1
0 -8 -16 37 -1 0 0 -0.96875 -0.585938 1 0 1
0 -8 -32 37 -1 0 0 -0.84375 -0.585938 1 0 1
maps_rp_surdonoso_realworldtextures_floor_mixtile_solid_white_1424_14430_314
0 6 -30 16 0 0 -1 -0.859375 -124.421875 1 0 1
0 -6 -30 16 0 0 -1 -0.859375 -124.515625 1 0 1
0 -6 -18 16 0 0 -1 -0.953125 -124.515625 1 0 1
maps_rp_surdonoso_realworldtextures_floor_mixtile_solid_white_1424_14430_314
0 6 -30 16 0 0 -1 -0.859375 -124.421875 1 0 1
0 -6 -18 16 0 0 -1 -0.953125 -124.515625 1 0 1
0 6 -18 16 0 0 -1 -0.953125 -124.421875 1 0 1
maps_rp_surdonoso_realworldtextures_floor_mixtile_solid_white_1424_14430_314
0 -6 -30 18 0 0 1 -0.859375 -124.515625 1 0 1
0 6 -30 18 0 0 1 -0.859375 -124.421875 1 0 1
0 6 -18 18 0 0 1 -0.953125 -124.421875 1 0 1
maps_rp_surdonoso_realworldtextures_floor_mixtile_solid_white_1424_14430_314
0 -6 -30 18 0 0 1 -0.859375 -124.515625 1 0 1
0 6 -18 18 0 0 1 -0.953125 -124.421875 1 0 1
0 -6 -18 18 0 0 1 -0.953125 -124.515625 1 0 1
maps_rp_surdonoso_realworldtextures_floor_mixtile_solid_white_1424_14430_314
0 6 -18 16 0 1 0 -125.421875 -0.75 1 0 1
0 -6 -18 16 0 1 0 -125.515625 -0.75 1 0 1
0 -6 -18 18 0 1 0 -125.515625 -0.734375 1 0 1
maps_rp_surdonoso_realworldtextures_floor_mixtile_solid_white_1424_14430_314
0 6 -18 16 0 1 0 -125.421875 -0.75 1 0 1
0 -6 -18 18 0 1 0 -125.515625 -0.734375 1 0 1
0 6 -18 18 0 1 0 -125.421875 -0.734375 1 0 1
maps_rp_surdonoso_realworldtextures_floor_mixtile_solid_white_1424_14430_314
0 6 -30 18 0 -1 0 -125.421875 -0.734375 1 0 1
0 -6 -30 18 0 -1 0 -125.515625 -0.734375 1 0 1
0 -6 -30 16 0 -1 0 -125.515625 -0.75 1 0 1
maps_rp_surdonoso_realworldtextures_floor_mixtile_solid_white_1424_14430_314
0 6 -30 18 0 -1 0 -125.421875 -0.734375 1 0 1
0 -6 -30 16 0 -1 0 -125.515625 -0.75 1 0 1
0 6 -30 16 0 -1 0 -125.421875 -0.75 1 0 1
maps_rp_surdonoso_realworldtextures_floor_mixtile_solid_white_1424_14430_314
0 6 -30 16 1 0 0 -0.859375 -0.75 1 0 1
0 6 -18 16 1 0 0 -0.953125 -0.75 1 0 1
0 6 -18 18 1 0 0 -0.953125 -0.734375 1 0 1
maps_rp_surdonoso_realworldtextures_floor_mixtile_solid_white_1424_14430_314
0 6 -30 16 1 0 0 -0.859375 -0.75 1 0 1
0 6 -18 18 1 0 0 -0.953125 -0.734375 1 0 1
0 6 -30 18 1 0 0 -0.859375 -0.734375 1 0 1
maps_rp_surdonoso_realworldtextures_floor_mixtile_solid_white_1424_14430_314
0 -6 -30 18 -1 0 0 -0.859375 -0.734375 1 0 1
0 -6 -18 18 -1 0 0 -0.953125 -0.734375 1 0 1
0 -6 -18 16 -1 0 0 -0.953125 -0.75 1 0 1
maps_rp_surdonoso_realworldtextures_floor_mixtile_solid_white_1424_14430_314
0 -6 -30 18 -1 0 0 -0.859375 -0.734375 1 0 1
0 -6 -18 16 -1 0 0 -0.953125 -0.75 1 0 1
0 -6 -30 16 -1 0 0 -0.859375 -0.75 1 0 1
maps_rp_surdonoso_realworldtextures_floor_mixtile_solid_white_1424_14430_314
0 -8 -32 16 0 0 1 -0.84375 -124.53125 1 0 1
0 8 -32 16 0 0 1 -0.84375 -124.40625 1 0 1
0 8 -16 16 0 0 1 -0.96875 -124.40625 1 0 1
maps_rp_surdonoso_realworldtextures_floor_mixtile_solid_white_1424_14430_314
0 -8 -32 16 0 0 1 -0.84375 -124.53125 1 0 1
0 8 -16 16 0 0 1 -0.96875 -124.40625 1 0 1
0 -8 -16 16 0 0 1 -0.96875 -124.53125 1 0 1
maps_rp_surdonoso_realworldtextures_floor_mixtile_solid_white_1424_14430_314
0 8 -16 12 0 1 0 -125.40625 -0.78125 1 0 1
0 -8 -16 12 0 1 0 -125.53125 -0.78125 1 0 1
0 -8 -16 16 0 1 0 -125.53125 -0.75 1 0 1
maps_rp_surdonoso_realworldtextures_floor_mixtile_solid_white_1424_14430_314
0 8 -16 12 0 1 0 -125.40625 -0.78125 1 0 1
0 -8 -16 16 0 1 0 -125.53125 -0.75 1 0 1
0 8 -16 16 0 1 0 -125.40625 -0.75 1 0 1
maps_rp_surdonoso_realworldtextures_floor_mixtile_solid_white_1424_14430_314
0 8 -32 16 0 -1 0 -125.40625 -0.75 1 0 1
0 -8 -32 16 0 -1 0 -125.53125 -0.75 1 0 1
0 -8 -32 12 0 -1 0 -125.53125 -0.78125 1 0 1
maps_rp_surdonoso_realworldtextures_floor_mixtile_solid_white_1424_14430_314
0 8 -32 16 0 -1 0 -125.40625 -0.75 1 0 1
0 -8 -32 12 0 -1 0 -125.53125 -0.78125 1 0 1
0 8 -32 12 0 -1 0 -125.40625 -0.78125 1 0 1
maps_rp_surdonoso_realworldtextures_floor_mixtile_solid_white_1424_14430_314
0 8 -32 12 1 0 0 -0.84375 -0.78125 1 0 1
0 8 -16 12 1 0 0 -0.96875 -0.78125 1 0 1
0 8 -16 16 1 0 0 -0.96875 -0.75 1 0 1
maps_rp_surdonoso_realworldtextures_floor_mixtile_solid_white_1424_14430_314
0 8 -32 12 1 0 0 -0.84375 -0.78125 1 0 1
0 8 -16 16 1 0 0 -0.96875 -0.75 1 0 1
0 8 -32 16 1 0 0 -0.84375 -0.75 1 0 1
maps_rp_surdonoso_realworldtextures_floor_mixtile_solid_white_1424_14430_314
0 -8 -32 16 -1 0 0 -0.84375 -0.75 1 0 1
0 -8 -16 16 -1 0 0 -0.96875 -0.75 1 0 1
0 -8 -16 12 -1 0 0 -0.96875 -0.78125 1 0 1
maps_rp_surdonoso_realworldtextures_floor_mixtile_solid_white_1424_14430_314
0 -8 -32 16 -1 0 0 -0.84375 -0.75 1 0 1
0 -8 -16 12 -1 0 0 -0.96875 -0.78125 1 0 1
0 -8 -32 12 -1 0 0 -0.84375 -0.78125 1 0 1
maps_rp_surdonoso_realworldtextures_floor_mixtile_solid_white_1424_14430_314
0 -4 -28 35 0 0 1 -0.875 -124.5 1 0 1
0 4 -28 35 0 0 1 -0.875 -124.4375 1 0 1
0 4 -20 35 0 0 1 -0.9375 -124.4375 1 0 1
maps_rp_surdonoso_realworldtextures_floor_mixtile_solid_white_1424_14430_314
0 -4 -28 35 0 0 1 -0.875 -124.5 1 0 1
0 4 -20 35 0 0 1 -0.9375 -124.4375 1 0 1
0 -4 -20 35 0 0 1 -0.9375 -124.5 1 0 1
maps_rp_surdonoso_realworldtextures_floor_mixtile_solid_white_1424_14430_314
0 4 -28 18 0 0 -1 -0.875 -124.4375 1 0 1
0 -4 -28 18 0 0 -1 -0.875 -124.5 1 0 1
0 -4 -20 18 0 0 -1 -0.9375 -124.5 1 0 1
maps_rp_surdonoso_realworldtextures_floor_mixtile_solid_white_1424_14430_314
0 4 -28 18 0 0 -1 -0.875 -124.4375 1 0 1
0 -4 -20 18 0 0 -1 -0.9375 -124.5 1 0 1
0 4 -20 18 0 0 -1 -0.9375 -124.4375 1 0 1
maps_rp_surdonoso_realworldtextures_floor_mixtile_solid_white_1424_14430_314
0 4 -20 18 0 1 0 -125.4375 -0.734375 1 0 1
0 -4 -20 18 0 1 0 -125.5 -0.734375 1 0 1
0 -4 -20 35 0 1 0 -125.5 -0.601562 1 0 1
maps_rp_surdonoso_realworldtextures_floor_mixtile_solid_white_1424_14430_314
0 4 -20 18 0 1 0 -125.4375 -0.734375 1 0 1
0 -4 -20 35 0 1 0 -125.5 -0.601562 1 0 1
0 4 -20 35 0 1 0 -125.4375 -0.601562 1 0 1
maps_rp_surdonoso_realworldtextures_floor_mixtile_solid_white_1424_14430_314
0 4 -28 35 0 -1 0 -125.4375 -0.601562 1 0 1
0 -4 -28 35 0 -1 0 -125.5 -0.601562 1 0 1
0 -4 -28 18 0 -1 0 -125.5 -0.734375 1 0 1
maps_rp_surdonoso_realworldtextures_floor_mixtile_solid_white_1424_14430_314
0 4 -28 35 0 -1 0 -125.4375 -0.601562 1 0 1
0 -4 -28 18 0 -1 0 -125.5 -0.734375 1 0 1
0 4 -28 18 0 -1 0 -125.4375 -0.734375 1 0 1
maps_rp_surdonoso_realworldtextures_floor_mixtile_solid_white_1424_14430_314
0 4 -28 18 1 0 0 -0.875 -0.734375 1 0 1
0 4 -20 18 1 0 0 -0.9375 -0.734375 1 0 1
0 4 -20 35 1 0 0 -0.9375 -0.601562 1 0 1
maps_rp_surdonoso_realworldtextures_floor_mixtile_solid_white_1424_14430_314
0 4 -28 18 1 0 0 -0.875 -0.734375 1 0 1
0 4 -20 35 1 0 0 -0.9375 -0.601562 1 0 1
0 4 -28 35 1 0 0 -0.875 -0.601562 1 0 1
maps_rp_surdonoso_realworldtextures_floor_mixtile_solid_white_1424_14430_314
0 -4 -28 35 -1 0 0 -0.875 -0.601562 1 0 1
0 -4 -20 35 -1 0 0 -0.9375 -0.601562 1 0 1
0 -4 -20 18 -1 0 0 -0.9375 -0.734375 1 0 1
maps_rp_surdonoso_realworldtextures_floor_mixtile_solid_white_1424_14430_314
0 -4 -28 35 -1 0 0 -0.875 -0.601562 1 0 1
0 -4 -20 18 -1 0 0 -0.9375 -0.734375 1 0 1
0 -4 -28 18 -1 0 0 -0.875 -0.734375 1 0 1
maps_rp_surdonoso_realworldtextures_floor_mixtile_solid_white_1424_14430_314
0 6 -30 35 0 0 -1 -0.859375 -124.421875 1 0 1
0 -6 -30 35 0 0 -1 -0.859375 -124.515625 1 0 1
0 -6 -18 35 0 0 -1 -0.953125 -124.515625 1 0 1
maps_rp_surdonoso_realworldtextures_floor_mixtile_solid_white_1424_14430_314
0 6 -30 35 0 0 -1 -0.859375 -124.421875 1 0 1
0 -6 -18 35 0 0 -1 -0.953125 -124.515625 1 0 1
0 6 -18 35 0 0 -1 -0.953125 -124.421875 1 0 1
maps_rp_surdonoso_realworldtextures_floor_mixtile_solid_white_1424_14430_314
0 -6 -30 37 0 0 1 -0.859375 -124.515625 1 0 1
0 6 -30 37 0 0 1 -0.859375 -124.421875 1 0 1
0 6 -18 37 0 0 1 -0.953125 -124.421875 1 0 1
maps_rp_surdonoso_realworldtextures_floor_mixtile_solid_white_1424_14430_314
0 -6 -30 37 0 0 1 -0.859375 -124.515625 1 0 1
0 6 -18 37 0 0 1 -0.953125 -124.421875 1 0 1
0 -6 -18 37 0 0 1 -0.953125 -124.515625 1 0 1
maps_rp_surdonoso_realworldtextures_floor_mixtile_solid_white_1424_14430_314
0 6 -18 35 0 1 0 -125.421875 -0.601562 1 0 1
0 -6 -18 35 0 1 0 -125.515625 -0.601562 1 0 1
0 -6 -18 37 0 1 0 -125.515625 -0.585938 1 0 1
maps_rp_surdonoso_realworldtextures_floor_mixtile_solid_white_1424_14430_314
0 6 -18 35 0 1 0 -125.421875 -0.601562 1 0 1
0 -6 -18 37 0 1 0 -125.515625 -0.585938 1 0 1
0 6 -18 37 0 1 0 -125.421875 -0.585938 1 0 1
maps_rp_surdonoso_realworldtextures_floor_mixtile_solid_white_1424_14430_314
0 6 -30 37 0 -1 0 -125.421875 -0.585938 1 0 1
0 -6 -30 37 0 -1 0 -125.515625 -0.585938 1 0 1
0 -6 -30 35 0 -1 0 -125.515625 -0.601562 1 0 1
maps_rp_surdonoso_realworldtextures_floor_mixtile_solid_white_1424_14430_314
0 6 -30 37 0 -1 0 -125.421875 -0.585938 1 0 1
0 -6 -30 35 0 -1 0 -125.515625 -0.601562 1 0 1
0 6 -30 35 0 -1 0 -125.421875 -0.601562 1 0 1
maps_rp_surdonoso_realworldtextures_floor_mixtile_solid_white_1424_14430_314
0 6 -30 35 1 0 0 -0.859375 -0.601562 1 0 1
0 6 -18 35 1 0 0 -0.953125 -0.601562 1 0 1
0 6 -18 37 1 0 0 -0.953125 -0.585938 1 0 1
maps_rp_surdonoso_realworldtextures_floor_mixtile_solid_white_1424_14430_314
0 6 -30 35 1 0 0 -0.859375 -0.601562 1 0 1
0 6 -18 37 1 0 0 -0.953125 -0.585938 1 0 1
0 6 -30 37 1 0 0 -0.859375 -0.585938 1 0 1
maps_rp_surdonoso_realworldtextures_floor_mixtile_solid_white_1424_14430_314
0 -6 -30 37 -1 0 0 -0.859375 -0.585938 1 0 1
0 -6 -18 37 -1 0 0 -0.953125 -0.585938 1 0 1
0 -6 -18 35 -1 0 0 -0.953125 -0.601562 1 0 1
maps_rp_surdonoso_realworldtextures_floor_mixtile_solid_white_1424_14430_314
0 -6 -30 37 -1 0 0 -0.859375 -0.585938 1 0 1
0 -6 -18 35 -1 0 0 -0.953125 -0.601562 1 0 1
0 -6 -30 35 -1 0 0 -0.859375 -0.601562 1 0 1
maps_rp_surdonoso_realworldtextures_floor_mixtile_solid_white_1424_14430_314
0 8 -16 37 0 0 -1 -0.96875 -124.40625 1 0 1
0 -8 -16 37 0 0 -1 -0.96875 -124.53125 1 0 1
0 -8 0 37 0 0 -1 -1.09375 -124.53125 1 0 1
maps_rp_surdonoso_realworldtextures_floor_mixtile_solid_white_1424_14430_314
0 8 -16 37 0 0 -1 -0.96875 -124.40625 1 0 1
0 -8 0 37 0 0 -1 -1.09375 -124.53125 1 0 1
0 8 0 37 0 0 -1 -1.09375 -124.40625 1 0 1
maps_rp_surdonoso_realworldtextures_floor_mixtile_solid_white_1424_14430_314
0 -8 -16 41 0 0 1 -0.96875 -124.53125 1 0 1
0 8 -16 41 0 0 1 -0.96875 -124.40625 1 0 1
0 8 0 41 0 0 1 -1.09375 -124.40625 1 0 1
maps_rp_surdonoso_realworldtextures_floor_mixtile_solid_white_1424_14430_314
0 -8 -16 41 0 0 1 -0.96875 -124.53125 1 0 1
0 8 0 41 0 0 1 -1.09375 -124.40625 1 0 1
0 -8 0 41 0 0 1 -1.09375 -124.53125 1 0 1
maps_rp_surdonoso_realworldtextures_floor_mixtile_solid_white_1424_14430_314
0 8 0 37 0 1 0 -125.40625 -0.585938 1 0 1
0 -8 0 37 0 1 0 -125.53125 -0.585938 1 0 1
0 -8 0 41 0 1 0 -125.53125 -0.554688 1 0 1
maps_rp_surdonoso_realworldtextures_floor_mixtile_solid_white_1424_14430_314
0 8 0 37 0 1 0 -125.40625 -0.585938 1 0 1
0 -8 0 41 0 1 0 -125.53125 -0.554688 1 0 1
0 8 0 41 0 1 0 -125.40625 -0.554688 1 0 1
maps_rp_surdonoso_realworldtextures_floor_mixtile_solid_white_1424_14430_314
0 8 -16 41 0 -1 0 -125.40625 -0.554688 1 0 1
0 -8 -16 41 0 -1 0 -125.53125 -0.554688 1 0 1
0 -8 -16 37 0 -1 0 -125.53125 -0.585938 1 0 1
maps_rp_surdonoso_realworldtextures_floor_mixtile_solid_white_1424_14430_314
0 8 -16 41 0 -1 0 -125.40625 -0.554688 1 0 1
0 -8 -16 37 0 -1 0 -125.53125 -0.585938 1 0 1
0 8 -16 37 0 -1 0 -125.40625 -0.585938 1 0 1
maps_rp_surdonoso_realworldtextures_floor_mixtile_solid_white_1424_14430_314
0 8 -16 37 1 0 0 -0.96875 -0.585938 1 0 1
0 8 0 37 1 0 0 -1.09375 -0.585938 1 0 1
0 8 0 41 1 0 0 -1.09375 -0.554688 1 0 1
maps_rp_surdonoso_realworldtextures_floor_mixtile_solid_white_1424_14430_314
0 8 -16 37 1 0 0 -0.96875 -0.585938 1 0 1
0 8 0 41 1 0 0 -1.09375 -0.554688 1 0 1
0 8 -16 41 1 0 0 -0.96875 -0.554688 1 0 1
maps_rp_surdonoso_realworldtextures_floor_mixtile_solid_white_1424_14430_314
0 -8 -16 41 -1 0 0 -0.96875 -0.554688 1 0 1
0 -8 0 41 -1 0 0 -1.09375 -0.554688 1 0 1
0 -8 0 37 -1 0 0 -1.09375 -0.585938 1 0 1
maps_rp_surdonoso_realworldtextures_floor_mixtile_solid_white_1424_14430_314
0 -8 -16 41 -1 0 0 -0.96875 -0.554688 1 0 1
0 -8 0 37 -1 0 0 -1.09375 -0.585938 1 0 1
0 -8 -16 37 -1 0 0 -0.96875 -0.585938 1 0 1
maps_rp_surdonoso_realworldtextures_floor_mixtile_solid_white_1424_14430_314
0 -4 -12 35 0 0 1 -1 -124.5 1 0 1
0 4 -12 35 0 0 1 -1 -124.4375 1 0 1
0 4 -4 35 0 0 1 -1.0625 -124.4375 1 0 1
maps_rp_surdonoso_realworldtextures_floor_mixtile_solid_white_1424_14430_314
0 -4 -12 35 0 0 1 -1 -124.5 1 0 1
0 4 -4 35 0 0 1 -1.0625 -124.4375 1 0 1
0 -4 -4 35 0 0 1 -1.0625 -124.5 1 0 1
maps_rp_surdonoso_realworldtextures_floor_mixtile_solid_white_1424_14430_314
0 4 -12 18 0 0 -1 -1 -124.4375 1 0 1
0 -4 -12 18 0 0 -1 -1 -124.5 1 0 1
0 -4 -4 18 0 0 -1 -1.0625 -124.5 1 0 1
maps_rp_surdonoso_realworldtextures_floor_mixtile_solid_white_1424_14430_314
0 4 -12 18 0 0 -1 -1 -124.4375 1 0 1
0 -4 -4 18 0 0 -1 -1.0625 -124.5 1 0 1
0 4 -4 18 0 0 -1 -1.0625 -124.4375 1 0 1
maps_rp_surdonoso_realworldtextures_floor_mixtile_solid_white_1424_14430_314
0 4 -4 18 0 1 0 -125.4375 -0.734375 1 0 1
0 -4 -4 18 0 1 0 -125.5 -0.734375 1 0 1
0 -4 -4 35 0 1 0 -125.5 -0.601562 1 0 1
maps_rp_surdonoso_realworldtextures_floor_mixtile_solid_white_1424_14430_314
0 4 -4 18 0 1 0 -125.4375 -0.734375 1 0 1
0 -4 -4 35 0 1 0 -125.5 -0.601562 1 0 1
0 4 -4 35 0 1 0 -125.4375 -0.601562 1 0 1
maps_rp_surdonoso_realworldtextures_floor_mixtile_solid_white_1424_14430_314
0 4 -12 35 0 -1 0 -125.4375 -0.601562 1 0 1
0 -4 -12 35 0 -1 0 -125.5 -0.601562 1 0 1
0 -4 -12 18 0 -1 0 -125.5 -0.734375 1 0 1
maps_rp_surdonoso_realworldtextures_floor_mixtile_solid_white_1424_14430_314
0 4 -12 35 0 -1 0 -125.4375 -0.601562 1 0 1
0 -4 -12 18 0 -1 0 -125.5 -0.734375 1 0 1
0 4 -12 18 0 -1 0 -125.4375 -0.734375 1 0 1
maps_rp_surdonoso_realworldtextures_floor_mixtile_solid_white_1424_14430_314
0 4 -12 18 1 0 0 -1 -0.734375 1 0 1
0 4 -4 18 1 0 0 -1.0625 -0.734375 1 0 1
0 4 -4 35 1 0 0 -1.0625 -0.601562 1 0 1
maps_rp_surdonoso_realworldtextures_floor_mixtile_solid_white_1424_14430_314
0 4 -12 18 1 0 0 -1 -0.734375 1 0 1
0 4 -4 35 1 0 0 -1.0625 -0.601562 1 0 1
0 4 -12 35 1 0 0 -1 -0.601562 1 0 1
maps_rp_surdonoso_realworldtextures_floor_mixtile_solid_white_1424_14430_314
0 -4 -12 35 -1 0 0 -1 -0.601562 1 0 1
0 -4 -4 35 -1 0 0 -1.0625 -0.601562 1 0 1
0 -4 -4 18 -1 0 0 -1.0625 -0.734375 1 0 1
maps_rp_surdonoso_realworldtextures_floor_mixtile_solid_white_1424_14430_314
0 -4 -12 35 -1 0 0 -1 -0.601562 1 0 1
0 -4 -4 18 -1 0 0 -1.0625 -0.734375 1 0 1
0 -4 -12 18 -1 0 0 -1 -0.734375 1 0 1
maps_rp_surdonoso_realworldtextures_floor_mixtile_solid_white_1424_14430_314
0 6 -14 35 0 0 -1 -0.984375 -124.421875 1 0 1
0 -6 -14 35 0 0 -1 -0.984375 -124.515625 1 0 1
0 -6 -2 35 0 0 -1 -1.078125 -124.515625 1 0 1
maps_rp_surdonoso_realworldtextures_floor_mixtile_solid_white_1424_14430_314
0 6 -14 35 0 0 -1 -0.984375 -124.421875 1 0 1
0 -6 -2 35 0 0 -1 -1.078125 -124.515625 1 0 1
0 6 -2 35 0 0 -1 -1.078125 -124.421875 1 0 1
maps_rp_surdonoso_realworldtextures_floor_mixtile_solid_white_1424_14430_314
0 -6 -14 37 0 0 1 -0.984375 -124.515625 1 0 1
0 6 -14 37 0 0 1 -0.984375 -124.421875 1 0 1
0 6 -2 37 0 0 1 -1.078125 -124.421875 1 0 1
maps_rp_surdonoso_realworldtextures_floor_mixtile_solid_white_1424_14430_314
0 -6 -14 37 0 0 1 -0.984375 -124.515625 1 0 1
0 6 -2 37 0 0 1 -1.078125 -124.421875 1 0 1
0 -6 -2 37 0 0 1 -1.078125 -124.515625 1 0 1
maps_rp_surdonoso_realworldtextures_floor_mixtile_solid_white_1424_14430_314
0 6 -2 35 0 1 0 -125.421875 -0.601562 1 0 1
0 -6 -2 35 0 1 0 -125.515625 -0.601562 1 0 1
0 -6 -2 37 0 1 0 -125.515625 -0.585938 1 0 1
maps_rp_surdonoso_realworldtextures_floor_mixtile_solid_white_1424_14430_314
0 6 -2 35 0 1 0 -125.421875 -0.601562 1 0 1
0 -6 -2 37 0 1 0 -125.515625 -0.585938 1 0 1
0 6 -2 37 0 1 0 -125.421875 -0.585938 1 0 1
maps_rp_surdonoso_realworldtextures_floor_mixtile_solid_white_1424_14430_314
0 6 -14 37 0 -1 0 -125.421875 -0.585938 1 0 1
0 -6 -14 37 0 -1 0 -125.515625 -0.585938 1 0 1
0 -6 -14 35 0 -1 0 -125.515625 -0.601562 1 0 1
maps_rp_surdonoso_realworldtextures_floor_mixtile_solid_white_1424_14430_314
0 6 -14 37 0 -1 0 -125.421875 -0.585938 1 0 1
0 -6 -14 35 0 -1 0 -125.515625 -0.601562 1 0 1
0 6 -14 35 0 -1 0 -125.421875 -0.601562 1 0 1
maps_rp_surdonoso_realworldtextures_floor_mixtile_solid_white_1424_14430_314
0 6 -14 35 1 0 0 -0.984375 -0.601562 1 0 1
0 6 -2 35 1 0 0 -1.078125 -0.601562 1 0 1
0 6 -2 37 1 0 0 -1.078125 -0.585938 1 0 1
maps_rp_surdonoso_realworldtextures_floor_mixtile_solid_white_1424_14430_314
0 6 -14 35 1 0 0 -0.984375 -0.601562 1 0 1
0 6 -2 37 1 0 0 -1.078125 -0.585938 1 0 1
0 6 -14 37 1 0 0 -0.984375 -0.585938 1 0 1
maps_rp_surdonoso_realworldtextures_floor_mixtile_solid_white_1424_14430_314
0 -6 -14 37 -1 0 0 -0.984375 -0.585938 1 0 1
0 -6 -2 37 -1 0 0 -1.078125 -0.585938 1 0 1
0 -6 -2 35 -1 0 0 -1.078125 -0.601562 1 0 1
maps_rp_surdonoso_realworldtextures_floor_mixtile_solid_white_1424_14430_314
0 -6 -14 37 -1 0 0 -0.984375 -0.585938 1 0 1
0 -6 -2 35 -1 0 0 -1.078125 -0.601562 1 0 1
0 -6 -14 35 -1 0 0 -0.984375 -0.601562 1 0 1
maps_rp_surdonoso_realworldtextures_floor_mixtile_solid_white_1424_14430_314
0 6 -14 16 0 0 -1 -0.984375 -124.421875 1 0 1
0 -6 -14 16 0 0 -1 -0.984375 -124.515625 1 0 1
0 -6 -2 16 0 0 -1 -1.078125 -124.515625 1 0 1
maps_rp_surdonoso_realworldtextures_floor_mixtile_solid_white_1424_14430_314
0 6 -14 16 0 0 -1 -0.984375 -124.421875 1 0 1
0 -6 -2 16 0 0 -1 -1.078125 -124.515625 1 0 1
0 6 -2 16 0 0 -1 -1.078125 -124.421875 1 0 1
maps_rp_surdonoso_realworldtextures_floor_mixtile_solid_white_1424_14430_314
0 -6 -14 18 0 0 1 -0.984375 -124.515625 1 0 1
0 6 -14 18 0 0 1 -0.984375 -124.421875 1 0 1
0 6 -2 18 0 0 1 -1.078125 -124.421875 1 0 1
maps_rp_surdonoso_realworldtextures_floor_mixtile_solid_white_1424_14430_314
0 -6 -14 18 0 0 1 -0.984375 -124.515625 1 0 1
0 6 -2 18 0 0 1 -1.078125 -124.421875 1 0 1
0 -6 -2 18 0 0 1 -1.078125 -124.515625 1 0 1
maps_rp_surdonoso_realworldtextures_floor_mixtile_solid_white_1424_14430_314
0 6 -2 16 0 1 0 -125.421875 -0.75 1 0 1
0 -6 -2 16 0 1 0 -125.515625 -0.75 1 0 1
0 -6 -2 18 0 1 0 -125.515625 -0.734375 1 0 1
maps_rp_surdonoso_realworldtextures_floor_mixtile_solid_white_1424_14430_314
0 6 -2 16 0 1 0 -125.421875 -0.75 1 0 1
0 -6 -2 18 0 1 0 -125.515625 -0.734375 1 0 1
0 6 -2 18 0 1 0 -125.421875 -0.734375 1 0 1
maps_rp_surdonoso_realworldtextures_floor_mixtile_solid_white_1424_14430_314
0 6 -14 18 0 -1 0 -125.421875 -0.734375 1 0 1
0 -6 -14 18 0 -1 0 -125.515625 -0.734375 1 0 1
0 -6 -14 16 0 -1 0 -125.515625 -0.75 1 0 1
maps_rp_surdonoso_realworldtextures_floor_mixtile_solid_white_1424_14430_314
0 6 -14 18 0 -1 0 -125.421875 -0.734375 1 0 1
0 -6 -14 16 0 -1 0 -125.515625 -0.75 1 0 1
0 6 -14 16 0 -1 0 -125.421875 -0.75 1 0 1
maps_rp_surdonoso_realworldtextures_floor_mixtile_solid_white_1424_14430_314
0 6 -14 16 1 0 0 -0.984375 -0.75 1 0 1
0 6 -2 16 1 0 0 -1.078125 -0.75 1 0 1
0 6 -2 18 1 0 0 -1.078125 -0.734375 1 0 1
maps_rp_surdonoso_realworldtextures_floor_mixtile_solid_white_1424_14430_314
0 6 -14 16 1 0 0 -0.984375 -0.75 1 0 1
0 6 -2 18 1 0 0 -1.078125 -0.734375 1 0 1
0 6 -14 18 1 0 0 -0.984375 -0.734375 1 0 1
maps_rp_surdonoso_realworldtextures_floor_mixtile_solid_white_1424_14430_314
0 -6 -14 18 -1 0 0 -0.984375 -0.734375 1 0 1
0 -6 -2 18 -1 0 0 -1.078125 -0.734375 1 0 1
0 -6 -2 16 -1 0 0 -1.078125 -0.75 1 0 1
maps_rp_surdonoso_realworldtextures_floor_mixtile_solid_white_1424_14430_314
0 -6 -14 18 -1 0 0 -0.984375 -0.734375 1 0 1
0 -6 -2 16 -1 0 0 -1.078125 -0.75 1 0 1
0 -6 -14 16 -1 0 0 -0.984375 -0.75 1 0 1
maps_rp_surdonoso_realworldtextures_floor_mixtile_solid_white_1424_14430_314
0 -8 -16 16 0 0 1 -0.96875 -124.53125 1 0 1
0 8 -16 16 0 0 1 -0.96875 -124.40625 1 0 1
0 8 0 16 0 0 1 -1.09375 -124.40625 1 0 1
maps_rp_surdonoso_realworldtextures_floor_mixtile_solid_white_1424_14430_314
0 -8 -16 16 0 0 1 -0.96875 -124.53125 1 0 1
0 8 0 16 0 0 1 -1.09375 -124.40625 1 0 1
0 -8 0 16 0 0 1 -1.09375 -124.53125 1 0 1
maps_rp_surdonoso_realworldtextures_floor_mixtile_solid_white_1424_14430_314
0 8 0 12 0 1 0 -125.40625 -0.78125 1 0 1
0 -8 0 12 0 1 0 -125.53125 -0.78125 1 0 1
0 -8 0 16 0 1 0 -125.53125 -0.75 1 0 1
maps_rp_surdonoso_realworldtextures_floor_mixtile_solid_white_1424_14430_314
0 8 0 12 0 1 0 -125.40625 -0.78125 1 0 1
0 -8 0 16 0 1 0 -125.53125 -0.75 1 0 1
0 8 0 16 0 1 0 -125.40625 -0.75 1 0 1
maps_rp_surdonoso_realworldtextures_floor_mixtile_solid_white_1424_14430_314
0 8 -16 16 0 -1 0 -125.40625 -0.75 1 0 1
0 -8 -16 16 0 -1 0 -125.53125 -0.75 1 0 1
0 -8 -16 12 0 -1 0 -125.53125 -0.78125 1 0 1
maps_rp_surdonoso_realworldtextures_floor_mixtile_solid_white_1424_14430_314
0 8 -16 16 0 -1 0 -125.40625 -0.75 1 0 1
0 -8 -16 12 0 -1 0 -125.53125 -0.78125 1 0 1
0 8 -16 12 0 -1 0 -125.40625 -0.78125 1 0 1
maps_rp_surdonoso_realworldtextures_floor_mixtile_solid_white_1424_14430_314
0 8 -16 12 1 0 0 -0.96875 -0.78125 1 0 1
0 8 0 12 1 0 0 -1.09375 -0.78125 1 0 1
0 8 0 16 1 0 0 -1.09375 -0.75 1 0 1
maps_rp_surdonoso_realworldtextures_floor_mixtile_solid_white_1424_14430_314
0 8 -16 12 1 0 0 -0.96875 -0.78125 1 0 1
0 8 0 16 1 0 0 -1.09375 -0.75 1 0 1
0 8 -16 16 1 0 0 -0.96875 -0.75 1 0 1
maps_rp_surdonoso_realworldtextures_floor_mixtile_solid_white_1424_14430_314
0 -8 -16 16 -1 0 0 -0.96875 -0.75 1 0 1
0 -8 0 16 -1 0 0 -1.09375 -0.75 1 0 1
0 -8 0 12 -1 0 0 -1.09375 -0.78125 1 0 1
maps_rp_surdonoso_realworldtextures_floor_mixtile_solid_white_1424_14430_314
0 -8 -16 16 -1 0 0 -0.96875 -0.75 1 0 1
0 -8 0 12 -1 0 0 -1.09375 -0.78125 1 0 1
0 -8 -16 12 -1 0 0 -0.96875 -0.78125 1 0 1
maps_rp_surdonoso_realworldtextures_floor_mixtile_solid_white_1424_14430_314
0 8 0 37 0 0 -1 -1.09375 -124.40625 1 0 1
0 -8 0 37 0 0 -1 -1.09375 -124.53125 1 0 1
0 -8 16 37 0 0 -1 -1.21875 -124.53125 1 0 1
maps_rp_surdonoso_realworldtextures_floor_mixtile_solid_white_1424_14430_314
0 8 0 37 0 0 -1 -1.09375 -124.40625 1 0 1
0 -8 16 37 0 0 -1 -1.21875 -124.53125 1 0 1
0 8 16 37 0 0 -1 -1.21875 -124.40625 1 0 1
maps_rp_surdonoso_realworldtextures_floor_mixtile_solid_white_1424_14430_314
0 -8 0 41 0 0 1 -1.09375 -124.53125 1 0 1
0 8 0 41 0 0 1 -1.09375 -124.40625 1 0 1
0 8 16 41 0 0 1 -1.21875 -124.40625 1 0 1
maps_rp_surdonoso_realworldtextures_floor_mixtile_solid_white_1424_14430_314
0 -8 0 41 0 0 1 -1.09375 -124.53125 1 0 1
0 8 16 41 0 0 1 -1.21875 -124.40625 1 0 1
0 -8 16 41 0 0 1 -1.21875 -124.53125 1 0 1
maps_rp_surdonoso_realworldtextures_floor_mixtile_solid_white_1424_14430_314
0 8 16 37 0 1 0 -125.40625 -0.585938 1 0 1
0 -8 16 37 0 1 0 -125.53125 -0.585938 1 0 1
0 -8 16 41 0 1 0 -125.53125 -0.554688 1 0 1
maps_rp_surdonoso_realworldtextures_floor_mixtile_solid_white_1424_14430_314
0 8 16 37 0 1 0 -125.40625 -0.585938 1 0 1
0 -8 16 41 0 1 0 -125.53125 -0.554688 1 0 1
0 8 16 41 0 1 0 -125.40625 -0.554688 1 0 1
maps_rp_surdonoso_realworldtextures_floor_mixtile_solid_white_1424_14430_314
0 8 0 41 0 -1 0 -125.40625 -0.554688 1 0 1
0 -8 0 41 0 -1 0 -125.53125 -0.554688 1 0 1
0 -8 0 37 0 -1 0 -125.53125 -0.585938 1 0 1
maps_rp_surdonoso_realworldtextures_floor_mixtile_solid_white_1424_14430_314
0 8 0 41 0 -1 0 -125.40625 -0.554688 1 0 1
0 -8 0 37 0 -1 0 -125.53125 -0.585938 1 0 1
0 8 0 37 0 -1 0 -125.40625 -0.585938 1 0 1
maps_rp_surdonoso_realworldtextures_floor_mixtile_solid_white_1424_14430_314
0 8 0 37 1 0 0 -1.09375 -0.585938 1 0 1
0 8 16 37 1 0 0 -1.21875 -0.585938 1 0 1
0 8 16 41 1 0 0 -1.21875 -0.554688 1 0 1
maps_rp_surdonoso_realworldtextures_floor_mixtile_solid_white_1424_14430_314
0 8 0 37 1 0 0 -1.09375 -0.585938 1 0 1
0 8 16 41 1 0 0 -1.21875 -0.554688 1 0 1
0 8 0 41 1 0 0 -1.09375 -0.554688 1 0 1
maps_rp_surdonoso_realworldtextures_floor_mixtile_solid_white_1424_14430_314
0 -8 0 41 -1 0 0 -1.09375 -0.554688 1 0 1
0 -8 16 41 -1 0 0 -1.21875 -0.554688 1 0 1
0 -8 16 37 -1 0 0 -1.21875 -0.585938 1 0 1
maps_rp_surdonoso_realworldtextures_floor_mixtile_solid_white_1424_14430_314
0 -8 0 41 -1 0 0 -1.09375 -0.554688 1 0 1
0 -8 16 37 -1 0 0 -1.21875 -0.585938 1 0 1
0 -8 0 37 -1 0 0 -1.09375 -0.585938 1 0 1
maps_rp_surdonoso_realworldtextures_floor_mixtile_solid_white_1424_14430_314
0 6 2 16 0 0 -1 -1.109375 -124.421875 1 0 1
0 -6 2 16 0 0 -1 -1.109375 -124.515625 1 0 1
0 -6 14 16 0 0 -1 -1.203125 -124.515625 1 0 1
maps_rp_surdonoso_realworldtextures_floor_mixtile_solid_white_1424_14430_314
0 6 2 16 0 0 -1 -1.109375 -124.421875 1 0 1
0 -6 14 16 0 0 -1 -1.203125 -124.515625 1 0 1
0 6 14 16 0 0 -1 -1.203125 -124.421875 1 0 1
maps_rp_surdonoso_realworldtextures_floor_mixtile_solid_white_1424_14430_314
0 -6 2 18 0 0 1 -1.109375 -124.515625 1 0 1
0 6 2 18 0 0 1 -1.109375 -124.421875 1 0 1
0 6 14 18 0 0 1 -1.203125 -124.421875 1 0 1
maps_rp_surdonoso_realworldtextures_floor_mixtile_solid_white_1424_14430_314
0 -6 2 18 0 0 1 -1.109375 -124.515625 1 0 1
0 6 14 18 0 0 1 -1.203125 -124.421875 1 0 1
0 -6 14 18 0 0 1 -1.203125 -124.515625 1 0 1
maps_rp_surdonoso_realworldtextures_floor_mixtile_solid_white_1424_14430_314
0 6 14 16 0 1 0 -125.421875 -0.75 1 0 1
0 -6 14 16 0 1 0 -125.515625 -0.75 1 0 1
0 -6 14 18 0 1 0 -125.515625 -0.734375 1 0 1
maps_rp_surdonoso_realworldtextures_floor_mixtile_solid_white_1424_14430_314
0 6 14 16 0 1 0 -125.421875 -0.75 1 0 1
0 -6 14 18 0 1 0 -125.515625 -0.734375 1 0 1
0 6 14 18 0 1 0 -125.421875 -0.734375 1 0 1
maps_rp_surdonoso_realworldtextures_floor_mixtile_solid_white_1424_14430_314
0 6 2 18 0 -1 0 -125.421875 -0.734375 1 0 1
0 -6 2 18 0 -1 0 -125.515625 -0.734375 1 0 1
0 -6 2 16 0 -1 0 -125.515625 -0.75 1 0 1
maps_rp_surdonoso_realworldtextures_floor_mixtile_solid_white_1424_14430_314
0 6 2 18 0 -1 0 -125.421875 -0.734375 1 0 1
0 -6 2 16 0 -1 0 -125.515625 -0.75 1 0 1
0 6 2 16 0 -1 0 -125.421875 -0.75 1 0 1
maps_rp_surdonoso_realworldtextures_floor_mixtile_solid_white_1424_14430_314
0 6 2 16 1 0 0 -1.109375 -0.75 1 0 1
0 6 14 16 1 0 0 -1.203125 -0.75 1 0 1
0 6 14 18 1 0 0 -1.203125 -0.734375 1 0 1
maps_rp_surdonoso_realworldtextures_floor_mixtile_solid_white_1424_14430_314
0 6 2 16 1 0 0 -1.109375 -0.75 1 0 1
0 6 14 18 1 0 0 -1.203125 -0.734375 1 0 1
0 6 2 18 1 0 0 -1.109375 -0.734375 1 0 1
maps_rp_surdonoso_realworldtextures_floor_mixtile_solid_white_1424_14430_314
0 -6 2 18 -1 0 0 -1.109375 -0.734375 1 0 1
0 -6 14 18 -1 0 0 -1.203125 -0.734375 1 0 1
0 -6 14 16 -1 0 0 -1.203125 -0.75 1 0 1
maps_rp_surdonoso_realworldtextures_floor_mixtile_solid_white_1424_14430_314
0 -6 2 18 -1 0 0 -1.109375 -0.734375 1 0 1
0 -6 14 16 -1 0 0 -1.203125 -0.75 1 0 1
0 -6 2 16 -1 0 0 -1.109375 -0.75 1 0 1
maps_rp_surdonoso_realworldtextures_floor_mixtile_solid_white_1424_14430_314
0 -8 0 16 0 0 1 -1.09375 -124.53125 1 0 1
0 8 0 16 0 0 1 -1.09375 -124.40625 1 0 1
0 8 16 16 0 0 1 -1.21875 -124.40625 1 0 1
maps_rp_surdonoso_realworldtextures_floor_mixtile_solid_white_1424_14430_314
0 -8 0 16 0 0 1 -1.09375 -124.53125 1 0 1
0 8 16 16 0 0 1 -1.21875 -124.40625 1 0 1
0 -8 16 16 0 0 1 -1.21875 -124.53125 1 0 1
maps_rp_surdonoso_realworldtextures_floor_mixtile_solid_white_1424_14430_314
0 8 16 12 0 1 0 -125.40625 -0.78125 1 0 1
0 -8 16 12 0 1 0 -125.53125 -0.78125 1 0 1
0 -8 16 16 0 1 0 -125.53125 -0.75 1 0 1
maps_rp_surdonoso_realworldtextures_floor_mixtile_solid_white_1424_14430_314
0 8 16 12 0 1 0 -125.40625 -0.78125 1 0 1
0 -8 16 16 0 1 0 -125.53125 -0.75 1 0 1
0 8 16 16 0 1 0 -125.40625 -0.75 1 0 1
maps_rp_surdonoso_realworldtextures_floor_mixtile_solid_white_1424_14430_314
0 8 0 12 1 0 0 -1.09375 -0.78125 1 0 1
0 8 16 12 1 0 0 -1.21875 -0.78125 1 0 1
0 8 16 16 1 0 0 -1.21875 -0.75 1 0 1
maps_rp_surdonoso_realworldtextures_floor_mixtile_solid_white_1424_14430_314
0 8 0 12 1 0 0 -1.09375 -0.78125 1 0 1
0 8 16 16 1 0 0 -1.21875 -0.75 1 0 1
0 8 0 16 1 0 0 -1.09375 -0.75 1 0 1
maps_rp_surdonoso_realworldtextures_floor_mixtile_solid_white_1424_14430_314
0 -8 0 16 -1 0 0 -1.09375 -0.75 1 0 1
0 -8 16 16 -1 0 0 -1.21875 -0.75 1 0 1
0 -8 16 12 -1 0 0 -1.21875 -0.78125 1 0 1
maps_rp_surdonoso_realworldtextures_floor_mixtile_solid_white_1424_14430_314
0 -8 0 16 -1 0 0 -1.09375 -0.75 1 0 1
0 -8 16 12 -1 0 0 -1.21875 -0.78125 1 0 1
0 -8 0 12 -1 0 0 -1.09375 -0.78125 1 0 1
maps_rp_surdonoso_realworldtextures_floor_mixtile_solid_white_1424_14430_314
0 -4 4 35 0 0 1 -1.125 -124.5 1 0 1
0 4 4 35 0 0 1 -1.125 -124.4375 1 0 1
0 4 12 35 0 0 1 -1.1875 -124.4375 1 0 1
maps_rp_surdonoso_realworldtextures_floor_mixtile_solid_white_1424_14430_314
0 -4 4 35 0 0 1 -1.125 -124.5 1 0 1
0 4 12 35 0 0 1 -1.1875 -124.4375 1 0 1
0 -4 12 35 0 0 1 -1.1875 -124.5 1 0 1
maps_rp_surdonoso_realworldtextures_floor_mixtile_solid_white_1424_14430_314
0 4 4 18 0 0 -1 -1.125 -124.4375 1 0 1
0 -4 4 18 0 0 -1 -1.125 -124.5 1 0 1
0 -4 12 18 0 0 -1 -1.1875 -124.5 1 0 1
maps_rp_surdonoso_realworldtextures_floor_mixtile_solid_white_1424_14430_314
0 4 4 18 0 0 -1 -1.125 -124.4375 1 0 1
0 -4 12 18 0 0 -1 -1.1875 -124.5 1 0 1
0 4 12 18 0 0 -1 -1.1875 -124.4375 1 0 1
maps_rp_surdonoso_realworldtextures_floor_mixtile_solid_white_1424_14430_314
0 4 12 18 0 1 0 -125.4375 -0.734375 1 0 1
0 -4 12 18 0 1 0 -125.5 -0.734375 1 0 1
0 -4 12 35 0 1 0 -125.5 -0.601562 1 0 1
maps_rp_surdonoso_realworldtextures_floor_mixtile_solid_white_1424_14430_314
0 4 12 18 0 1 0 -125.4375 -0.734375 1 0 1
0 -4 12 35 0 1 0 -125.5 -0.601562 1 0 1
0 4 12 35 0 1 0 -125.4375 -0.601562 1 0 1
maps_rp_surdonoso_realworldtextures_floor_mixtile_solid_white_1424_14430_314
0 4 4 35 0 -1 0 -125.4375 -0.601562 1 0 1
0 -4 4 35 0 -1 0 -125.5 -0.601562 1 0 1
0 -4 4 18 0 -1 0 -125.5 -0.734375 1 0 1
maps_rp_surdonoso_realworldtextures_floor_mixtile_solid_white_1424_14430_314
0 4 4 35 0 -1 0 -125.4375 -0.601562 1 0 1
0 -4 4 18 0 -1 0 -125.5 -0.734375 1 0 1
0 4 4 18 0 -1 0 -125.4375 -0.734375 1 0 1
maps_rp_surdonoso_realworldtextures_floor_mixtile_solid_white_1424_14430_314
0 4 4 18 1 0 0 -1.125 -0.734375 1 0 1
0 4 12 18 1 0 0 -1.1875 -0.734375 1 0 1
0 4 12 35 1 0 0 -1.1875 -0.601562 1 0 1
maps_rp_surdonoso_realworldtextures_floor_mixtile_solid_white_1424_14430_314
0 4 4 18 1 0 0 -1.125 -0.734375 1 0 1
0 4 12 35 1 0 0 -1.1875 -0.601562 1 0 1
0 4 4 35 1 0 0 -1.125 -0.601562 1 0 1
maps_rp_surdonoso_realworldtextures_floor_mixtile_solid_white_1424_14430_314
0 -4 4 35 -1 0 0 -1.125 -0.601562 1 0 1
0 -4 12 35 -1 0 0 -1.1875 -0.601562 1 0 1
0 -4 12 18 -1 0 0 -1.1875 -0.734375 1 0 1
maps_rp_surdonoso_realworldtextures_floor_mixtile_solid_white_1424_14430_314
0 -4 4 35 -1 0 0 -1.125 -0.601562 1 0 1
0 -4 12 18 -1 0 0 -1.1875 -0.734375 1 0 1
0 -4 4 18 -1 0 0 -1.125 -0.734375 1 0 1
maps_rp_surdonoso_realworldtextures_floor_mixtile_solid_white_1424_14430_314
0 6 2 35 0 0 -1 -1.109375 -124.421875 1 0 1
0 -6 2 35 0 0 -1 -1.109375 -124.515625 1 0 1
0 -6 14 35 0 0 -1 -1.203125 -124.515625 1 0 1
maps_rp_surdonoso_realworldtextures_floor_mixtile_solid_white_1424_14430_314
0 6 2 35 0 0 -1 -1.109375 -124.421875 1 0 1
0 -6 14 35 0 0 -1 -1.203125 -124.515625 1 0 1
0 6 14 35 0 0 -1 -1.203125 -124.421875 1 0 1
maps_rp_surdonoso_realworldtextures_floor_mixtile_solid_white_1424_14430_314
0 -6 2 37 0 0 1 -1.109375 -124.515625 1 0 1
0 6 2 37 0 0 1 -1.109375 -124.421875 1 0 1
0 6 14 37 0 0 1 -1.203125 -124.421875 1 0 1
maps_rp_surdonoso_realworldtextures_floor_mixtile_solid_white_1424_14430_314
0 -6 2 37 0 0 1 -1.109375 -124.515625 1 0 1
0 6 14 37 0 0 1 -1.203125 -124.421875 1 0 1
0 -6 14 37 0 0 1 -1.203125 -124.515625 1 0 1
maps_rp_surdonoso_realworldtextures_floor_mixtile_solid_white_1424_14430_314
0 6 14 35 0 1 0 -125.421875 -0.601562 1 0 1
0 -6 14 35 0 1 0 -125.515625 -0.601562 1 0 1
0 -6 14 37 0 1 0 -125.515625 -0.585938 1 0 1
maps_rp_surdonoso_realworldtextures_floor_mixtile_solid_white_1424_14430_314
0 6 14 35 0 1 0 -125.421875 -0.601562 1 0 1
0 -6 14 37 0 1 0 -125.515625 -0.585938 1 0 1
0 6 14 37 0 1 0 -125.421875 -0.585938 1 0 1
maps_rp_surdonoso_realworldtextures_floor_mixtile_solid_white_1424_14430_314
0 6 2 37 0 -1 0 -125.421875 -0.585938 1 0 1
0 -6 2 37 0 -1 0 -125.515625 -0.585938 1 0 1
0 -6 2 35 0 -1 0 -125.515625 -0.601562 1 0 1
maps_rp_surdonoso_realworldtextures_floor_mixtile_solid_white_1424_14430_314
0 6 2 37 0 -1 0 -125.421875 -0.585938 1 0 1
0 -6 2 35 0 -1 0 -125.515625 -0.601562 1 0 1
0 6 2 35 0 -1 0 -125.421875 -0.601562 1 0 1
maps_rp_surdonoso_realworldtextures_floor_mixtile_solid_white_1424_14430_314
0 6 2 35 1 0 0 -1.109375 -0.601562 1 0 1
0 6 14 35 1 0 0 -1.203125 -0.601562 1 0 1
0 6 14 37 1 0 0 -1.203125 -0.585938 1 0 1
maps_rp_surdonoso_realworldtextures_floor_mixtile_solid_white_1424_14430_314
0 6 2 35 1 0 0 -1.109375 -0.601562 1 0 1
0 6 14 37 1 0 0 -1.203125 -0.585938 1 0 1
0 6 2 37 1 0 0 -1.109375 -0.585938 1 0 1
maps_rp_surdonoso_realworldtextures_floor_mixtile_solid_white_1424_14430_314
0 -6 2 37 -1 0 0 -1.109375 -0.585938 1 0 1
0 -6 14 37 -1 0 0 -1.203125 -0.585938 1 0 1
0 -6 14 35 -1 0 0 -1.203125 -0.601562 1 0 1
maps_rp_surdonoso_realworldtextures_floor_mixtile_solid_white_1424_14430_314
0 -6 2 37 -1 0 0 -1.109375 -0.585938 1 0 1
0 -6 14 35 -1 0 0 -1.203125 -0.601562 1 0 1
0 -6 2 35 -1 0 0 -1.109375 -0.601562 1 0 1
maps_rp_surdonoso_realworldtextures_floor_mixtile_solid_white_1424_14430_314
0 8 16 37 0 0 -1 -1.21875 -124.40625 1 0 1
0 -8 16 37 0 0 -1 -1.21875 -124.53125 1 0 1
0 -8 32 37 0 0 -1 -1.34375 -124.53125 1 0 1
maps_rp_surdonoso_realworldtextures_floor_mixtile_solid_white_1424_14430_314
0 8 16 37 0 0 -1 -1.21875 -124.40625 1 0 1
0 -8 32 37 0 0 -1 -1.34375 -124.53125 1 0 1
0 8 32 37 0 0 -1 -1.34375 -124.40625 1 0 1
maps_rp_surdonoso_realworldtextures_floor_mixtile_solid_white_1424_14430_314
0 -8 16 41 0 0 1 -1.21875 -124.53125 1 0 1
0 8 16 41 0 0 1 -1.21875 -124.40625 1 0 1
0 8 32 41 0 0 1 -1.34375 -124.40625 1 0 1
maps_rp_surdonoso_realworldtextures_floor_mixtile_solid_white_1424_14430_314
0 -8 16 41 0 0 1 -1.21875 -124.53125 1 0 1
0 8 32 41 0 0 1 -1.34375 -124.40625 1 0 1
0 -8 32 41 0 0 1 -1.34375 -124.53125 1 0 1
maps_rp_surdonoso_realworldtextures_floor_mixtile_solid_white_1424_14430_314
0 8 32 37 0 1 0 -125.40625 -0.585938 1 0 1
0 -8 32 37 0 1 0 -125.53125 -0.585938 1 0 1
0 -8 32 41 0 1 0 -125.53125 -0.554688 1 0 1
maps_rp_surdonoso_realworldtextures_floor_mixtile_solid_white_1424_14430_314
0 8 32 37 0 1 0 -125.40625 -0.585938 1 0 1
0 -8 32 41 0 1 0 -125.53125 -0.554688 1 0 1
0 8 32 41 0 1 0 -125.40625 -0.554688 1 0 1
maps_rp_surdonoso_realworldtextures_floor_mixtile_solid_white_1424_14430_314
0 8 16 41 0 -1 0 -125.40625 -0.554688 1 0 1
0 -8 16 41 0 -1 0 -125.53125 -0.554688 1 0 1
0 -8 16 37 0 -1 0 -125.53125 -0.585938 1 0 1
maps_rp_surdonoso_realworldtextures_floor_mixtile_solid_white_1424_14430_314
0 8 16 41 0 -1 0 -125.40625 -0.554688 1 0 1
0 -8 16 37 0 -1 0 -125.53125 -0.585938 1 0 1
0 8 16 37 0 -1 0 -125.40625 -0.585938 1 0 1
maps_rp_surdonoso_realworldtextures_floor_mixtile_solid_white_1424_14430_314
0 8 16 37 1 0 0 -1.21875 -0.585938 1 0 1
0 8 32 37 1 0 0 -1.34375 -0.585938 1 0 1
0 8 32 41 1 0 0 -1.34375 -0.554688 1 0 1
maps_rp_surdonoso_realworldtextures_floor_mixtile_solid_white_1424_14430_314
0 8 16 37 1 0 0 -1.21875 -0.585938 1 0 1
0 8 32 41 1 0 0 -1.34375 -0.554688 1 0 1
0 8 16 41 1 0 0 -1.21875 -0.554688 1 0 1
maps_rp_surdonoso_realworldtextures_floor_mixtile_solid_white_1424_14430_314
0 -8 16 41 -1 0 0 -1.21875 -0.554688 1 0 1
0 -8 32 41 -1 0 0 -1.34375 -0.554688 1 0 1
0 -8 32 37 -1 0 0 -1.34375 -0.585938 1 0 1
maps_rp_surdonoso_realworldtextures_floor_mixtile_solid_white_1424_14430_314
0 -8 16 41 -1 0 0 -1.21875 -0.554688 1 0 1
0 -8 32 37 -1 0 0 -1.34375 -0.585938 1 0 1
0 -8 16 37 -1 0 0 -1.21875 -0.585938 1 0 1
maps_rp_surdonoso_realworldtextures_floor_mixtile_solid_white_1424_14430_314
0 -4 20 35 0 0 1 -1.25 -124.5 1 0 1
0 4 20 35 0 0 1 -1.25 -124.4375 1 0 1
0 4 28 35 0 0 1 -1.3125 -124.4375 1 0 1
maps_rp_surdonoso_realworldtextures_floor_mixtile_solid_white_1424_14430_314
0 -4 20 35 0 0 1 -1.25 -124.5 1 0 1
0 4 28 35 0 0 1 -1.3125 -124.4375 1 0 1
0 -4 28 35 0 0 1 -1.3125 -124.5 1 0 1
maps_rp_surdonoso_realworldtextures_floor_mixtile_solid_white_1424_14430_314
0 4 20 18 0 0 -1 -1.25 -124.4375 1 0 1
0 -4 20 18 0 0 -1 -1.25 -124.5 1 0 1
0 -4 28 18 0 0 -1 -1.3125 -124.5 1 0 1
maps_rp_surdonoso_realworldtextures_floor_mixtile_solid_white_1424_14430_314
0 4 20 18 0 0 -1 -1.25 -124.4375 1 0 1
0 -4 28 18 0 0 -1 -1.3125 -124.5 1 0 1
0 4 28 18 0 0 -1 -1.3125 -124.4375 1 0 1
maps_rp_surdonoso_realworldtextures_floor_mixtile_solid_white_1424_14430_314
0 4 28 18 0 1 0 -125.4375 -0.734375 1 0 1
0 -4 28 18 0 1 0 -125.5 -0.734375 1 0 1
0 -4 28 35 0 1 0 -125.5 -0.601562 1 0 1
maps_rp_surdonoso_realworldtextures_floor_mixtile_solid_white_1424_14430_314
0 4 28 18 0 1 0 -125.4375 -0.734375 1 0 1
0 -4 28 35 0 1 0 -125.5 -0.601562 1 0 1
0 4 28 35 0 1 0 -125.4375 -0.601562 1 0 1
maps_rp_surdonoso_realworldtextures_floor_mixtile_solid_white_1424_14430_314
0 4 20 35 0 -1 0 -125.4375 -0.601562 1 0 1
0 -4 20 35 0 -1 0 -125.5 -0.601562 1 0 1
0 -4 20 18 0 -1 0 -125.5 -0.734375 1 0 1
maps_rp_surdonoso_realworldtextures_floor_mixtile_solid_white_1424_14430_314
0 4 20 35 0 -1 0 -125.4375 -0.601562 1 0 1
0 -4 20 18 0 -1 0 -125.5 -0.734375 1 0 1
0 4 20 18 0 -1 0 -125.4375 -0.734375 1 0 1
maps_rp_surdonoso_realworldtextures_floor_mixtile_solid_white_1424_14430_314
0 4 20 18 1 0 0 -1.25 -0.734375 1 0 1
0 4 28 18 1 0 0 -1.3125 -0.734375 1 0 1
0 4 28 35 1 0 0 -1.3125 -0.601562 1 0 1
maps_rp_surdonoso_realworldtextures_floor_mixtile_solid_white_1424_14430_314
0 4 20 18 1 0 0 -1.25 -0.734375 1 0 1
0 4 28 35 1 0 0 -1.3125 -0.601562 1 0 1
0 4 20 35 1 0 0 -1.25 -0.601562 1 0 1
maps_rp_surdonoso_realworldtextures_floor_mixtile_solid_white_1424_14430_314
0 -4 20 35 -1 0 0 -1.25 -0.601562 1 0 1
0 -4 28 35 -1 0 0 -1.3125 -0.601562 1 0 1
0 -4 28 18 -1 0 0 -1.3125 -0.734375 1 0 1
maps_rp_surdonoso_realworldtextures_floor_mixtile_solid_white_1424_14430_314
0 -4 20 35 -1 0 0 -1.25 -0.601562 1 0 1
0 -4 28 18 -1 0 0 -1.3125 -0.734375 1 0 1
0 -4 20 18 -1 0 0 -1.25 -0.734375 1 0 1
maps_rp_surdonoso_realworldtextures_floor_mixtile_solid_white_1424_14430_314
0 6 18 35 0 0 -1 -1.234375 -124.421875 1 0 1
0 -6 18 35 0 0 -1 -1.234375 -124.515625 1 0 1
0 -6 30 35 0 0 -1 -1.328125 -124.515625 1 0 1
maps_rp_surdonoso_realworldtextures_floor_mixtile_solid_white_1424_14430_314
0 6 18 35 0 0 -1 -1.234375 -124.421875 1 0 1
0 -6 30 35 0 0 -1 -1.328125 -124.515625 1 0 1
0 6 30 35 0 0 -1 -1.328125 -124.421875 1 0 1
maps_rp_surdonoso_realworldtextures_floor_mixtile_solid_white_1424_14430_314
0 -6 18 37 0 0 1 -1.234375 -124.515625 1 0 1
0 6 18 37 0 0 1 -1.234375 -124.421875 1 0 1
0 6 30 37 0 0 1 -1.328125 -124.421875 1 0 1
maps_rp_surdonoso_realworldtextures_floor_mixtile_solid_white_1424_14430_314
0 -6 18 37 0 0 1 -1.234375 -124.515625 1 0 1
0 6 30 37 0 0 1 -1.328125 -124.421875 1 0 1
0 -6 30 37 0 0 1 -1.328125 -124.515625 1 0 1
maps_rp_surdonoso_realworldtextures_floor_mixtile_solid_white_1424_14430_314
0 6 30 35 0 1 0 -125.421875 -0.601562 1 0 1
0 -6 30 35 0 1 0 -125.515625 -0.601562 1 0 1
0 -6 30 37 0 1 0 -125.515625 -0.585938 1 0 1
maps_rp_surdonoso_realworldtextures_floor_mixtile_solid_white_1424_14430_314
0 6 30 35 0 1 0 -125.421875 -0.601562 1 0 1
0 -6 30 37 0 1 0 -125.515625 -0.585938 1 0 1
0 6 30 37 0 1 0 -125.421875 -0.585938 1 0 1
maps_rp_surdonoso_realworldtextures_floor_mixtile_solid_white_1424_14430_314
0 6 18 37 0 -1 0 -125.421875 -0.585938 1 0 1
0 -6 18 37 0 -1 0 -125.515625 -0.585938 1 0 1
0 -6 18 35 0 -1 0 -125.515625 -0.601562 1 0 1
maps_rp_surdonoso_realworldtextures_floor_mixtile_solid_white_1424_14430_314
0 6 18 37 0 -1 0 -125.421875 -0.585938 1 0 1
0 -6 18 35 0 -1 0 -125.515625 -0.601562 1 0 1
0 6 18 35 0 -1 0 -125.421875 -0.601562 1 0 1
maps_rp_surdonoso_realworldtextures_floor_mixtile_solid_white_1424_14430_314
0 6 18 35 1 0 0 -1.234375 -0.601562 1 0 1
0 6 30 35 1 0 0 -1.328125 -0.601562 1 0 1
0 6 30 37 1 0 0 -1.328125 -0.585938 1 0 1
maps_rp_surdonoso_realworldtextures_floor_mixtile_solid_white_1424_14430_314
0 6 18 35 1 0 0 -1.234375 -0.601562 1 0 1
0 6 30 37 1 0 0 -1.328125 -0.585938 1 0 1
0 6 18 37 1 0 0 -1.234375 -0.585938 1 0 1
maps_rp_surdonoso_realworldtextures_floor_mixtile_solid_white_1424_14430_314
0 -6 18 37 -1 0 0 -1.234375 -0.585938 1 0 1
0 -6 30 37 -1 0 0 -1.328125 -0.585938 1 0 1
0 -6 30 35 -1 0 0 -1.328125 -0.601562 1 0 1
maps_rp_surdonoso_realworldtextures_floor_mixtile_solid_white_1424_14430_314
0 -6 18 37 -1 0 0 -1.234375 -0.585938 1 0 1
0 -6 30 35 -1 0 0 -1.328125 -0.601562 1 0 1
0 -6 18 35 -1 0 0 -1.234375 -0.601562 1 0 1
maps_rp_surdonoso_realworldtextures_floor_mixtile_solid_white_1424_14430_314
0 6 18 16 0 0 -1 -1.234375 -124.421875 1 0 1
0 -6 18 16 0 0 -1 -1.234375 -124.515625 1 0 1
0 -6 30 16 0 0 -1 -1.328125 -124.515625 1 0 1
maps_rp_surdonoso_realworldtextures_floor_mixtile_solid_white_1424_14430_314
0 6 18 16 0 0 -1 -1.234375 -124.421875 1 0 1
0 -6 30 16 0 0 -1 -1.328125 -124.515625 1 0 1
0 6 30 16 0 0 -1 -1.328125 -124.421875 1 0 1
maps_rp_surdonoso_realworldtextures_floor_mixtile_solid_white_1424_14430_314
0 -6 18 18 0 0 1 -1.234375 -124.515625 1 0 1
0 6 18 18 0 0 1 -1.234375 -124.421875 1 0 1
0 6 30 18 0 0 1 -1.328125 -124.421875 1 0 1
maps_rp_surdonoso_realworldtextures_floor_mixtile_solid_white_1424_14430_314
0 -6 18 18 0 0 1 -1.234375 -124.515625 1 0 1
0 6 30 18 0 0 1 -1.328125 -124.421875 1 0 1
0 -6 30 18 0 0 1 -1.328125 -124.515625 1 0 1
maps_rp_surdonoso_realworldtextures_floor_mixtile_solid_white_1424_14430_314
0 6 30 16 0 1 0 -125.421875 -0.75 1 0 1
0 -6 30 16 0 1 0 -125.515625 -0.75 1 0 1
0 -6 30 18 0 1 0 -125.515625 -0.734375 1 0 1
maps_rp_surdonoso_realworldtextures_floor_mixtile_solid_white_1424_14430_314
0 6 30 16 0 1 0 -125.421875 -0.75 1 0 1
0 -6 30 18 0 1 0 -125.515625 -0.734375 1 0 1
0 6 30 18 0 1 0 -125.421875 -0.734375 1 0 1
maps_rp_surdonoso_realworldtextures_floor_mixtile_solid_white_1424_14430_314
0 6 18 18 0 -1 0 -125.421875 -0.734375 1 0 1
0 -6 18 18 0 -1 0 -125.515625 -0.734375 1 0 1
0 -6 18 16 0 -1 0 -125.515625 -0.75 1 0 1
maps_rp_surdonoso_realworldtextures_floor_mixtile_solid_white_1424_14430_314
0 6 18 18 0 -1 0 -125.421875 -0.734375 1 0 1
0 -6 18 16 0 -1 0 -125.515625 -0.75 1 0 1
0 6 18 16 0 -1 0 -125.421875 -0.75 1 0 1
maps_rp_surdonoso_realworldtextures_floor_mixtile_solid_white_1424_14430_314
0 6 18 16 1 0 0 -1.234375 -0.75 1 0 1
0 6 30 16 1 0 0 -1.328125 -0.75 1 0 1
0 6 30 18 1 0 0 -1.328125 -0.734375 1 0 1
maps_rp_surdonoso_realworldtextures_floor_mixtile_solid_white_1424_14430_314
0 6 18 16 1 0 0 -1.234375 -0.75 1 0 1
0 6 30 18 1 0 0 -1.328125 -0.734375 1 0 1
0 6 18 18 1 0 0 -1.234375 -0.734375 1 0 1
maps_rp_surdonoso_realworldtextures_floor_mixtile_solid_white_1424_14430_314
0 -6 18 18 -1 0 0 -1.234375 -0.734375 1 0 1
0 -6 30 18 -1 0 0 -1.328125 -0.734375 1 0 1
0 -6 30 16 -1 0 0 -1.328125 -0.75 1 0 1
maps_rp_surdonoso_realworldtextures_floor_mixtile_solid_white_1424_14430_314
0 -6 18 18 -1 0 0 -1.234375 -0.734375 1 0 1
0 -6 30 16 -1 0 0 -1.328125 -0.75 1 0 1
0 -6 18 16 -1 0 0 -1.234375 -0.75 1 0 1
maps_rp_surdonoso_realworldtextures_floor_mixtile_solid_white_1424_14430_314
0 -8 16 16 0 0 1 -1.21875 -124.53125 1 0 1
0 8 16 16 0 0 1 -1.21875 -124.40625 1 0 1
0 8 32 16 0 0 1 -1.34375 -124.40625 1 0 1
maps_rp_surdonoso_realworldtextures_floor_mixtile_solid_white_1424_14430_314
0 -8 16 16 0 0 1 -1.21875 -124.53125 1 0 1
0 8 32 16 0 0 1 -1.34375 -124.40625 1 0 1
0 -8 32 16 0 0 1 -1.34375 -124.53125 1 0 1
maps_rp_surdonoso_realworldtextures_floor_mixtile_solid_white_1424_14430_314
0 8 32 12 0 1 0 -125.40625 -0.78125 1 0 1
0 -8 32 12 0 1 0 -125.53125 -0.78125 1 0 1
0 -8 32 16 0 1 0 -125.53125 -0.75 1 0 1
maps_rp_surdonoso_realworldtextures_floor_mixtile_solid_white_1424_14430_314
0 8 32 12 0 1 0 -125.40625 -0.78125 1 0 1
0 -8 32 16 0 1 0 -125.53125 -0.75 1 0 1
0 8 32 16 0 1 0 -125.40625 -0.75 1 0 1
maps_rp_surdonoso_realworldtextures_floor_mixtile_solid_white_1424_14430_314
0 8 16 16 0 -1 0 -125.40625 -0.75 1 0 1
0 -8 16 16 0 -1 0 -125.53125 -0.75 1 0 1
0 -8 16 12 0 -1 0 -125.53125 -0.78125 1 0 1
maps_rp_surdonoso_realworldtextures_floor_mixtile_solid_white_1424_14430_314
0 8 16 16 0 -1 0 -125.40625 -0.75 1 0 1
0 -8 16 12 0 -1 0 -125.53125 -0.78125 1 0 1
0 8 16 12 0 -1 0 -125.40625 -0.78125 1 0 1
maps_rp_surdonoso_realworldtextures_floor_mixtile_solid_white_1424_14430_314
0 8 16 12 1 0 0 -1.21875 -0.78125 1 0 1
0 8 32 12 1 0 0 -1.34375 -0.78125 1 0 1
0 8 32 16 1 0 0 -1.34375 -0.75 1 0 1
maps_rp_surdonoso_realworldtextures_floor_mixtile_solid_white_1424_14430_314
0 8 16 12 1 0 0 -1.21875 -0.78125 1 0 1
0 8 32 16 1 0 0 -1.34375 -0.75 1 0 1
0 8 16 16 1 0 0 -1.21875 -0.75 1 0 1
maps_rp_surdonoso_realworldtextures_floor_mixtile_solid_white_1424_14430_314
0 -8 16 16 -1 0 0 -1.21875 -0.75 1 0 1
0 -8 32 16 -1 0 0 -1.34375 -0.75 1 0 1
0 -8 32 12 -1 0 0 -1.34375 -0.78125 1 0 1
maps_rp_surdonoso_realworldtextures_floor_mixtile_solid_white_1424_14430_314
0 -8 16 16 -1 0 0 -1.21875 -0.75 1 0 1
0 -8 32 12 -1 0 0 -1.34375 -0.78125 1 0 1
0 -8 16 12 -1 0 0 -1.21875 -0.78125 1 0 1
maps_rp_surdonoso_realworldtextures_floor_mixtile_solid_white_1424_14430_314
0 8 32 37 0 0 -1 -1.34375 -124.40625 1 0 1
0 -8 32 37 0 0 -1 -1.34375 -124.53125 1 0 1
0 -8 48 37 0 0 -1 -1.46875 -124.53125 1 0 1
maps_rp_surdonoso_realworldtextures_floor_mixtile_solid_white_1424_14430_314
0 8 32 37 0 0 -1 -1.34375 -124.40625 1 0 1
0 -8 48 37 0 0 -1 -1.46875 -124.53125 1 0 1
0 8 48 37 0 0 -1 -1.46875 -124.40625 1 0 1
maps_rp_surdonoso_realworldtextures_floor_mixtile_solid_white_1424_14430_314
0 -8 32 41 0 0 1 -1.34375 -124.53125 1 0 1
0 8 32 41 0 0 1 -1.34375 -124.40625 1 0 1
0 8 48 41 0 0 1 -1.46875 -124.40625 1 0 1
maps_rp_surdonoso_realworldtextures_floor_mixtile_solid_white_1424_14430_314
0 -8 32 41 0 0 1 -1.34375 -124.53125 1 0 1
0 8 48 41 0 0 1 -1.46875 -124.40625 1 0 1
0 -8 48 41 0 0 1 -1.46875 -124.53125 1 0 1
maps_rp_surdonoso_realworldtextures_floor_mixtile_solid_white_1424_14430_314
0 8 48 37 0 1 0 -125.40625 -0.585938 1 0 1
0 -8 48 37 0 1 0 -125.53125 -0.585938 1 0 1
0 -8 48 41 0 1 0 -125.53125 -0.554688 1 0 1
maps_rp_surdonoso_realworldtextures_floor_mixtile_solid_white_1424_14430_314
0 8 48 37 0 1 0 -125.40625 -0.585938 1 0 1
0 -8 48 41 0 1 0 -125.53125 -0.554688 1 0 1
0 8 48 41 0 1 0 -125.40625 -0.554688 1 0 1
maps_rp_surdonoso_realworldtextures_floor_mixtile_solid_white_1424_14430_314
0 8 32 41 0 -1 0 -125.40625 -0.554688 1 0 1
0 -8 32 41 0 -1 0 -125.53125 -0.554688 1 0 1
0 -8 32 37 0 -1 0 -125.53125 -0.585938 1 0 1
maps_rp_surdonoso_realworldtextures_floor_mixtile_solid_white_1424_14430_314
0 8 32 41 0 -1 0 -125.40625 -0.554688 1 0 1
0 -8 32 37 0 -1 0 -125.53125 -0.585938 1 0 1
0 8 32 37 0 -1 0 -125.40625 -0.585938 1 0 1
maps_rp_surdonoso_realworldtextures_floor_mixtile_solid_white_1424_14430_314
0 8 32 37 1 0 0 -1.34375 -0.585938 1 0 1
0 8 48 37 1 0 0 -1.46875 -0.585938 1 0 1
0 8 48 41 1 0 0 -1.46875 -0.554688 1 0 1
maps_rp_surdonoso_realworldtextures_floor_mixtile_solid_white_1424_14430_314
0 8 32 37 1 0 0 -1.34375 -0.585938 1 0 1
0 8 48 41 1 0 0 -1.46875 -0.554688 1 0 1
0 8 32 41 1 0 0 -1.34375 -0.554688 1 0 1
maps_rp_surdonoso_realworldtextures_floor_mixtile_solid_white_1424_14430_314
0 -8 32 41 -1 0 0 -1.34375 -0.554688 1 0 1
0 -8 48 41 -1 0 0 -1.46875 -0.554688 1 0 1
0 -8 48 37 -1 0 0 -1.46875 -0.585938 1 0 1
maps_rp_surdonoso_realworldtextures_floor_mixtile_solid_white_1424_14430_314
0 -8 32 41 -1 0 0 -1.34375 -0.554688 1 0 1
0 -8 48 37 -1 0 0 -1.46875 -0.585938 1 0 1
0 -8 32 37 -1 0 0 -1.34375 -0.585938 1 0 1
maps_rp_surdonoso_realworldtextures_floor_mixtile_solid_white_1424_14430_314
0 6 34 16 0 0 -1 -1.359375 -124.421875 1 0 1
0 -6 34 16 0 0 -1 -1.359375 -124.515625 1 0 1
0 -6 46 16 0 0 -1 -1.453125 -124.515625 1 0 1
maps_rp_surdonoso_realworldtextures_floor_mixtile_solid_white_1424_14430_314
0 6 34 16 0 0 -1 -1.359375 -124.421875 1 0 1
0 -6 46 16 0 0 -1 -1.453125 -124.515625 1 0 1
0 6 46 16 0 0 -1 -1.453125 -124.421875 1 0 1
maps_rp_surdonoso_realworldtextures_floor_mixtile_solid_white_1424_14430_314
0 -6 34 18 0 0 1 -1.359375 -124.515625 1 0 1
0 6 34 18 0 0 1 -1.359375 -124.421875 1 0 1
0 6 46 18 0 0 1 -1.453125 -124.421875 1 0 1
maps_rp_surdonoso_realworldtextures_floor_mixtile_solid_white_1424_14430_314
0 -6 34 18 0 0 1 -1.359375 -124.515625 1 0 1
0 6 46 18 0 0 1 -1.453125 -124.421875 1 0 1
0 -6 46 18 0 0 1 -1.453125 -124.515625 1 0 1
maps_rp_surdonoso_realworldtextures_floor_mixtile_solid_white_1424_14430_314
0 6 46 16 0 1 0 -125.421875 -0.75 1 0 1
0 -6 46 16 0 1 0 -125.515625 -0.75 1 0 1
0 -6 46 18 0 1 0 -125.515625 -0.734375 1 0 1
maps_rp_surdonoso_realworldtextures_floor_mixtile_solid_white_1424_14430_314
0 6 46 16 0 1 0 -125.421875 -0.75 1 0 1
0 -6 46 18 0 1 0 -125.515625 -0.734375 1 0 1
0 6 46 18 0 1 0 -125.421875 -0.734375 1 0 1
maps_rp_surdonoso_realworldtextures_floor_mixtile_solid_white_1424_14430_314
0 6 34 18 0 -1 0 -125.421875 -0.734375 1 0 1
0 -6 34 18 0 -1 0 -125.515625 -0.734375 1 0 1
0 -6 34 16 0 -1 0 -125.515625 -0.75 1 0 1
maps_rp_surdonoso_realworldtextures_floor_mixtile_solid_white_1424_14430_314
0 6 34 18 0 -1 0 -125.421875 -0.734375 1 0 1
0 -6 34 16 0 -1 0 -125.515625 -0.75 1 0 1
0 6 34 16 0 -1 0 -125.421875 -0.75 1 0 1
maps_rp_surdonoso_realworldtextures_floor_mixtile_solid_white_1424_14430_314
0 6 34 16 1 0 0 -1.359375 -0.75 1 0 1
0 6 46 16 1 0 0 -1.453125 -0.75 1 0 1
0 6 46 18 1 0 0 -1.453125 -0.734375 1 0 1
maps_rp_surdonoso_realworldtextures_floor_mixtile_solid_white_1424_14430_314
0 6 34 16 1 0 0 -1.359375 -0.75 1 0 1
0 6 46 18 1 0 0 -1.453125 -0.734375 1 0 1
0 6 34 18 1 0 0 -1.359375 -0.734375 1 0 1
maps_rp_surdonoso_realworldtextures_floor_mixtile_solid_white_1424_14430_314
0 -6 34 18 -1 0 0 -1.359375 -0.734375 1 0 1
0 -6 46 18 -1 0 0 -1.453125 -0.734375 1 0 1
0 -6 46 16 -1 0 0 -1.453125 -0.75 1 0 1
maps_rp_surdonoso_realworldtextures_floor_mixtile_solid_white_1424_14430_314
0 -6 34 18 -1 0 0 -1.359375 -0.734375 1 0 1
0 -6 46 16 -1 0 0 -1.453125 -0.75 1 0 1
0 -6 34 16 -1 0 0 -1.359375 -0.75 1 0 1
maps_rp_surdonoso_realworldtextures_floor_mixtile_solid_white_1424_14430_314
0 -8 32 16 0 0 1 -1.34375 -124.53125 1 0 1
0 8 32 16 0 0 1 -1.34375 -124.40625 1 0 1
0 8 48 16 0 0 1 -1.46875 -124.40625 1 0 1
maps_rp_surdonoso_realworldtextures_floor_mixtile_solid_white_1424_14430_314
0 -8 32 16 0 0 1 -1.34375 -124.53125 1 0 1
0 8 48 16 0 0 1 -1.46875 -124.40625 1 0 1
0 -8 48 16 0 0 1 -1.46875 -124.53125 1 0 1
maps_rp_surdonoso_realworldtextures_floor_mixtile_solid_white_1424_14430_314
0 8 48 12 0 1 0 -125.40625 -0.78125 1 0 1
0 -8 48 12 0 1 0 -125.53125 -0.78125 1 0 1
0 -8 48 16 0 1 0 -125.53125 -0.75 1 0 1
maps_rp_surdonoso_realworldtextures_floor_mixtile_solid_white_1424_14430_314
0 8 48 12 0 1 0 -125.40625 -0.78125 1 0 1
0 -8 48 16 0 1 0 -125.53125 -0.75 1 0 1
0 8 48 16 0 1 0 -125.40625 -0.75 1 0 1
maps_rp_surdonoso_realworldtextures_floor_mixtile_solid_white_1424_14430_314
0 8 32 16 0 -1 0 -125.40625 -0.75 1 0 1
0 -8 32 16 0 -1 0 -125.53125 -0.75 1 0 1
0 -8 32 12 0 -1 0 -125.53125 -0.78125 1 0 1
maps_rp_surdonoso_realworldtextures_floor_mixtile_solid_white_1424_14430_314
0 8 32 16 0 -1 0 -125.40625 -0.75 1 0 1
0 -8 32 12 0 -1 0 -125.53125 -0.78125 1 0 1
0 8 32 12 0 -1 0 -125.40625 -0.78125 1 0 1
maps_rp_surdonoso_realworldtextures_floor_mixtile_solid_white_1424_14430_314
0 8 32 12 1 0 0 -1.34375 -0.78125 1 0 1
0 8 48 12 1 0 0 -1.46875 -0.78125 1 0 1
0 8 48 16 1 0 0 -1.46875 -0.75 1 0 1
maps_rp_surdonoso_realworldtextures_floor_mixtile_solid_white_1424_14430_314
0 8 32 12 1 0 0 -1.34375 -0.78125 1 0 1
0 8 48 16 1 0 0 -1.46875 -0.75 1 0 1
0 8 32 16 1 0 0 -1.34375 -0.75 1 0 1
maps_rp_surdonoso_realworldtextures_floor_mixtile_solid_white_1424_14430_314
0 -8 32 16 -1 0 0 -1.34375 -0.75 1 0 1
0 -8 48 16 -1 0 0 -1.46875 -0.75 1 0 1
0 -8 48 12 -1 0 0 -1.46875 -0.78125 1 0 1
maps_rp_surdonoso_realworldtextures_floor_mixtile_solid_white_1424_14430_314
0 -8 32 16 -1 0 0 -1.34375 -0.75 1 0 1
0 -8 48 12 -1 0 0 -1.46875 -0.78125 1 0 1
0 -8 32 12 -1 0 0 -1.34375 -0.78125 1 0 1
maps_rp_surdonoso_realworldtextures_floor_mixtile_solid_white_1424_14430_314
0 -4 36 35 0 0 1 -1.375 -124.5 1 0 1
0 4 36 35 0 0 1 -1.375 -124.4375 1 0 1
0 4 44 35 0 0 1 -1.4375 -124.4375 1 0 1
maps_rp_surdonoso_realworldtextures_floor_mixtile_solid_white_1424_14430_314
0 -4 36 35 0 0 1 -1.375 -124.5 1 0 1
0 4 44 35 0 0 1 -1.4375 -124.4375 1 0 1
0 -4 44 35 0 0 1 -1.4375 -124.5 1 0 1
maps_rp_surdonoso_realworldtextures_floor_mixtile_solid_white_1424_14430_314
0 4 36 18 0 0 -1 -1.375 -124.4375 1 0 1
0 -4 36 18 0 0 -1 -1.375 -124.5 1 0 1
0 -4 44 18 0 0 -1 -1.4375 -124.5 1 0 1
maps_rp_surdonoso_realworldtextures_floor_mixtile_solid_white_1424_14430_314
0 4 36 18 0 0 -1 -1.375 -124.4375 1 0 1
0 -4 44 18 0 0 -1 -1.4375 -124.5 1 0 1
0 4 44 18 0 0 -1 -1.4375 -124.4375 1 0 1
maps_rp_surdonoso_realworldtextures_floor_mixtile_solid_white_1424_14430_314
0 4 44 18 0 1 0 -125.4375 -0.734375 1 0 1
0 -4 44 18 0 1 0 -125.5 -0.734375 1 0 1
0 -4 44 35 0 1 0 -125.5 -0.601562 1 0 1
maps_rp_surdonoso_realworldtextures_floor_mixtile_solid_white_1424_14430_314
0 4 44 18 0 1 0 -125.4375 -0.734375 1 0 1
0 -4 44 35 0 1 0 -125.5 -0.601562 1 0 1
0 4 44 35 0 1 0 -125.4375 -0.601562 1 0 1
maps_rp_surdonoso_realworldtextures_floor_mixtile_solid_white_1424_14430_314
0 4 36 35 0 -1 0 -125.4375 -0.601562 1 0 1
0 -4 36 35 0 -1 0 -125.5 -0.601562 1 0 1
0 -4 36 18 0 -1 0 -125.5 -0.734375 1 0 1
maps_rp_surdonoso_realworldtextures_floor_mixtile_solid_white_1424_14430_314
0 4 36 35 0 -1 0 -125.4375 -0.601562 1 0 1
0 -4 36 18 0 -1 0 -125.5 -0.734375 1 0 1
0 4 36 18 0 -1 0 -125.4375 -0.734375 1 0 1
maps_rp_surdonoso_realworldtextures_floor_mixtile_solid_white_1424_14430_314
0 4 36 18 1 0 0 -1.375 -0.734375 1 0 1
0 4 44 18 1 0 0 -1.4375 -0.734375 1 0 1
0 4 44 35 1 0 0 -1.4375 -0.601562 1 0 1
maps_rp_surdonoso_realworldtextures_floor_mixtile_solid_white_1424_14430_314
0 4 36 18 1 0 0 -1.375 -0.734375 1 0 1
0 4 44 35 1 0 0 -1.4375 -0.601562 1 0 1
0 4 36 35 1 0 0 -1.375 -0.601562 1 0 1
maps_rp_surdonoso_realworldtextures_floor_mixtile_solid_white_1424_14430_314
0 -4 36 35 -1 0 0 -1.375 -0.601562 1 0 1
0 -4 44 35 -1 0 0 -1.4375 -0.601562 1 0 1
0 -4 44 18 -1 0 0 -1.4375 -0.734375 1 0 1
maps_rp_surdonoso_realworldtextures_floor_mixtile_solid_white_1424_14430_314
0 -4 36 35 -1 0 0 -1.375 -0.601562 1 0 1
0 -4 44 18 -1 0 0 -1.4375 -0.734375 1 0 1
0 -4 36 18 -1 0 0 -1.375 -0.734375 1 0 1
maps_rp_surdonoso_realworldtextures_floor_mixtile_solid_white_1424_14430_314
0 6 34 35 0 0 -1 -1.359375 -124.421875 1 0 1
0 -6 34 35 0 0 -1 -1.359375 -124.515625 1 0 1
0 -6 46 35 0 0 -1 -1.453125 -124.515625 1 0 1
maps_rp_surdonoso_realworldtextures_floor_mixtile_solid_white_1424_14430_314
0 6 34 35 0 0 -1 -1.359375 -124.421875 1 0 1
0 -6 46 35 0 0 -1 -1.453125 -124.515625 1 0 1
0 6 46 35 0 0 -1 -1.453125 -124.421875 1 0 1
maps_rp_surdonoso_realworldtextures_floor_mixtile_solid_white_1424_14430_314
0 -6 34 37 0 0 1 -1.359375 -124.515625 1 0 1
0 6 34 37 0 0 1 -1.359375 -124.421875 1 0 1
0 6 46 37 0 0 1 -1.453125 -124.421875 1 0 1
maps_rp_surdonoso_realworldtextures_floor_mixtile_solid_white_1424_14430_314
0 -6 34 37 0 0 1 -1.359375 -124.515625 1 0 1
0 6 46 37 0 0 1 -1.453125 -124.421875 1 0 1
0 -6 46 37 0 0 1 -1.453125 -124.515625 1 0 1
maps_rp_surdonoso_realworldtextures_floor_mixtile_solid_white_1424_14430_314
0 6 46 35 0 1 0 -125.421875 -0.601562 1 0 1
0 -6 46 35 0 1 0 -125.515625 -0.601562 1 0 1
0 -6 46 37 0 1 0 -125.515625 -0.585938 1 0 1
maps_rp_surdonoso_realworldtextures_floor_mixtile_solid_white_1424_14430_314
0 6 46 35 0 1 0 -125.421875 -0.601562 1 0 1
0 -6 46 37 0 1 0 -125.515625 -0.585938 1 0 1
0 6 46 37 0 1 0 -125.421875 -0.585938 1 0 1
maps_rp_surdonoso_realworldtextures_floor_mixtile_solid_white_1424_14430_314
0 6 34 37 0 -1 0 -125.421875 -0.585938 1 0 1
0 -6 34 37 0 -1 0 -125.515625 -0.585938 1 0 1
0 -6 34 35 0 -1 0 -125.515625 -0.601562 1 0 1
maps_rp_surdonoso_realworldtextures_floor_mixtile_solid_white_1424_14430_314
0 6 34 37 0 -1 0 -125.421875 -0.585938 1 0 1
0 -6 34 35 0 -1 0 -125.515625 -0.601562 1 0 1
0 6 34 35 0 -1 0 -125.421875 -0.601562 1 0 1
maps_rp_surdonoso_realworldtextures_floor_mixtile_solid_white_1424_14430_314
0 6 34 35 1 0 0 -1.359375 -0.601562 1 0 1
0 6 46 35 1 0 0 -1.453125 -0.601562 1 0 1
0 6 46 37 1 0 0 -1.453125 -0.585938 1 0 1
maps_rp_surdonoso_realworldtextures_floor_mixtile_solid_white_1424_14430_314
0 6 34 35 1 0 0 -1.359375 -0.601562 1 0 1
0 6 46 37 1 0 0 -1.453125 -0.585938 1 0 1
0 6 34 37 1 0 0 -1.359375 -0.585938 1 0 1
maps_rp_surdonoso_realworldtextures_floor_mixtile_solid_white_1424_14430_314
0 -6 34 37 -1 0 0 -1.359375 -0.585938 1 0 1
0 -6 46 37 -1 0 0 -1.453125 -0.585938 1 0 1
0 -6 46 35 -1 0 0 -1.453125 -0.601562 1 0 1
maps_rp_surdonoso_realworldtextures_floor_mixtile_solid_white_1424_14430_314
0 -6 34 37 -1 0 0 -1.359375 -0.585938 1 0 1
0 -6 46 35 -1 0 0 -1.453125 -0.601562 1 0 1
0 -6 34 35 -1 0 0 -1.359375 -0.601562 1 0 1
maps_rp_surdonoso_realworldtextures_floor_mixtile_solid_white_1424_14430_314
0 8 48 37 0 0 -1 -1.46875 -124.40625 1 0 1
0 -8 48 37 0 0 -1 -1.46875 -124.53125 1 0 1
0 -8 64 37 0 0 -1 -1.59375 -124.53125 1 0 1
maps_rp_surdonoso_realworldtextures_floor_mixtile_solid_white_1424_14430_314
0 8 48 37 0 0 -1 -1.46875 -124.40625 1 0 1
0 -8 64 37 0 0 -1 -1.59375 -124.53125 1 0 1
0 8 64 37 0 0 -1 -1.59375 -124.40625 1 0 1
maps_rp_surdonoso_realworldtextures_floor_mixtile_solid_white_1424_14430_314
0 -8 48 41 0 0 1 -1.46875 -124.53125 1 0 1
0 8 48 41 0 0 1 -1.46875 -124.40625 1 0 1
0 8 64 41 0 0 1 -1.59375 -124.40625 1 0 1
maps_rp_surdonoso_realworldtextures_floor_mixtile_solid_white_1424_14430_314
0 -8 48 41 0 0 1 -1.46875 -124.53125 1 0 1
0 8 64 41 0 0 1 -1.59375 -124.40625 1 0 1
0 -8 64 41 0 0 1 -1.59375 -124.53125 1 0 1
maps_rp_surdonoso_realworldtextures_floor_mixtile_solid_white_1424_14430_314
0 8 64 37 0 1 0 -125.40625 -0.585938 1 0 1
0 -8 64 37 0 1 0 -125.53125 -0.585938 1 0 1
0 -8 64 41 0 1 0 -125.53125 -0.554688 1 0 1
maps_rp_surdonoso_realworldtextures_floor_mixtile_solid_white_1424_14430_314
0 8 64 37 0 1 0 -125.40625 -0.585938 1 0 1
0 -8 64 41 0 1 0 -125.53125 -0.554688 1 0 1
0 8 64 41 0 1 0 -125.40625 -0.554688 1 0 1
maps_rp_surdonoso_realworldtextures_floor_mixtile_solid_white_1424_14430_314
0 8 48 41 0 -1 0 -125.40625 -0.554688 1 0 1
0 -8 48 41 0 -1 0 -125.53125 -0.554688 1 0 1
0 -8 48 37 0 -1 0 -125.53125 -0.585938 1 0 1
maps_rp_surdonoso_realworldtextures_floor_mixtile_solid_white_1424_14430_314
0 8 48 41 0 -1 0 -125.40625 -0.554688 1 0 1
0 -8 48 37 0 -1 0 -125.53125 -0.585938 1 0 1
0 8 48 37 0 -1 0 -125.40625 -0.585938 1 0 1
maps_rp_surdonoso_realworldtextures_floor_mixtile_solid_white_1424_14430_314
0 8 48 37 1 0 0 -1.46875 -0.585938 1 0 1
0 8 64 37 1 0 0 -1.59375 -0.585938 1 0 1
0 8 64 41 1 0 0 -1.59375 -0.554688 1 0 1
maps_rp_surdonoso_realworldtextures_floor_mixtile_solid_white_1424_14430_314
0 8 48 37 1 0 0 -1.46875 -0.585938 1 0 1
0 8 64 41 1 0 0 -1.59375 -0.554688 1 0 1
0 8 48 41 1 0 0 -1.46875 -0.554688 1 0 1
maps_rp_surdonoso_realworldtextures_floor_mixtile_solid_white_1424_14430_314
0 -8 48 41 -1 0 0 -1.46875 -0.554688 1 0 1
0 -8 64 41 -1 0 0 -1.59375 -0.554688 1 0 1
0 -8 64 37 -1 0 0 -1.59375 -0.585938 1 0 1
maps_rp_surdonoso_realworldtextures_floor_mixtile_solid_white_1424_14430_314
0 -8 48 41 -1 0 0 -1.46875 -0.554688 1 0 1
0 -8 64 37 -1 0 0 -1.59375 -0.585938 1 0 1
0 -8 48 37 -1 0 0 -1.46875 -0.585938 1 0 1
maps_rp_surdonoso_realworldtextures_floor_mixtile_solid_white_1424_14430_314
0 -4 52 35 0 0 1 -1.5 -124.5 1 0 1
0 4 52 35 0 0 1 -1.5 -124.4375 1 0 1
0 4 60 35 0 0 1 -1.5625 -124.4375 1 0 1
maps_rp_surdonoso_realworldtextures_floor_mixtile_solid_white_1424_14430_314
0 -4 52 35 0 0 1 -1.5 -124.5 1 0 1
0 4 60 35 0 0 1 -1.5625 -124.4375 1 0 1
0 -4 60 35 0 0 1 -1.5625 -124.5 1 0 1
maps_rp_surdonoso_realworldtextures_floor_mixtile_solid_white_1424_14430_314
0 4 52 18 0 0 -1 -1.5 -124.4375 1 0 1
0 -4 52 18 0 0 -1 -1.5 -124.5 1 0 1
0 -4 60 18 0 0 -1 -1.5625 -124.5 1 0 1
maps_rp_surdonoso_realworldtextures_floor_mixtile_solid_white_1424_14430_314
0 4 52 18 0 0 -1 -1.5 -124.4375 1 0 1
0 -4 60 18 0 0 -1 -1.5625 -124.5 1 0 1
0 4 60 18 0 0 -1 -1.5625 -124.4375 1 0 1
maps_rp_surdonoso_realworldtextures_floor_mixtile_solid_white_1424_14430_314
0 4 60 18 0 1 0 -125.4375 -0.734375 1 0 1
0 -4 60 18 0 1 0 -125.5 -0.734375 1 0 1
0 -4 60 35 0 1 0 -125.5 -0.601562 1 0 1
maps_rp_surdonoso_realworldtextures_floor_mixtile_solid_white_1424_14430_314
0 4 60 18 0 1 0 -125.4375 -0.734375 1 0 1
0 -4 60 35 0 1 0 -125.5 -0.601562 1 0 1
0 4 60 35 0 1 0 -125.4375 -0.601562 1 0 1
maps_rp_surdonoso_realworldtextures_floor_mixtile_solid_white_1424_14430_314
0 4 52 35 0 -1 0 -125.4375 -0.601562 1 0 1
0 -4 52 35 0 -1 0 -125.5 -0.601562 1 0 1
0 -4 52 18 0 -1 0 -125.5 -0.734375 1 0 1
maps_rp_surdonoso_realworldtextures_floor_mixtile_solid_white_1424_14430_314
0 4 52 35 0 -1 0 -125.4375 -0.601562 1 0 1
0 -4 52 18 0 -1 0 -125.5 -0.734375 1 0 1
0 4 52 18 0 -1 0 -125.4375 -0.734375 1 0 1
maps_rp_surdonoso_realworldtextures_floor_mixtile_solid_white_1424_14430_314
0 4 52 18 1 0 0 -1.5 -0.734375 1 0 1
0 4 60 18 1 0 0 -1.5625 -0.734375 1 0 1
0 4 60 35 1 0 0 -1.5625 -0.601562 1 0 1
maps_rp_surdonoso_realworldtextures_floor_mixtile_solid_white_1424_14430_314
0 4 52 18 1 0 0 -1.5 -0.734375 1 0 1
0 4 60 35 1 0 0 -1.5625 -0.601562 1 0 1
0 4 52 35 1 0 0 -1.5 -0.601562 1 0 1
maps_rp_surdonoso_realworldtextures_floor_mixtile_solid_white_1424_14430_314
0 -4 52 35 -1 0 0 -1.5 -0.601562 1 0 1
0 -4 60 35 -1 0 0 -1.5625 -0.601562 1 0 1
0 -4 60 18 -1 0 0 -1.5625 -0.734375 1 0 1
maps_rp_surdonoso_realworldtextures_floor_mixtile_solid_white_1424_14430_314
0 -4 52 35 -1 0 0 -1.5 -0.601562 1 0 1
0 -4 60 18 -1 0 0 -1.5625 -0.734375 1 0 1
0 -4 52 18 -1 0 0 -1.5 -0.734375 1 0 1
maps_rp_surdonoso_realworldtextures_floor_mixtile_solid_white_1424_14430_314
0 6 50 35 0 0 -1 -1.484375 -124.421875 1 0 1
0 -6 50 35 0 0 -1 -1.484375 -124.515625 1 0 1
0 -6 62 35 0 0 -1 -1.578125 -124.515625 1 0 1
maps_rp_surdonoso_realworldtextures_floor_mixtile_solid_white_1424_14430_314
0 6 50 35 0 0 -1 -1.484375 -124.421875 1 0 1
0 -6 62 35 0 0 -1 -1.578125 -124.515625 1 0 1
0 6 62 35 0 0 -1 -1.578125 -124.421875 1 0 1
maps_rp_surdonoso_realworldtextures_floor_mixtile_solid_white_1424_14430_314
0 -6 50 37 0 0 1 -1.484375 -124.515625 1 0 1
0 6 50 37 0 0 1 -1.484375 -124.421875 1 0 1
0 6 62 37 0 0 1 -1.578125 -124.421875 1 0 1
maps_rp_surdonoso_realworldtextures_floor_mixtile_solid_white_1424_14430_314
0 -6 50 37 0 0 1 -1.484375 -124.515625 1 0 1
0 6 62 37 0 0 1 -1.578125 -124.421875 1 0 1
0 -6 62 37 0 0 1 -1.578125 -124.515625 1 0 1
maps_rp_surdonoso_realworldtextures_floor_mixtile_solid_white_1424_14430_314
0 6 62 35 0 1 0 -125.421875 -0.601562 1 0 1
0 -6 62 35 0 1 0 -125.515625 -0.601562 1 0 1
0 -6 62 37 0 1 0 -125.515625 -0.585938 1 0 1
maps_rp_surdonoso_realworldtextures_floor_mixtile_solid_white_1424_14430_314
0 6 62 35 0 1 0 -125.421875 -0.601562 1 0 1
0 -6 62 37 0 1 0 -125.515625 -0.585938 1 0 1
0 6 62 37 0 1 0 -125.421875 -0.585938 1 0 1
maps_rp_surdonoso_realworldtextures_floor_mixtile_solid_white_1424_14430_314
0 6 50 37 0 -1 0 -125.421875 -0.585938 1 0 1
0 -6 50 37 0 -1 0 -125.515625 -0.585938 1 0 1
0 -6 50 35 0 -1 0 -125.515625 -0.601562 1 0 1
maps_rp_surdonoso_realworldtextures_floor_mixtile_solid_white_1424_14430_314
0 6 50 37 0 -1 0 -125.421875 -0.585938 1 0 1
0 -6 50 35 0 -1 0 -125.515625 -0.601562 1 0 1
0 6 50 35 0 -1 0 -125.421875 -0.601562 1 0 1
maps_rp_surdonoso_realworldtextures_floor_mixtile_solid_white_1424_14430_314
0 6 50 35 1 0 0 -1.484375 -0.601562 1 0 1
0 6 62 35 1 0 0 -1.578125 -0.601562 1 0 1
0 6 62 37 1 0 0 -1.578125 -0.585938 1 0 1
maps_rp_surdonoso_realworldtextures_floor_mixtile_solid_white_1424_14430_314
0 6 50 35 1 0 0 -1.484375 -0.601562 1 0 1
0 6 62 37 1 0 0 -1.578125 -0.585938 1 0 1
0 6 50 37 1 0 0 -1.484375 -0.585938 1 0 1
maps_rp_surdonoso_realworldtextures_floor_mixtile_solid_white_1424_14430_314
0 -6 50 37 -1 0 0 -1.484375 -0.585938 1 0 1
0 -6 62 37 -1 0 0 -1.578125 -0.585938 1 0 1
0 -6 62 35 -1 0 0 -1.578125 -0.601562 1 0 1
maps_rp_surdonoso_realworldtextures_floor_mixtile_solid_white_1424_14430_314
0 -6 50 37 -1 0 0 -1.484375 -0.585938 1 0 1
0 -6 62 35 -1 0 0 -1.578125 -0.601562 1 0 1
0 -6 50 35 -1 0 0 -1.484375 -0.601562 1 0 1
maps_rp_surdonoso_realworldtextures_floor_mixtile_solid_white_1424_14430_314
0 6 50 16 0 0 -1 -1.484375 -124.421875 1 0 1
0 -6 50 16 0 0 -1 -1.484375 -124.515625 1 0 1
0 -6 62 16 0 0 -1 -1.578125 -124.515625 1 0 1
maps_rp_surdonoso_realworldtextures_floor_mixtile_solid_white_1424_14430_314
0 6 50 16 0 0 -1 -1.484375 -124.421875 1 0 1
0 -6 62 16 0 0 -1 -1.578125 -124.515625 1 0 1
0 6 62 16 0 0 -1 -1.578125 -124.421875 1 0 1
maps_rp_surdonoso_realworldtextures_floor_mixtile_solid_white_1424_14430_314
0 -6 50 18 0 0 1 -1.484375 -124.515625 1 0 1
0 6 50 18 0 0 1 -1.484375 -124.421875 1 0 1
0 6 62 18 0 0 1 -1.578125 -124.421875 1 0 1
maps_rp_surdonoso_realworldtextures_floor_mixtile_solid_white_1424_14430_314
0 -6 50 18 0 0 1 -1.484375 -124.515625 1 0 1
0 6 62 18 0 0 1 -1.578125 -124.421875 1 0 1
0 -6 62 18 0 0 1 -1.578125 -124.515625 1 0 1
maps_rp_surdonoso_realworldtextures_floor_mixtile_solid_white_1424_14430_314
0 6 62 16 0 1 0 -125.421875 -0.75 1 0 1
0 -6 62 16 0 1 0 -125.515625 -0.75 1 0 1
0 -6 62 18 0 1 0 -125.515625 -0.734375 1 0 1
maps_rp_surdonoso_realworldtextures_floor_mixtile_solid_white_1424_14430_314
0 6 62 16 0 1 0 -125.421875 -0.75 1 0 1
0 -6 62 18 0 1 0 -125.515625 -0.734375 1 0 1
0 6 62 18 0 1 0 -125.421875 -0.734375 1 0 1
maps_rp_surdonoso_realworldtextures_floor_mixtile_solid_white_1424_14430_314
0 6 50 18 0 -1 0 -125.421875 -0.734375 1 0 1
0 -6 50 18 0 -1 0 -125.515625 -0.734375 1 0 1
0 -6 50 16 0 -1 0 -125.515625 -0.75 1 0 1
maps_rp_surdonoso_realworldtextures_floor_mixtile_solid_white_1424_14430_314
0 6 50 18 0 -1 0 -125.421875 -0.734375 1 0 1
0 -6 50 16 0 -1 0 -125.515625 -0.75 1 0 1
0 6 50 16 0 -1 0 -125.421875 -0.75 1 0 1
maps_rp_surdonoso_realworldtextures_floor_mixtile_solid_white_1424_14430_314
0 6 50 16 1 0 0 -1.484375 -0.75 1 0 1
0 6 62 16 1 0 0 -1.578125 -0.75 1 0 1
0 6 62 18 1 0 0 -1.578125 -0.734375 1 0 1
maps_rp_surdonoso_realworldtextures_floor_mixtile_solid_white_1424_14430_314
0 6 50 16 1 0 0 -1.484375 -0.75 1 0 1
0 6 62 18 1 0 0 -1.578125 -0.734375 1 0 1
0 6 50 18 1 0 0 -1.484375 -0.734375 1 0 1
maps_rp_surdonoso_realworldtextures_floor_mixtile_solid_white_1424_14430_314
0 -6 50 18 -1 0 0 -1.484375 -0.734375 1 0 1
0 -6 62 18 -1 0 0 -1.578125 -0.734375 1 0 1
0 -6 62 16 -1 0 0 -1.578125 -0.75 1 0 1
maps_rp_surdonoso_realworldtextures_floor_mixtile_solid_white_1424_14430_314
0 -6 50 18 -1 0 0 -1.484375 -0.734375 1 0 1
0 -6 62 16 -1 0 0 -1.578125 -0.75 1 0 1
0 -6 50 16 -1 0 0 -1.484375 -0.75 1 0 1
maps_rp_surdonoso_realworldtextures_floor_mixtile_solid_white_1424_14430_314
0 -8 48 16 0 0 1 -1.46875 -124.53125 1 0 1
0 8 48 16 0 0 1 -1.46875 -124.40625 1 0 1
0 8 64 16 0 0 1 -1.59375 -124.40625 1 0 1
maps_rp_surdonoso_realworldtextures_floor_mixtile_solid_white_1424_14430_314
0 -8 48 16 0 0 1 -1.46875 -124.53125 1 0 1
0 8 64 16 0 0 1 -1.59375 -124.40625 1 0 1
0 -8 64 16 0 0 1 -1.59375 -124.53125 1 0 1
maps_rp_surdonoso_realworldtextures_floor_mixtile_solid_white_1424_14430_314
0 8 64 12 0 1 0 -125.40625 -0.78125 1 0 1
0 -8 64 12 0 1 0 -125.53125 -0.78125 1 0 1
0 -8 64 16 0 1 0 -125.53125 -0.75 1 0 1
maps_rp_surdonoso_realworldtextures_floor_mixtile_solid_white_1424_14430_314
0 8 64 12 0 1 0 -125.40625 -0.78125 1 0 1
0 -8 64 16 0 1 0 -125.53125 -0.75 1 0 1
0 8 64 16 0 1 0 -125.40625 -0.75 1 0 1
maps_rp_surdonoso_realworldtextures_floor_mixtile_solid_white_1424_14430_314
0 8 48 16 0 -1 0 -125.40625 -0.75 1 0 1
0 -8 48 16 0 -1 0 -125.53125 -0.75 1 0 1
0 -8 48 12 0 -1 0 -125.53125 -0.78125 1 0 1
maps_rp_surdonoso_realworldtextures_floor_mixtile_solid_white_1424_14430_314
0 8 48 16 0 -1 0 -125.40625 -0.75 1 0 1
0 -8 48 12 0 -1 0 -125.53125 -0.78125 1 0 1
0 8 48 12 0 -1 0 -125.40625 -0.78125 1 0 1
maps_rp_surdonoso_realworldtextures_floor_mixtile_solid_white_1424_14430_314
0 8 48 12 1 0 0 -1.46875 -0.78125 1 0 1
0 8 64 12 1 0 0 -1.59375 -0.78125 1 0 1
0 8 64 16 1 0 0 -1.59375 -0.75 1 0 1
maps_rp_surdonoso_realworldtextures_floor_mixtile_solid_white_1424_14430_314
0 8 48 12 1 0 0 -1.46875 -0.78125 1 0 1
0 8 64 16 1 0 0 -1.59375 -0.75 1 0 1
0 8 48 16 1 0 0 -1.46875 -0.75 1 0 1
maps_rp_surdonoso_realworldtextures_floor_mixtile_solid_white_1424_14430_314
0 -8 48 16 -1 0 0 -1.46875 -0.75 1 0 1
0 -8 64 16 -1 0 0 -1.59375 -0.75 1 0 1
0 -8 64 12 -1 0 0 -1.59375 -0.78125 1 0 1
maps_rp_surdonoso_realworldtextures_floor_mixtile_solid_white_1424_14430_314
0 -8 48 16 -1 0 0 -1.46875 -0.75 1 0 1
0 -8 64 12 -1 0 0 -1.59375 -0.78125 1 0 1
0 -8 48 12 -1 0 0 -1.46875 -0.78125 1 0 1
maps_rp_surdonoso_realworldtextures_floor_mixtile_solid_white_1424_14430_314
0 8 64 37 0 0 -1 -1.59375 -124.40625 1 0 1
0 -8 64 37 0 0 -1 -1.59375 -124.53125 1 0 1
0 -8 80 37 0 0 -1 -1.71875 -124.53125 1 0 1
maps_rp_surdonoso_realworldtextures_floor_mixtile_solid_white_1424_14430_314
0 8 64 37 0 0 -1 -1.59375 -124.40625 1 0 1
0 -8 80 37 0 0 -1 -1.71875 -124.53125 1 0 1
0 8 80 37 0 0 -1 -1.71875 -124.40625 1 0 1
maps_rp_surdonoso_realworldtextures_floor_mixtile_solid_white_1424_14430_314
0 -8 64 41 0 0 1 -1.59375 -124.53125 1 0 1
0 8 64 41 0 0 1 -1.59375 -124.40625 1 0 1
0 8 80 41 0 0 1 -1.71875 -124.40625 1 0 1
maps_rp_surdonoso_realworldtextures_floor_mixtile_solid_white_1424_14430_314
0 -8 64 41 0 0 1 -1.59375 -124.53125 1 0 1
0 8 80 41 0 0 1 -1.71875 -124.40625 1 0 1
0 -8 80 41 0 0 1 -1.71875 -124.53125 1 0 1
maps_rp_surdonoso_realworldtextures_floor_mixtile_solid_white_1424_14430_314
0 8 80 37 0 1 0 -125.40625 -0.585938 1 0 1
0 -8 80 37 0 1 0 -125.53125 -0.585938 1 0 1
0 -8 80 41 0 1 0 -125.53125 -0.554688 1 0 1
maps_rp_surdonoso_realworldtextures_floor_mixtile_solid_white_1424_14430_314
0 8 80 37 0 1 0 -125.40625 -0.585938 1 0 1
0 -8 80 41 0 1 0 -125.53125 -0.554688 1 0 1
0 8 80 41 0 1 0 -125.40625 -0.554688 1 0 1
maps_rp_surdonoso_realworldtextures_floor_mixtile_solid_white_1424_14430_314
0 8 64 41 0 -1 0 -125.40625 -0.554688 1 0 1
0 -8 64 41 0 -1 0 -125.53125 -0.554688 1 0 1
0 -8 64 37 0 -1 0 -125.53125 -0.585938 1 0 1
maps_rp_surdonoso_realworldtextures_floor_mixtile_solid_white_1424_14430_314
0 8 64 41 0 -1 0 -125.40625 -0.554688 1 0 1
0 -8 64 37 0 -1 0 -125.53125 -0.585938 1 0 1
0 8 64 37 0 -1 0 -125.40625 -0.585938 1 0 1
maps_rp_surdonoso_realworldtextures_floor_mixtile_solid_white_1424_14430_314
0 8 64 37 1 0 0 -1.59375 -0.585938 1 0 1
0 8 80 37 1 0 0 -1.71875 -0.585938 1 0 1
0 8 80 41 1 0 0 -1.71875 -0.554688 1 0 1
maps_rp_surdonoso_realworldtextures_floor_mixtile_solid_white_1424_14430_314
0 8 64 37 1 0 0 -1.59375 -0.585938 1 0 1
0 8 80 41 1 0 0 -1.71875 -0.554688 1 0 1
0 8 64 41 1 0 0 -1.59375 -0.554688 1 0 1
maps_rp_surdonoso_realworldtextures_floor_mixtile_solid_white_1424_14430_314
0 -8 64 41 -1 0 0 -1.59375 -0.554688 1 0 1
0 -8 80 41 -1 0 0 -1.71875 -0.554688 1 0 1
0 -8 80 37 -1 0 0 -1.71875 -0.585938 1 0 1
maps_rp_surdonoso_realworldtextures_floor_mixtile_solid_white_1424_14430_314
0 -8 64 41 -1 0 0 -1.59375 -0.554688 1 0 1
0 -8 80 37 -1 0 0 -1.71875 -0.585938 1 0 1
0 -8 64 37 -1 0 0 -1.59375 -0.585938 1 0 1
maps_rp_surdonoso_realworldtextures_floor_mixtile_solid_white_1424_14430_314
0 6 66 16 0 0 -1 -1.609375 -124.421875 1 0 1
0 -6 66 16 0 0 -1 -1.609375 -124.515625 1 0 1
0 -6 78 16 0 0 -1 -1.703125 -124.515625 1 0 1
maps_rp_surdonoso_realworldtextures_floor_mixtile_solid_white_1424_14430_314
0 6 66 16 0 0 -1 -1.609375 -124.421875 1 0 1
0 -6 78 16 0 0 -1 -1.703125 -124.515625 1 0 1
0 6 78 16 0 0 -1 -1.703125 -124.421875 1 0 1
maps_rp_surdonoso_realworldtextures_floor_mixtile_solid_white_1424_14430_314
0 -6 66 18 0 0 1 -1.609375 -124.515625 1 0 1
0 6 66 18 0 0 1 -1.609375 -124.421875 1 0 1
0 6 78 18 0 0 1 -1.703125 -124.421875 1 0 1
maps_rp_surdonoso_realworldtextures_floor_mixtile_solid_white_1424_14430_314
0 -6 66 18 0 0 1 -1.609375 -124.515625 1 0 1
0 6 78 18 0 0 1 -1.703125 -124.421875 1 0 1
0 -6 78 18 0 0 1 -1.703125 -124.515625 1 0 1
maps_rp_surdonoso_realworldtextures_floor_mixtile_solid_white_1424_14430_314
0 6 78 16 0 1 0 -125.421875 -0.75 1 0 1
0 -6 78 16 0 1 0 -125.515625 -0.75 1 0 1
0 -6 78 18 0 1 0 -125.515625 -0.734375 1 0 1
maps_rp_surdonoso_realworldtextures_floor_mixtile_solid_white_1424_14430_314
0 6 78 16 0 1 0 -125.421875 -0.75 1 0 1
0 -6 78 18 0 1 0 -125.515625 -0.734375 1 0 1
0 6 78 18 0 1 0 -125.421875 -0.734375 1 0 1
maps_rp_surdonoso_realworldtextures_floor_mixtile_solid_white_1424_14430_314
0 6 66 18 0 -1 0 -125.421875 -0.734375 1 0 1
0 -6 66 18 0 -1 0 -125.515625 -0.734375 1 0 1
0 -6 66 16 0 -1 0 -125.515625 -0.75 1 0 1
maps_rp_surdonoso_realworldtextures_floor_mixtile_solid_white_1424_14430_314
0 6 66 18 0 -1 0 -125.421875 -0.734375 1 0 1
0 -6 66 16 0 -1 0 -125.515625 -0.75 1 0 1
0 6 66 16 0 -1 0 -125.421875 -0.75 1 0 1
maps_rp_surdonoso_realworldtextures_floor_mixtile_solid_white_1424_14430_314
0 6 66 16 1 0 0 -1.609375 -0.75 1 0 1
0 6 78 16 1 0 0 -1.703125 -0.75 1 0 1
0 6 78 18 1 0 0 -1.703125 -0.734375 1 0 1
maps_rp_surdonoso_realworldtextures_floor_mixtile_solid_white_1424_14430_314
0 6 66 16 1 0 0 -1.609375 -0.75 1 0 1
0 6 78 18 1 0 0 -1.703125 -0.734375 1 0 1
0 6 66 18 1 0 0 -1.609375 -0.734375 1 0 1
maps_rp_surdonoso_realworldtextures_floor_mixtile_solid_white_1424_14430_314
0 -6 66 18 -1 0 0 -1.609375 -0.734375 1 0 1
0 -6 78 18 -1 0 0 -1.703125 -0.734375 1 0 1
0 -6 78 16 -1 0 0 -1.703125 -0.75 1 0 1
maps_rp_surdonoso_realworldtextures_floor_mixtile_solid_white_1424_14430_314
0 -6 66 18 -1 0 0 -1.609375 -0.734375 1 0 1
0 -6 78 16 -1 0 0 -1.703125 -0.75 1 0 1
0 -6 66 16 -1 0 0 -1.609375 -0.75 1 0 1
maps_rp_surdonoso_realworldtextures_floor_mixtile_solid_white_1424_14430_314
0 -8 64 16 0 0 1 -1.59375 -124.53125 1 0 1
0 8 64 16 0 0 1 -1.59375 -124.40625 1 0 1
0 8 80 16 0 0 1 -1.71875 -124.40625 1 0 1
maps_rp_surdonoso_realworldtextures_floor_mixtile_solid_white_1424_14430_314
0 -8 64 16 0 0 1 -1.59375 -124.53125 1 0 1
0 8 80 16 0 0 1 -1.71875 -124.40625 1 0 1
0 -8 80 16 0 0 1 -1.71875 -124.53125 1 0 1
maps_rp_surdonoso_realworldtextures_floor_mixtile_solid_white_1424_14430_314
0 8 80 12 0 1 0 -125.40625 -0.78125 1 0 1
0 -8 80 12 0 1 0 -125.53125 -0.78125 1 0 1
0 -8 80 16 0 1 0 -125.53125 -0.75 1 0 1
maps_rp_surdonoso_realworldtextures_floor_mixtile_solid_white_1424_14430_314
0 8 80 12 0 1 0 -125.40625 -0.78125 1 0 1
0 -8 80 16 0 1 0 -125.53125 -0.75 1 0 1
0 8 80 16 0 1 0 -125.40625 -0.75 1 0 1
maps_rp_surdonoso_realworldtextures_floor_mixtile_solid_white_1424_14430_314
0 8 64 16 0 -1 0 -125.40625 -0.75 1 0 1
0 -8 64 16 0 -1 0 -125.53125 -0.75 1 0 1
0 -8 64 12 0 -1 0 -125.53125 -0.78125 1 0 1
maps_rp_surdonoso_realworldtextures_floor_mixtile_solid_white_1424_14430_314
0 8 64 16 0 -1 0 -125.40625 -0.75 1 0 1
0 -8 64 12 0 -1 0 -125.53125 -0.78125 1 0 1
0 8 64 12 0 -1 0 -125.40625 -0.78125 1 0 1
maps_rp_surdonoso_realworldtextures_floor_mixtile_solid_white_1424_14430_314
0 8 64 12 1 0 0 -1.59375 -0.78125 1 0 1
0 8 80 12 1 0 0 -1.71875 -0.78125 1 0 1
0 8 80 16 1 0 0 -1.71875 -0.75 1 0 1
maps_rp_surdonoso_realworldtextures_floor_mixtile_solid_white_1424_14430_314
0 8 64 12 1 0 0 -1.59375 -0.78125 1 0 1
0 8 80 16 1 0 0 -1.71875 -0.75 1 0 1
0 8 64 16 1 0 0 -1.59375 -0.75 1 0 1
maps_rp_surdonoso_realworldtextures_floor_mixtile_solid_white_1424_14430_314
0 -8 64 16 -1 0 0 -1.59375 -0.75 1 0 1
0 -8 80 16 -1 0 0 -1.71875 -0.75 1 0 1
0 -8 80 12 -1 0 0 -1.71875 -0.78125 1 0 1
maps_rp_surdonoso_realworldtextures_floor_mixtile_solid_white_1424_14430_314
0 -8 64 16 -1 0 0 -1.59375 -0.75 1 0 1
0 -8 80 12 -1 0 0 -1.71875 -0.78125 1 0 1
0 -8 64 12 -1 0 0 -1.59375 -0.78125 1 0 1
maps_rp_surdonoso_realworldtextures_floor_mixtile_solid_white_1424_14430_314
0 -4 68 35 0 0 1 -1.625 -124.5 1 0 1
0 4 68 35 0 0 1 -1.625 -124.4375 1 0 1
0 4 76 35 0 0 1 -1.6875 -124.4375 1 0 1
maps_rp_surdonoso_realworldtextures_floor_mixtile_solid_white_1424_14430_314
0 -4 68 35 0 0 1 -1.625 -124.5 1 0 1
0 4 76 35 0 0 1 -1.6875 -124.4375 1 0 1
0 -4 76 35 0 0 1 -1.6875 -124.5 1 0 1
maps_rp_surdonoso_realworldtextures_floor_mixtile_solid_white_1424_14430_314
0 4 68 18 0 0 -1 -1.625 -124.4375 1 0 1
0 -4 68 18 0 0 -1 -1.625 -124.5 1 0 1
0 -4 76 18 0 0 -1 -1.6875 -124.5 1 0 1
maps_rp_surdonoso_realworldtextures_floor_mixtile_solid_white_1424_14430_314
0 4 68 18 0 0 -1 -1.625 -124.4375 1 0 1
0 -4 76 18 0 0 -1 -1.6875 -124.5 1 0 1
0 4 76 18 0 0 -1 -1.6875 -124.4375 1 0 1
maps_rp_surdonoso_realworldtextures_floor_mixtile_solid_white_1424_14430_314
0 4 76 18 0 1 0 -125.4375 -0.734375 1 0 1
0 -4 76 18 0 1 0 -125.5 -0.734375 1 0 1
0 -4 76 35 0 1 0 -125.5 -0.601562 1 0 1
maps_rp_surdonoso_realworldtextures_floor_mixtile_solid_white_1424_14430_314
0 4 76 18 0 1 0 -125.4375 -0.734375 1 0 1
0 -4 76 35 0 1 0 -125.5 -0.601562 1 0 1
0 4 76 35 0 1 0 -125.4375 -0.601562 1 0 1
maps_rp_surdonoso_realworldtextures_floor_mixtile_solid_white_1424_14430_314
0 4 68 35 0 -1 0 -125.4375 -0.601562 1 0 1
0 -4 68 35 0 -1 0 -125.5 -0.601562 1 0 1
0 -4 68 18 0 -1 0 -125.5 -0.734375 1 0 1
maps_rp_surdonoso_realworldtextures_floor_mixtile_solid_white_1424_14430_314
0 4 68 35 0 -1 0 -125.4375 -0.601562 1 0 1
0 -4 68 18 0 -1 0 -125.5 -0.734375 1 0 1
0 4 68 18 0 -1 0 -125.4375 -0.734375 1 0 1
maps_rp_surdonoso_realworldtextures_floor_mixtile_solid_white_1424_14430_314
0 4 68 18 1 0 0 -1.625 -0.734375 1 0 1
0 4 76 18 1 0 0 -1.6875 -0.734375 1 0 1
0 4 76 35 1 0 0 -1.6875 -0.601562 1 0 1
maps_rp_surdonoso_realworldtextures_floor_mixtile_solid_white_1424_14430_314
0 4 68 18 1 0 0 -1.625 -0.734375 1 0 1
0 4 76 35 1 0 0 -1.6875 -0.601562 1 0 1
0 4 68 35 1 0 0 -1.625 -0.601562 1 0 1
maps_rp_surdonoso_realworldtextures_floor_mixtile_solid_white_1424_14430_314
0 -4 68 35 -1 0 0 -1.625 -0.601562 1 0 1
0 -4 76 35 -1 0 0 -1.6875 -0.601562 1 0 1
0 -4 76 18 -1 0 0 -1.6875 -0.734375 1 0 1
maps_rp_surdonoso_realworldtextures_floor_mixtile_solid_white_1424_14430_314
0 -4 68 35 -1 0 0 -1.625 -0.601562 1 0 1
0 -4 76 18 -1 0 0 -1.6875 -0.734375 1 0 1
0 -4 68 18 -1 0 0 -1.625 -0.734375 1 0 1
maps_rp_surdonoso_realworldtextures_floor_mixtile_solid_white_1424_14430_314
0 6 66 35 0 0 -1 -1.609375 -124.421875 1 0 1
0 -6 66 35 0 0 -1 -1.609375 -124.515625 1 0 1
0 -6 78 35 0 0 -1 -1.703125 -124.515625 1 0 1
maps_rp_surdonoso_realworldtextures_floor_mixtile_solid_white_1424_14430_314
0 6 66 35 0 0 -1 -1.609375 -124.421875 1 0 1
0 -6 78 35 0 0 -1 -1.703125 -124.515625 1 0 1
0 6 78 35 0 0 -1 -1.703125 -124.421875 1 0 1
maps_rp_surdonoso_realworldtextures_floor_mixtile_solid_white_1424_14430_314
0 -6 66 37 0 0 1 -1.609375 -124.515625 1 0 1
0 6 66 37 0 0 1 -1.609375 -124.421875 1 0 1
0 6 78 37 0 0 1 -1.703125 -124.421875 1 0 1
maps_rp_surdonoso_realworldtextures_floor_mixtile_solid_white_1424_14430_314
0 -6 66 37 0 0 1 -1.609375 -124.515625 1 0 1
0 6 78 37 0 0 1 -1.703125 -124.421875 1 0 1
0 -6 78 37 0 0 1 -1.703125 -124.515625 1 0 1
maps_rp_surdonoso_realworldtextures_floor_mixtile_solid_white_1424_14430_314
0 6 78 35 0 1 0 -125.421875 -0.601562 1 0 1
0 -6 78 35 0 1 0 -125.515625 -0.601562 1 0 1
0 -6 78 37 0 1 0 -125.515625 -0.585938 1 0 1
maps_rp_surdonoso_realworldtextures_floor_mixtile_solid_white_1424_14430_314
0 6 78 35 0 1 0 -125.421875 -0.601562 1 0 1
0 -6 78 37 0 1 0 -125.515625 -0.585938 1 0 1
0 6 78 37 0 1 0 -125.421875 -0.585938 1 0 1
maps_rp_surdonoso_realworldtextures_floor_mixtile_solid_white_1424_14430_314
0 6 66 37 0 -1 0 -125.421875 -0.585938 1 0 1
0 -6 66 37 0 -1 0 -125.515625 -0.585938 1 0 1
0 -6 66 35 0 -1 0 -125.515625 -0.601562 1 0 1
maps_rp_surdonoso_realworldtextures_floor_mixtile_solid_white_1424_14430_314
0 6 66 37 0 -1 0 -125.421875 -0.585938 1 0 1
0 -6 66 35 0 -1 0 -125.515625 -0.601562 1 0 1
0 6 66 35 0 -1 0 -125.421875 -0.601562 1 0 1
maps_rp_surdonoso_realworldtextures_floor_mixtile_solid_white_1424_14430_314
0 6 66 35 1 0 0 -1.609375 -0.601562 1 0 1
0 6 78 35 1 0 0 -1.703125 -0.601562 1 0 1
0 6 78 37 1 0 0 -1.703125 -0.585938 1 0 1
maps_rp_surdonoso_realworldtextures_floor_mixtile_solid_white_1424_14430_314
0 6 66 35 1 0 0 -1.609375 -0.601562 1 0 1
0 6 78 37 1 0 0 -1.703125 -0.585938 1 0 1
0 6 66 37 1 0 0 -1.609375 -0.585938 1 0 1
maps_rp_surdonoso_realworldtextures_floor_mixtile_solid_white_1424_14430_314
0 -6 66 37 -1 0 0 -1.609375 -0.585938 1 0 1
0 -6 78 37 -1 0 0 -1.703125 -0.585938 1 0 1
0 -6 78 35 -1 0 0 -1.703125 -0.601562 1 0 1
maps_rp_surdonoso_realworldtextures_floor_mixtile_solid_white_1424_14430_314
0 -6 66 37 -1 0 0 -1.609375 -0.585938 1 0 1
0 -6 78 35 -1 0 0 -1.703125 -0.601562 1 0 1
0 -6 66 35 -1 0 0 -1.609375 -0.601562 1 0 1
maps_rp_surdonoso_realworldtextures_floor_mixtile_solid_white_1424_14430_314
0 8 80 37 0 0 -1 -1.71875 -124.40625 1 0 1
0 -8 80 37 0 0 -1 -1.71875 -124.53125 1 0 1
0 -8 96 37 0 0 -1 -1.84375 -124.53125 1 0 1
maps_rp_surdonoso_realworldtextures_floor_mixtile_solid_white_1424_14430_314
0 8 80 37 0 0 -1 -1.71875 -124.40625 1 0 1
0 -8 96 37 0 0 -1 -1.84375 -124.53125 1 0 1
0 8 96 37 0 0 -1 -1.84375 -124.40625 1 0 1
maps_rp_surdonoso_realworldtextures_floor_mixtile_solid_white_1424_14430_314
0 -8 80 41 0 0 1 -1.71875 -124.53125 1 0 1
0 8 80 41 0 0 1 -1.71875 -124.40625 1 0 1
0 8 96 41 0 0 1 -1.84375 -124.40625 1 0 1
maps_rp_surdonoso_realworldtextures_floor_mixtile_solid_white_1424_14430_314
0 -8 80 41 0 0 1 -1.71875 -124.53125 1 0 1
0 8 96 41 0 0 1 -1.84375 -124.40625 1 0 1
0 -8 96 41 0 0 1 -1.84375 -124.53125 1 0 1
maps_rp_surdonoso_realworldtextures_floor_mixtile_solid_white_1424_14430_314
0 8 96 37 0 1 0 -125.40625 -0.585938 1 0 1
0 -8 96 37 0 1 0 -125.53125 -0.585938 1 0 1
0 -8 96 41 0 1 0 -125.53125 -0.554688 1 0 1
maps_rp_surdonoso_realworldtextures_floor_mixtile_solid_white_1424_14430_314
0 8 96 37 0 1 0 -125.40625 -0.585938 1 0 1
0 -8 96 41 0 1 0 -125.53125 -0.554688 1 0 1
0 8 96 41 0 1 0 -125.40625 -0.554688 1 0 1
maps_rp_surdonoso_realworldtextures_floor_mixtile_solid_white_1424_14430_314
0 8 80 41 0 -1 0 -125.40625 -0.554688 1 0 1
0 -8 80 41 0 -1 0 -125.53125 -0.554688 1 0 1
0 -8 80 37 0 -1 0 -125.53125 -0.585938 1 0 1
maps_rp_surdonoso_realworldtextures_floor_mixtile_solid_white_1424_14430_314
0 8 80 41 0 -1 0 -125.40625 -0.554688 1 0 1
0 -8 80 37 0 -1 0 -125.53125 -0.585938 1 0 1
0 8 80 37 0 -1 0 -125.40625 -0.585938 1 0 1
maps_rp_surdonoso_realworldtextures_floor_mixtile_solid_white_1424_14430_314
0 8 80 37 1 0 0 -1.71875 -0.585938 1 0 1
0 8 96 37 1 0 0 -1.84375 -0.585938 1 0 1
0 8 96 41 1 0 0 -1.84375 -0.554688 1 0 1
maps_rp_surdonoso_realworldtextures_floor_mixtile_solid_white_1424_14430_314
0 8 80 37 1 0 0 -1.71875 -0.585938 1 0 1
0 8 96 41 1 0 0 -1.84375 -0.554688 1 0 1
0 8 80 41 1 0 0 -1.71875 -0.554688 1 0 1
maps_rp_surdonoso_realworldtextures_floor_mixtile_solid_white_1424_14430_314
0 -8 80 41 -1 0 0 -1.71875 -0.554688 1 0 1
0 -8 96 41 -1 0 0 -1.84375 -0.554688 1 0 1
0 -8 96 37 -1 0 0 -1.84375 -0.585938 1 0 1
maps_rp_surdonoso_realworldtextures_floor_mixtile_solid_white_1424_14430_314
0 -8 80 41 -1 0 0 -1.71875 -0.554688 1 0 1
0 -8 96 37 -1 0 0 -1.84375 -0.585938 1 0 1
0 -8 80 37 -1 0 0 -1.71875 -0.585938 1 0 1
maps_rp_surdonoso_realworldtextures_floor_mixtile_solid_white_1424_14430_314
0 -4 84 35 0 0 1 -1.75 -124.5 1 0 1
0 4 84 35 0 0 1 -1.75 -124.4375 1 0 1
0 4 92 35 0 0 1 -1.8125 -124.4375 1 0 1
maps_rp_surdonoso_realworldtextures_floor_mixtile_solid_white_1424_14430_314
0 -4 84 35 0 0 1 -1.75 -124.5 1 0 1
0 4 92 35 0 0 1 -1.8125 -124.4375 1 0 1
0 -4 92 35 0 0 1 -1.8125 -124.5 1 0 1
maps_rp_surdonoso_realworldtextures_floor_mixtile_solid_white_1424_14430_314
0 4 84 18 0 0 -1 -1.75 -124.4375 1 0 1
0 -4 84 18 0 0 -1 -1.75 -124.5 1 0 1
0 -4 92 18 0 0 -1 -1.8125 -124.5 1 0 1
maps_rp_surdonoso_realworldtextures_floor_mixtile_solid_white_1424_14430_314
0 4 84 18 0 0 -1 -1.75 -124.4375 1 0 1
0 -4 92 18 0 0 -1 -1.8125 -124.5 1 0 1
0 4 92 18 0 0 -1 -1.8125 -124.4375 1 0 1
maps_rp_surdonoso_realworldtextures_floor_mixtile_solid_white_1424_14430_314
0 4 92 18 0 1 0 -125.4375 -0.734375 1 0 1
0 -4 92 18 0 1 0 -125.5 -0.734375 1 0 1
0 -4 92 35 0 1 0 -125.5 -0.601562 1 0 1
maps_rp_surdonoso_realworldtextures_floor_mixtile_solid_white_1424_14430_314
0 4 92 18 0 1 0 -125.4375 -0.734375 1 0 1
0 -4 92 35 0 1 0 -125.5 -0.601562 1 0 1
0 4 92 35 0 1 0 -125.4375 -0.601562 1 0 1
maps_rp_surdonoso_realworldtextures_floor_mixtile_solid_white_1424_14430_314
0 4 84 35 0 -1 0 -125.4375 -0.601562 1 0 1
0 -4 84 35 0 -1 0 -125.5 -0.601562 1 0 1
0 -4 84 18 0 -1 0 -125.5 -0.734375 1 0 1
maps_rp_surdonoso_realworldtextures_floor_mixtile_solid_white_1424_14430_314
0 4 84 35 0 -1 0 -125.4375 -0.601562 1 0 1
0 -4 84 18 0 -1 0 -125.5 -0.734375 1 0 1
0 4 84 18 0 -1 0 -125.4375 -0.734375 1 0 1
maps_rp_surdonoso_realworldtextures_floor_mixtile_solid_white_1424_14430_314
0 4 84 18 1 0 0 -1.75 -0.734375 1 0 1
0 4 92 18 1 0 0 -1.8125 -0.734375 1 0 1
0 4 92 35 1 0 0 -1.8125 -0.601562 1 0 1
maps_rp_surdonoso_realworldtextures_floor_mixtile_solid_white_1424_14430_314
0 4 84 18 1 0 0 -1.75 -0.734375 1 0 1
0 4 92 35 1 0 0 -1.8125 -0.601562 1 0 1
0 4 84 35 1 0 0 -1.75 -0.601562 1 0 1
maps_rp_surdonoso_realworldtextures_floor_mixtile_solid_white_1424_14430_314
0 -4 84 35 -1 0 0 -1.75 -0.601562 1 0 1
0 -4 92 35 -1 0 0 -1.8125 -0.601562 1 0 1
0 -4 92 18 -1 0 0 -1.8125 -0.734375 1 0 1
maps_rp_surdonoso_realworldtextures_floor_mixtile_solid_white_1424_14430_314
0 -4 84 35 -1 0 0 -1.75 -0.601562 1 0 1
0 -4 92 18 -1 0 0 -1.8125 -0.734375 1 0 1
0 -4 84 18 -1 0 0 -1.75 -0.734375 1 0 1
maps_rp_surdonoso_realworldtextures_floor_mixtile_solid_white_1424_14430_314
0 6 82 35 0 0 -1 -1.734375 -124.421875 1 0 1
0 -6 82 35 0 0 -1 -1.734375 -124.515625 1 0 1
0 -6 94 35 0 0 -1 -1.828125 -124.515625 1 0 1
maps_rp_surdonoso_realworldtextures_floor_mixtile_solid_white_1424_14430_314
0 6 82 35 0 0 -1 -1.734375 -124.421875 1 0 1
0 -6 94 35 0 0 -1 -1.828125 -124.515625 1 0 1
0 6 94 35 0 0 -1 -1.828125 -124.421875 1 0 1
maps_rp_surdonoso_realworldtextures_floor_mixtile_solid_white_1424_14430_314
0 -6 82 37 0 0 1 -1.734375 -124.515625 1 0 1
0 6 82 37 0 0 1 -1.734375 -124.421875 1 0 1
0 6 94 37 0 0 1 -1.828125 -124.421875 1 0 1
maps_rp_surdonoso_realworldtextures_floor_mixtile_solid_white_1424_14430_314
0 -6 82 37 0 0 1 -1.734375 -124.515625 1 0 1
0 6 94 37 0 0 1 -1.828125 -124.421875 1 0 1
0 -6 94 37 0 0 1 -1.828125 -124.515625 1 0 1
maps_rp_surdonoso_realworldtextures_floor_mixtile_solid_white_1424_14430_314
0 6 94 35 0 1 0 -125.421875 -0.601562 1 0 1
0 -6 94 35 0 1 0 -125.515625 -0.601562 1 0 1
0 -6 94 37 0 1 0 -125.515625 -0.585938 1 0 1
maps_rp_surdonoso_realworldtextures_floor_mixtile_solid_white_1424_14430_314
0 6 94 35 0 1 0 -125.421875 -0.601562 1 0 1
0 -6 94 37 0 1 0 -125.515625 -0.585938 1 0 1
0 6 94 37 0 1 0 -125.421875 -0.585938 1 0 1
maps_rp_surdonoso_realworldtextures_floor_mixtile_solid_white_1424_14430_314
0 6 82 37 0 -1 0 -125.421875 -0.585938 1 0 1
0 -6 82 37 0 -1 0 -125.515625 -0.585938 1 0 1
0 -6 82 35 0 -1 0 -125.515625 -0.601562 1 0 1
maps_rp_surdonoso_realworldtextures_floor_mixtile_solid_white_1424_14430_314
0 6 82 37 0 -1 0 -125.421875 -0.585938 1 0 1
0 -6 82 35 0 -1 0 -125.515625 -0.601562 1 0 1
0 6 82 35 0 -1 0 -125.421875 -0.601562 1 0 1
maps_rp_surdonoso_realworldtextures_floor_mixtile_solid_white_1424_14430_314
0 6 82 35 1 0 0 -1.734375 -0.601562 1 0 1
0 6 94 35 1 0 0 -1.828125 -0.601562 1 0 1
0 6 94 37 1 0 0 -1.828125 -0.585938 1 0 1
maps_rp_surdonoso_realworldtextures_floor_mixtile_solid_white_1424_14430_314
0 6 82 35 1 0 0 -1.734375 -0.601562 1 0 1
0 6 94 37 1 0 0 -1.828125 -0.585938 1 0 1
0 6 82 37 1 0 0 -1.734375 -0.585938 1 0 1
maps_rp_surdonoso_realworldtextures_floor_mixtile_solid_white_1424_14430_314
0 -6 82 37 -1 0 0 -1.734375 -0.585938 1 0 1
0 -6 94 37 -1 0 0 -1.828125 -0.585938 1 0 1
0 -6 94 35 -1 0 0 -1.828125 -0.601562 1 0 1
maps_rp_surdonoso_realworldtextures_floor_mixtile_solid_white_1424_14430_314
0 -6 82 37 -1 0 0 -1.734375 -0.585938 1 0 1
0 -6 94 35 -1 0 0 -1.828125 -0.601562 1 0 1
0 -6 82 35 -1 0 0 -1.734375 -0.601562 1 0 1
maps_rp_surdonoso_realworldtextures_floor_mixtile_solid_white_1424_14430_314
0 6 82 16 0 0 -1 -1.734375 -124.421875 1 0 1
0 -6 82 16 0 0 -1 -1.734375 -124.515625 1 0 1
0 -6 94 16 0 0 -1 -1.828125 -124.515625 1 0 1
maps_rp_surdonoso_realworldtextures_floor_mixtile_solid_white_1424_14430_314
0 6 82 16 0 0 -1 -1.734375 -124.421875 1 0 1
0 -6 94 16 0 0 -1 -1.828125 -124.515625 1 0 1
0 6 94 16 0 0 -1 -1.828125 -124.421875 1 0 1
maps_rp_surdonoso_realworldtextures_floor_mixtile_solid_white_1424_14430_314
0 -6 82 18 0 0 1 -1.734375 -124.515625 1 0 1
0 6 82 18 0 0 1 -1.734375 -124.421875 1 0 1
0 6 94 18 0 0 1 -1.828125 -124.421875 1 0 1
maps_rp_surdonoso_realworldtextures_floor_mixtile_solid_white_1424_14430_314
0 -6 82 18 0 0 1 -1.734375 -124.515625 1 0 1
0 6 94 18 0 0 1 -1.828125 -124.421875 1 0 1
0 -6 94 18 0 0 1 -1.828125 -124.515625 1 0 1
maps_rp_surdonoso_realworldtextures_floor_mixtile_solid_white_1424_14430_314
0 6 94 16 0 1 0 -125.421875 -0.75 1 0 1
0 -6 94 16 0 1 0 -125.515625 -0.75 1 0 1
0 -6 94 18 0 1 0 -125.515625 -0.734375 1 0 1
maps_rp_surdonoso_realworldtextures_floor_mixtile_solid_white_1424_14430_314
0 6 94 16 0 1 0 -125.421875 -0.75 1 0 1
0 -6 94 18 0 1 0 -125.515625 -0.734375 1 0 1
0 6 94 18 0 1 0 -125.421875 -0.734375 1 0 1
maps_rp_surdonoso_realworldtextures_floor_mixtile_solid_white_1424_14430_314
0 6 82 18 0 -1 0 -125.421875 -0.734375 1 0 1
0 -6 82 18 0 -1 0 -125.515625 -0.734375 1 0 1
0 -6 82 16 0 -1 0 -125.515625 -0.75 1 0 1
maps_rp_surdonoso_realworldtextures_floor_mixtile_solid_white_1424_14430_314
0 6 82 18 0 -1 0 -125.421875 -0.734375 1 0 1
0 -6 82 16 0 -1 0 -125.515625 -0.75 1 0 1
0 6 82 16 0 -1 0 -125.421875 -0.75 1 0 1
maps_rp_surdonoso_realworldtextures_floor_mixtile_solid_white_1424_14430_314
0 6 82 16 1 0 0 -1.734375 -0.75 1 0 1
0 6 94 16 1 0 0 -1.828125 -0.75 1 0 1
0 6 94 18 1 0 0 -1.828125 -0.734375 1 0 1
maps_rp_surdonoso_realworldtextures_floor_mixtile_solid_white_1424_14430_314
0 6 82 16 1 0 0 -1.734375 -0.75 1 0 1
0 6 94 18 1 0 0 -1.828125 -0.734375 1 0 1
0 6 82 18 1 0 0 -1.734375 -0.734375 1 0 1
maps_rp_surdonoso_realworldtextures_floor_mixtile_solid_white_1424_14430_314
0 -6 82 18 -1 0 0 -1.734375 -0.734375 1 0 1
0 -6 94 18 -1 0 0 -1.828125 -0.734375 1 0 1
0 -6 94 16 -1 0 0 -1.828125 -0.75 1 0 1
maps_rp_surdonoso_realworldtextures_floor_mixtile_solid_white_1424_14430_314
0 -6 82 18 -1 0 0 -1.734375 -0.734375 1 0 1
0 -6 94 16 -1 0 0 -1.828125 -0.75 1 0 1
0 -6 82 16 -1 0 0 -1.734375 -0.75 1 0 1
maps_rp_surdonoso_realworldtextures_floor_mixtile_solid_white_1424_14430_314
0 -8 80 16 0 0 1 -1.71875 -124.53125 1 0 1
0 8 80 16 0 0 1 -1.71875 -124.40625 1 0 1
0 8 96 16 0 0 1 -1.84375 -124.40625 1 0 1
maps_rp_surdonoso_realworldtextures_floor_mixtile_solid_white_1424_14430_314
0 -8 80 16 0 0 1 -1.71875 -124.53125 1 0 1
0 8 96 16 0 0 1 -1.84375 -124.40625 1 0 1
0 -8 96 16 0 0 1 -1.84375 -124.53125 1 0 1
maps_rp_surdonoso_realworldtextures_floor_mixtile_solid_white_1424_14430_314
0 8 96 12 0 1 0 -125.40625 -0.78125 1 0 1
0 -8 96 12 0 1 0 -125.53125 -0.78125 1 0 1
0 -8 96 16 0 1 0 -125.53125 -0.75 1 0 1
maps_rp_surdonoso_realworldtextures_floor_mixtile_solid_white_1424_14430_314
0 8 96 12 0 1 0 -125.40625 -0.78125 1 0 1
0 -8 96 16 0 1 0 -125.53125 -0.75 1 0 1
0 8 96 16 0 1 0 -125.40625 -0.75 1 0 1
maps_rp_surdonoso_realworldtextures_floor_mixtile_solid_white_1424_14430_314
0 8 80 16 0 -1 0 -125.40625 -0.75 1 0 1
0 -8 80 16 0 -1 0 -125.53125 -0.75 1 0 1
0 -8 80 12 0 -1 0 -125.53125 -0.78125 1 0 1
maps_rp_surdonoso_realworldtextures_floor_mixtile_solid_white_1424_14430_314
0 8 80 16 0 -1 0 -125.40625 -0.75 1 0 1
0 -8 80 12 0 -1 0 -125.53125 -0.78125 1 0 1
0 8 80 12 0 -1 0 -125.40625 -0.78125 1 0 1
maps_rp_surdonoso_realworldtextures_floor_mixtile_solid_white_1424_14430_314
0 8 80 12 1 0 0 -1.71875 -0.78125 1 0 1
0 8 96 12 1 0 0 -1.84375 -0.78125 1 0 1
0 8 96 16 1 0 0 -1.84375 -0.75 1 0 1
maps_rp_surdonoso_realworldtextures_floor_mixtile_solid_white_1424_14430_314
0 8 80 12 1 0 0 -1.71875 -0.78125 1 0 1
0 8 96 16 1 0 0 -1.84375 -0.75 1 0 1
0 8 80 16 1 0 0 -1.71875 -0.75 1 0 1
maps_rp_surdonoso_realworldtextures_floor_mixtile_solid_white_1424_14430_314
0 -8 80 16 -1 0 0 -1.71875 -0.75 1 0 1
0 -8 96 16 -1 0 0 -1.84375 -0.75 1 0 1
0 -8 96 12 -1 0 0 -1.84375 -0.78125 1 0 1
maps_rp_surdonoso_realworldtextures_floor_mixtile_solid_white_1424_14430_314
0 -8 80 16 -1 0 0 -1.71875 -0.75 1 0 1
0 -8 96 12 -1 0 0 -1.84375 -0.78125 1 0 1
0 -8 80 12 -1 0 0 -1.71875 -0.78125 1 0 1
maps_rp_surdonoso_realworldtextures_floor_mixtile_solid_white_1424_14430_314
0 8 96 37 0 0 -1 -1.84375 -124.40625 1 0 1
0 -8 96 37 0 0 -1 -1.84375 -124.53125 1 0 1
0 -8 112 37 0 0 -1 -1.96875 -124.53125 1 0 1
maps_rp_surdonoso_realworldtextures_floor_mixtile_solid_white_1424_14430_314
0 8 96 37 0 0 -1 -1.84375 -124.40625 1 0 1
0 -8 112 37 0 0 -1 -1.96875 -124.53125 1 0 1
0 8 112 37 0 0 -1 -1.96875 -124.40625 1 0 1
maps_rp_surdonoso_realworldtextures_floor_mixtile_solid_white_1424_14430_314
0 -8 96 41 0 0 1 -1.84375 -124.53125 1 0 1
0 8 96 41 0 0 1 -1.84375 -124.40625 1 0 1
0 8 112 41 0 0 1 -1.96875 -124.40625 1 0 1
maps_rp_surdonoso_realworldtextures_floor_mixtile_solid_white_1424_14430_314
0 -8 96 41 0 0 1 -1.84375 -124.53125 1 0 1
0 8 112 41 0 0 1 -1.96875 -124.40625 1 0 1
0 -8 112 41 0 0 1 -1.96875 -124.53125 1 0 1
maps_rp_surdonoso_realworldtextures_floor_mixtile_solid_white_1424_14430_314
0 8 112 37 0 1 0 -125.40625 -0.585938 1 0 1
0 -8 112 37 0 1 0 -125.53125 -0.585938 1 0 1
0 -8 112 41 0 1 0 -125.53125 -0.554688 1 0 1
maps_rp_surdonoso_realworldtextures_floor_mixtile_solid_white_1424_14430_314
0 8 112 37 0 1 0 -125.40625 -0.585938 1 0 1
0 -8 112 41 0 1 0 -125.53125 -0.554688 1 0 1
0 8 112 41 0 1 0 -125.40625 -0.554688 1 0 1
maps_rp_surdonoso_realworldtextures_floor_mixtile_solid_white_1424_14430_314
0 8 96 41 0 -1 0 -125.40625 -0.554688 1 0 1
0 -8 96 41 0 -1 0 -125.53125 -0.554688 1 0 1
0 -8 96 37 0 -1 0 -125.53125 -0.585938 1 0 1
maps_rp_surdonoso_realworldtextures_floor_mixtile_solid_white_1424_14430_314
0 8 96 41 0 -1 0 -125.40625 -0.554688 1 0 1
0 -8 96 37 0 -1 0 -125.53125 -0.585938 1 0 1
0 8 96 37 0 -1 0 -125.40625 -0.585938 1 0 1
maps_rp_surdonoso_realworldtextures_floor_mixtile_solid_white_1424_14430_314
0 8 96 37 1 0 0 -1.84375 -0.585938 1 0 1
0 8 112 37 1 0 0 -1.96875 -0.585938 1 0 1
0 8 112 41 1 0 0 -1.96875 -0.554688 1 0 1
maps_rp_surdonoso_realworldtextures_floor_mixtile_solid_white_1424_14430_314
0 8 96 37 1 0 0 -1.84375 -0.585938 1 0 1
0 8 112 41 1 0 0 -1.96875 -0.554688 1 0 1
0 8 96 41 1 0 0 -1.84375 -0.554688 1 0 1
maps_rp_surdonoso_realworldtextures_floor_mixtile_solid_white_1424_14430_314
0 -8 96 41 -1 0 0 -1.84375 -0.554688 1 0 1
0 -8 112 41 -1 0 0 -1.96875 -0.554688 1 0 1
0 -8 112 37 -1 0 0 -1.96875 -0.585938 1 0 1
maps_rp_surdonoso_realworldtextures_floor_mixtile_solid_white_1424_14430_314
0 -8 96 41 -1 0 0 -1.84375 -0.554688 1 0 1
0 -8 112 37 -1 0 0 -1.96875 -0.585938 1 0 1
0 -8 96 37 -1 0 0 -1.84375 -0.585938 1 0 1
maps_rp_surdonoso_realworldtextures_floor_mixtile_solid_white_1424_14430_314
0 6 98 16 0 0 -1 -1.859375 -124.421875 1 0 1
0 -6 98 16 0 0 -1 -1.859375 -124.515625 1 0 1
0 -6 110 16 0 0 -1 -1.953125 -124.515625 1 0 1
maps_rp_surdonoso_realworldtextures_floor_mixtile_solid_white_1424_14430_314
0 6 98 16 0 0 -1 -1.859375 -124.421875 1 0 1
0 -6 110 16 0 0 -1 -1.953125 -124.515625 1 0 1
0 6 110 16 0 0 -1 -1.953125 -124.421875 1 0 1
maps_rp_surdonoso_realworldtextures_floor_mixtile_solid_white_1424_14430_314
0 -6 98 18 0 0 1 -1.859375 -124.515625 1 0 1
0 6 98 18 0 0 1 -1.859375 -124.421875 1 0 1
0 6 110 18 0 0 1 -1.953125 -124.421875 1 0 1
maps_rp_surdonoso_realworldtextures_floor_mixtile_solid_white_1424_14430_314
0 -6 98 18 0 0 1 -1.859375 -124.515625 1 0 1
0 6 110 18 0 0 1 -1.953125 -124.421875 1 0 1
0 -6 110 18 0 0 1 -1.953125 -124.515625 1 0 1
maps_rp_surdonoso_realworldtextures_floor_mixtile_solid_white_1424_14430_314
0 6 110 16 0 1 0 -125.421875 -0.75 1 0 1
0 -6 110 16 0 1 0 -125.515625 -0.75 1 0 1
0 -6 110 18 0 1 0 -125.515625 -0.734375 1 0 1
maps_rp_surdonoso_realworldtextures_floor_mixtile_solid_white_1424_14430_314
0 6 110 16 0 1 0 -125.421875 -0.75 1 0 1
0 -6 110 18 0 1 0 -125.515625 -0.734375 1 0 1
0 6 110 18 0 1 0 -125.421875 -0.734375 1 0 1
maps_rp_surdonoso_realworldtextures_floor_mixtile_solid_white_1424_14430_314
0 6 98 18 0 -1 0 -125.421875 -0.734375 1 0 1
0 -6 98 18 0 -1 0 -125.515625 -0.734375 1 0 1
0 -6 98 16 0 -1 0 -125.515625 -0.75 1 0 1
maps_rp_surdonoso_realworldtextures_floor_mixtile_solid_white_1424_14430_314
0 6 98 18 0 -1 0 -125.421875 -0.734375 1 0 1
0 -6 98 16 0 -1 0 -125.515625 -0.75 1 0 1
0 6 98 16 0 -1 0 -125.421875 -0.75 1 0 1
maps_rp_surdonoso_realworldtextures_floor_mixtile_solid_white_1424_14430_314
0 6 98 16 1 0 0 -1.859375 -0.75 1 0 1
0 6 110 16 1 0 0 -1.953125 -0.75 1 0 1
0 6 110 18 1 0 0 -1.953125 -0.734375 1 0 1
maps_rp_surdonoso_realworldtextures_floor_mixtile_solid_white_1424_14430_314
0 6 98 16 1 0 0 -1.859375 -0.75 1 0 1
0 6 110 18 1 0 0 -1.953125 -0.734375 1 0 1
0 6 98 18 1 0 0 -1.859375 -0.734375 1 0 1
maps_rp_surdonoso_realworldtextures_floor_mixtile_solid_white_1424_14430_314
0 -6 98 18 -1 0 0 -1.859375 -0.734375 1 0 1
0 -6 110 18 -1 0 0 -1.953125 -0.734375 1 0 1
0 -6 110 16 -1 0 0 -1.953125 -0.75 1 0 1
maps_rp_surdonoso_realworldtextures_floor_mixtile_solid_white_1424_14430_314
0 -6 98 18 -1 0 0 -1.859375 -0.734375 1 0 1
0 -6 110 16 -1 0 0 -1.953125 -0.75 1 0 1
0 -6 98 16 -1 0 0 -1.859375 -0.75 1 0 1
maps_rp_surdonoso_realworldtextures_floor_mixtile_solid_white_1424_14430_314
0 -8 96 16 0 0 1 -1.84375 -124.53125 1 0 1
0 8 96 16 0 0 1 -1.84375 -124.40625 1 0 1
0 8 112 16 0 0 1 -1.96875 -124.40625 1 0 1
maps_rp_surdonoso_realworldtextures_floor_mixtile_solid_white_1424_14430_314
0 -8 96 16 0 0 1 -1.84375 -124.53125 1 0 1
0 8 112 16 0 0 1 -1.96875 -124.40625 1 0 1
0 -8 112 16 0 0 1 -1.96875 -124.53125 1 0 1
maps_rp_surdonoso_realworldtextures_floor_mixtile_solid_white_1424_14430_314
0 8 112 12 0 1 0 -125.40625 -0.78125 1 0 1
0 -8 112 12 0 1 0 -125.53125 -0.78125 1 0 1
0 -8 112 16 0 1 0 -125.53125 -0.75 1 0 1
maps_rp_surdonoso_realworldtextures_floor_mixtile_solid_white_1424_14430_314
0 8 112 12 0 1 0 -125.40625 -0.78125 1 0 1
0 -8 112 16 0 1 0 -125.53125 -0.75 1 0 1
0 8 112 16 0 1 0 -125.40625 -0.75 1 0 1
maps_rp_surdonoso_realworldtextures_floor_mixtile_solid_white_1424_14430_314
0 8 96 16 0 -1 0 -125.40625 -0.75 1 0 1
0 -8 96 16 0 -1 0 -125.53125 -0.75 1 0 1
0 -8 96 12 0 -1 0 -125.53125 -0.78125 1 0 1
maps_rp_surdonoso_realworldtextures_floor_mixtile_solid_white_1424_14430_314
0 8 96 16 0 -1 0 -125.40625 -0.75 1 0 1
0 -8 96 12 0 -1 0 -125.53125 -0.78125 1 0 1
0 8 96 12 0 -1 0 -125.40625 -0.78125 1 0 1
maps_rp_surdonoso_realworldtextures_floor_mixtile_solid_white_1424_14430_314
0 8 96 12 1 0 0 -1.84375 -0.78125 1 0 1
0 8 112 12 1 0 0 -1.96875 -0.78125 1 0 1
0 8 112 16 1 0 0 -1.96875 -0.75 1 0 1
maps_rp_surdonoso_realworldtextures_floor_mixtile_solid_white_1424_14430_314
0 8 96 12 1 0 0 -1.84375 -0.78125 1 0 1
0 8 112 16 1 0 0 -1.96875 -0.75 1 0 1
0 8 96 16 1 0 0 -1.84375 -0.75 1 0 1
maps_rp_surdonoso_realworldtextures_floor_mixtile_solid_white_1424_14430_314
0 -8 96 16 -1 0 0 -1.84375 -0.75 1 0 1
0 -8 112 16 -1 0 0 -1.96875 -0.75 1 0 1
0 -8 112 12 -1 0 0 -1.96875 -0.78125 1 0 1
maps_rp_surdonoso_realworldtextures_floor_mixtile_solid_white_1424_14430_314
0 -8 96 16 -1 0 0 -1.84375 -0.75 1 0 1
0 -8 112 12 -1 0 0 -1.96875 -0.78125 1 0 1
0 -8 96 12 -1 0 0 -1.84375 -0.78125 1 0 1
maps_rp_surdonoso_realworldtextures_floor_mixtile_solid_white_1424_14430_314
0 -4 100 35 0 0 1 -1.875 -124.5 1 0 1
0 4 100 35 0 0 1 -1.875 -124.4375 1 0 1
0 4 108 35 0 0 1 -1.9375 -124.4375 1 0 1
maps_rp_surdonoso_realworldtextures_floor_mixtile_solid_white_1424_14430_314
0 -4 100 35 0 0 1 -1.875 -124.5 1 0 1
0 4 108 35 0 0 1 -1.9375 -124.4375 1 0 1
0 -4 108 35 0 0 1 -1.9375 -124.5 1 0 1
maps_rp_surdonoso_realworldtextures_floor_mixtile_solid_white_1424_14430_314
0 4 100 18 0 0 -1 -1.875 -124.4375 1 0 1
0 -4 100 18 0 0 -1 -1.875 -124.5 1 0 1
0 -4 108 18 0 0 -1 -1.9375 -124.5 1 0 1
maps_rp_surdonoso_realworldtextures_floor_mixtile_solid_white_1424_14430_314
0 4 100 18 0 0 -1 -1.875 -124.4375 1 0 1
0 -4 108 18 0 0 -1 -1.9375 -124.5 1 0 1
0 4 108 18 0 0 -1 -1.9375 -124.4375 1 0 1
maps_rp_surdonoso_realworldtextures_floor_mixtile_solid_white_1424_14430_314
0 4 108 18 0 1 0 -125.4375 -0.734375 1 0 1
0 -4 108 18 0 1 0 -125.5 -0.734375 1 0 1
0 -4 108 35 0 1 0 -125.5 -0.601562 1 0 1
maps_rp_surdonoso_realworldtextures_floor_mixtile_solid_white_1424_14430_314
0 4 108 18 0 1 0 -125.4375 -0.734375 1 0 1
0 -4 108 35 0 1 0 -125.5 -0.601562 1 0 1
0 4 108 35 0 1 0 -125.4375 -0.601562 1 0 1
maps_rp_surdonoso_realworldtextures_floor_mixtile_solid_white_1424_14430_314
0 4 100 35 0 -1 0 -125.4375 -0.601562 1 0 1
0 -4 100 35 0 -1 0 -125.5 -0.601562 1 0 1
0 -4 100 18 0 -1 0 -125.5 -0.734375 1 0 1
maps_rp_surdonoso_realworldtextures_floor_mixtile_solid_white_1424_14430_314
0 4 100 35 0 -1 0 -125.4375 -0.601562 1 0 1
0 -4 100 18 0 -1 0 -125.5 -0.734375 1 0 1
0 4 100 18 0 -1 0 -125.4375 -0.734375 1 0 1
maps_rp_surdonoso_realworldtextures_floor_mixtile_solid_white_1424_14430_314
0 4 100 18 1 0 0 -1.875 -0.734375 1 0 1
0 4 108 18 1 0 0 -1.9375 -0.734375 1 0 1
0 4 108 35 1 0 0 -1.9375 -0.601562 1 0 1
maps_rp_surdonoso_realworldtextures_floor_mixtile_solid_white_1424_14430_314
0 4 100 18 1 0 0 -1.875 -0.734375 1 0 1
0 4 108 35 1 0 0 -1.9375 -0.601562 1 0 1
0 4 100 35 1 0 0 -1.875 -0.601562 1 0 1
maps_rp_surdonoso_realworldtextures_floor_mixtile_solid_white_1424_14430_314
0 -4 100 35 -1 0 0 -1.875 -0.601562 1 0 1
0 -4 108 35 -1 0 0 -1.9375 -0.601562 1 0 1
0 -4 108 18 -1 0 0 -1.9375 -0.734375 1 0 1
maps_rp_surdonoso_realworldtextures_floor_mixtile_solid_white_1424_14430_314
0 -4 100 35 -1 0 0 -1.875 -0.601562 1 0 1
0 -4 108 18 -1 0 0 -1.9375 -0.734375 1 0 1
0 -4 100 18 -1 0 0 -1.875 -0.734375 1 0 1
maps_rp_surdonoso_realworldtextures_floor_mixtile_solid_white_1424_14430_314
0 6 98 35 0 0 -1 -1.859375 -124.421875 1 0 1
0 -6 98 35 0 0 -1 -1.859375 -124.515625 1 0 1
0 -6 110 35 0 0 -1 -1.953125 -124.515625 1 0 1
maps_rp_surdonoso_realworldtextures_floor_mixtile_solid_white_1424_14430_314
0 6 98 35 0 0 -1 -1.859375 -124.421875 1 0 1
0 -6 110 35 0 0 -1 -1.953125 -124.515625 1 0 1
0 6 110 35 0 0 -1 -1.953125 -124.421875 1 0 1
maps_rp_surdonoso_realworldtextures_floor_mixtile_solid_white_1424_14430_314
0 -6 98 37 0 0 1 -1.859375 -124.515625 1 0 1
0 6 98 37 0 0 1 -1.859375 -124.421875 1 0 1
0 6 110 37 0 0 1 -1.953125 -124.421875 1 0 1
maps_rp_surdonoso_realworldtextures_floor_mixtile_solid_white_1424_14430_314
0 -6 98 37 0 0 1 -1.859375 -124.515625 1 0 1
0 6 110 37 0 0 1 -1.953125 -124.421875 1 0 1
0 -6 110 37 0 0 1 -1.953125 -124.515625 1 0 1
maps_rp_surdonoso_realworldtextures_floor_mixtile_solid_white_1424_14430_314
0 6 110 35 0 1 0 -125.421875 -0.601562 1 0 1
0 -6 110 35 0 1 0 -125.515625 -0.601562 1 0 1
0 -6 110 37 0 1 0 -125.515625 -0.585938 1 0 1
maps_rp_surdonoso_realworldtextures_floor_mixtile_solid_white_1424_14430_314
0 6 110 35 0 1 0 -125.421875 -0.601562 1 0 1
0 -6 110 37 0 1 0 -125.515625 -0.585938 1 0 1
0 6 110 37 0 1 0 -125.421875 -0.585938 1 0 1
maps_rp_surdonoso_realworldtextures_floor_mixtile_solid_white_1424_14430_314
0 6 98 37 0 -1 0 -125.421875 -0.585938 1 0 1
0 -6 98 37 0 -1 0 -125.515625 -0.585938 1 0 1
0 -6 98 35 0 -1 0 -125.515625 -0.601562 1 0 1
maps_rp_surdonoso_realworldtextures_floor_mixtile_solid_white_1424_14430_314
0 6 98 37 0 -1 0 -125.421875 -0.585938 1 0 1
0 -6 98 35 0 -1 0 -125.515625 -0.601562 1 0 1
0 6 98 35 0 -1 0 -125.421875 -0.601562 1 0 1
maps_rp_surdonoso_realworldtextures_floor_mixtile_solid_white_1424_14430_314
0 6 98 35 1 0 0 -1.859375 -0.601562 1 0 1
0 6 110 35 1 0 0 -1.953125 -0.601562 1 0 1
0 6 110 37 1 0 0 -1.953125 -0.585938 1 0 1
maps_rp_surdonoso_realworldtextures_floor_mixtile_solid_white_1424_14430_314
0 6 98 35 1 0 0 -1.859375 -0.601562 1 0 1
0 6 110 37 1 0 0 -1.953125 -0.585938 1 0 1
0 6 98 37 1 0 0 -1.859375 -0.585938 1 0 1
maps_rp_surdonoso_realworldtextures_floor_mixtile_solid_white_1424_14430_314
0 -6 98 37 -1 0 0 -1.859375 -0.585938 1 0 1
0 -6 110 37 -1 0 0 -1.953125 -0.585938 1 0 1
0 -6 110 35 -1 0 0 -1.953125 -0.601562 1 0 1
maps_rp_surdonoso_realworldtextures_floor_mixtile_solid_white_1424_14430_314
0 -6 98 37 -1 0 0 -1.859375 -0.585938 1 0 1
0 -6 110 35 -1 0 0 -1.953125 -0.601562 1 0 1
0 -6 98 35 -1 0 0 -1.859375 -0.601562 1 0 1
maps_rp_surdonoso_realworldtextures_floor_mixtile_solid_white_1424_14430_314
0 8 112 37 0 0 -1 -1.96875 -124.40625 1 0 1
0 -8 112 37 0 0 -1 -1.96875 -124.53125 1 0 1
0 -8 128 37 0 0 -1 -2.09375 -124.53125 1 0 1
maps_rp_surdonoso_realworldtextures_floor_mixtile_solid_white_1424_14430_314
0 8 112 37 0 0 -1 -1.96875 -124.40625 1 0 1
0 -8 128 37 0 0 -1 -2.09375 -124.53125 1 0 1
0 8 128 37 0 0 -1 -2.09375 -124.40625 1 0 1
maps_rp_surdonoso_realworldtextures_floor_mixtile_solid_white_1424_14430_314
0 -8 112 41 0 0 1 -1.96875 -124.53125 1 0 1
0 8 112 41 0 0 1 -1.96875 -124.40625 1 0 1
0 8 128 41 0 0 1 -2.09375 -124.40625 1 0 1
maps_rp_surdonoso_realworldtextures_floor_mixtile_solid_white_1424_14430_314
0 -8 112 41 0 0 1 -1.96875 -124.53125 1 0 1
0 8 128 41 0 0 1 -2.09375 -124.40625 1 0 1
0 -8 128 41 0 0 1 -2.09375 -124.53125 1 0 1
maps_rp_surdonoso_realworldtextures_floor_mixtile_solid_white_1424_14430_314
0 8 128 37 0 1 0 -125.40625 -0.585938 1 0 1
0 -8 128 37 0 1 0 -125.53125 -0.585938 1 0 1
0 -8 128 41 0 1 0 -125.53125 -0.554688 1 0 1
maps_rp_surdonoso_realworldtextures_floor_mixtile_solid_white_1424_14430_314
0 8 128 37 0 1 0 -125.40625 -0.585938 1 0 1
0 -8 128 41 0 1 0 -125.53125 -0.554688 1 0 1
0 8 128 41 0 1 0 -125.40625 -0.554688 1 0 1
maps_rp_surdonoso_realworldtextures_floor_mixtile_solid_white_1424_14430_314
0 8 112 41 0 -1 0 -125.40625 -0.554688 1 0 1
0 -8 112 41 0 -1 0 -125.53125 -0.554688 1 0 1
0 -8 112 37 0 -1 0 -125.53125 -0.585938 1 0 1
maps_rp_surdonoso_realworldtextures_floor_mixtile_solid_white_1424_14430_314
0 8 112 41 0 -1 0 -125.40625 -0.554688 1 0 1
0 -8 112 37 0 -1 0 -125.53125 -0.585938 1 0 1
0 8 112 37 0 -1 0 -125.40625 -0.585938 1 0 1
maps_rp_surdonoso_realworldtextures_floor_mixtile_solid_white_1424_14430_314
0 8 112 37 1 0 0 -1.96875 -0.585938 1 0 1
0 8 128 37 1 0 0 -2.09375 -0.585938 1 0 1
0 8 128 41 1 0 0 -2.09375 -0.554688 1 0 1
maps_rp_surdonoso_realworldtextures_floor_mixtile_solid_white_1424_14430_314
0 8 112 37 1 0 0 -1.96875 -0.585938 1 0 1
0 8 128 41 1 0 0 -2.09375 -0.554688 1 0 1
0 8 112 41 1 0 0 -1.96875 -0.554688 1 0 1
maps_rp_surdonoso_realworldtextures_floor_mixtile_solid_white_1424_14430_314
0 -8 112 41 -1 0 0 -1.96875 -0.554688 1 0 1
0 -8 128 41 -1 0 0 -2.09375 -0.554688 1 0 1
0 -8 128 37 -1 0 0 -2.09375 -0.585938 1 0 1
maps_rp_surdonoso_realworldtextures_floor_mixtile_solid_white_1424_14430_314
0 -8 112 41 -1 0 0 -1.96875 -0.554688 1 0 1
0 -8 128 37 -1 0 0 -2.09375 -0.585938 1 0 1
0 -8 112 37 -1 0 0 -1.96875 -0.585938 1 0 1
maps_rp_surdonoso_realworldtextures_floor_mixtile_solid_white_1424_14430_314
0 -4 116 35 0 0 1 -2 -124.5 1 0 1
0 4 116 35 0 0 1 -2 -124.4375 1 0 1
0 4 124 35 0 0 1 -2.0625 -124.4375 1 0 1
maps_rp_surdonoso_realworldtextures_floor_mixtile_solid_white_1424_14430_314
0 -4 116 35 0 0 1 -2 -124.5 1 0 1
0 4 124 35 0 0 1 -2.0625 -124.4375 1 0 1
0 -4 124 35 0 0 1 -2.0625 -124.5 1 0 1
maps_rp_surdonoso_realworldtextures_floor_mixtile_solid_white_1424_14430_314
0 4 116 18 0 0 -1 -2 -124.4375 1 0 1
0 -4 116 18 0 0 -1 -2 -124.5 1 0 1
0 -4 124 18 0 0 -1 -2.0625 -124.5 1 0 1
maps_rp_surdonoso_realworldtextures_floor_mixtile_solid_white_1424_14430_314
0 4 116 18 0 0 -1 -2 -124.4375 1 0 1
0 -4 124 18 0 0 -1 -2.0625 -124.5 1 0 1
0 4 124 18 0 0 -1 -2.0625 -124.4375 1 0 1
maps_rp_surdonoso_realworldtextures_floor_mixtile_solid_white_1424_14430_314
0 4 124 18 0 1 0 -125.4375 -0.734375 1 0 1
0 -4 124 18 0 1 0 -125.5 -0.734375 1 0 1
0 -4 124 35 0 1 0 -125.5 -0.601562 1 0 1
maps_rp_surdonoso_realworldtextures_floor_mixtile_solid_white_1424_14430_314
0 4 124 18 0 1 0 -125.4375 -0.734375 1 0 1
0 -4 124 35 0 1 0 -125.5 -0.601562 1 0 1
0 4 124 35 0 1 0 -125.4375 -0.601562 1 0 1
maps_rp_surdonoso_realworldtextures_floor_mixtile_solid_white_1424_14430_314
0 4 116 35 0 -1 0 -125.4375 -0.601562 1 0 1
0 -4 116 35 0 -1 0 -125.5 -0.601562 1 0 1
0 -4 116 18 0 -1 0 -125.5 -0.734375 1 0 1
maps_rp_surdonoso_realworldtextures_floor_mixtile_solid_white_1424_14430_314
0 4 116 35 0 -1 0 -125.4375 -0.601562 1 0 1
0 -4 116 18 0 -1 0 -125.5 -0.734375 1 0 1
0 4 116 18 0 -1 0 -125.4375 -0.734375 1 0 1
maps_rp_surdonoso_realworldtextures_floor_mixtile_solid_white_1424_14430_314
0 4 116 18 1 0 0 -2 -0.734375 1 0 1
0 4 124 18 1 0 0 -2.0625 -0.734375 1 0 1
0 4 124 35 1 0 0 -2.0625 -0.601562 1 0 1
maps_rp_surdonoso_realworldtextures_floor_mixtile_solid_white_1424_14430_314
0 4 116 18 1 0 0 -2 -0.734375 1 0 1
0 4 124 35 1 0 0 -2.0625 -0.601562 1 0 1
0 4 116 35 1 0 0 -2 -0.601562 1 0 1
maps_rp_surdonoso_realworldtextures_floor_mixtile_solid_white_1424_14430_314
0 -4 116 35 -1 0 0 -2 -0.601562 1 0 1
0 -4 124 35 -1 0 0 -2.0625 -0.601562 1 0 1
0 -4 124 18 -1 0 0 -2.0625 -0.734375 1 0 1
maps_rp_surdonoso_realworldtextures_floor_mixtile_solid_white_1424_14430_314
0 -4 116 35 -1 0 0 -2 -0.601562 1 0 1
0 -4 124 18 -1 0 0 -2.0625 -0.734375 1 0 1
0 -4 116 18 -1 0 0 -2 -0.734375 1 0 1
maps_rp_surdonoso_realworldtextures_floor_mixtile_solid_white_1424_14430_314
0 6 114 35 0 0 -1 -1.984375 -124.421875 1 0 1
0 -6 114 35 0 0 -1 -1.984375 -124.515625 1 0 1
0 -6 126 35 0 0 -1 -2.078125 -124.515625 1 0 1
maps_rp_surdonoso_realworldtextures_floor_mixtile_solid_white_1424_14430_314
0 6 114 35 0 0 -1 -1.984375 -124.421875 1 0 1
0 -6 126 35 0 0 -1 -2.078125 -124.515625 1 0 1
0 6 126 35 0 0 -1 -2.078125 -124.421875 1 0 1
maps_rp_surdonoso_realworldtextures_floor_mixtile_solid_white_1424_14430_314
0 -6 114 37 0 0 1 -1.984375 -124.515625 1 0 1
0 6 114 37 0 0 1 -1.984375 -124.421875 1 0 1
0 6 126 37 0 0 1 -2.078125 -124.421875 1 0 1
maps_rp_surdonoso_realworldtextures_floor_mixtile_solid_white_1424_14430_314
0 -6 114 37 0 0 1 -1.984375 -124.515625 1 0 1
0 6 126 37 0 0 1 -2.078125 -124.421875 1 0 1
0 -6 126 37 0 0 1 -2.078125 -124.515625 1 0 1
maps_rp_surdonoso_realworldtextures_floor_mixtile_solid_white_1424_14430_314
0 6 126 35 0 1 0 -125.421875 -0.601562 1 0 1
0 -6 126 35 0 1 0 -125.515625 -0.601562 1 0 1
0 -6 126 37 0 1 0 -125.515625 -0.585938 1 0 1
maps_rp_surdonoso_realworldtextures_floor_mixtile_solid_white_1424_14430_314
0 6 126 35 0 1 0 -125.421875 -0.601562 1 0 1
0 -6 126 37 0 1 0 -125.515625 -0.585938 1 0 1
0 6 126 37 0 1 0 -125.421875 -0.585938 1 0 1
maps_rp_surdonoso_realworldtextures_floor_mixtile_solid_white_1424_14430_314
0 6 114 37 0 -1 0 -125.421875 -0.585938 1 0 1
0 -6 114 37 0 -1 0 -125.515625 -0.585938 1 0 1
0 -6 114 35 0 -1 0 -125.515625 -0.601562 1 0 1
maps_rp_surdonoso_realworldtextures_floor_mixtile_solid_white_1424_14430_314
0 6 114 37 0 -1 0 -125.421875 -0.585938 1 0 1
0 -6 114 35 0 -1 0 -125.515625 -0.601562 1 0 1
0 6 114 35 0 -1 0 -125.421875 -0.601562 1 0 1
maps_rp_surdonoso_realworldtextures_floor_mixtile_solid_white_1424_14430_314
0 6 114 35 1 0 0 -1.984375 -0.601562 1 0 1
0 6 126 35 1 0 0 -2.078125 -0.601562 1 0 1
0 6 126 37 1 0 0 -2.078125 -0.585938 1 0 1
maps_rp_surdonoso_realworldtextures_floor_mixtile_solid_white_1424_14430_314
0 6 114 35 1 0 0 -1.984375 -0.601562 1 0 1
0 6 126 37 1 0 0 -2.078125 -0.585938 1 0 1
0 6 114 37 1 0 0 -1.984375 -0.585938 1 0 1
maps_rp_surdonoso_realworldtextures_floor_mixtile_solid_white_1424_14430_314
0 -6 114 37 -1 0 0 -1.984375 -0.585938 1 0 1
0 -6 126 37 -1 0 0 -2.078125 -0.585938 1 0 1
0 -6 126 35 -1 0 0 -2.078125 -0.601562 1 0 1
maps_rp_surdonoso_realworldtextures_floor_mixtile_solid_white_1424_14430_314
0 -6 114 37 -1 0 0 -1.984375 -0.585938 1 0 1
0 -6 126 35 -1 0 0 -2.078125 -0.601562 1 0 1
0 -6 114 35 -1 0 0 -1.984375 -0.601562 1 0 1
maps_rp_surdonoso_realworldtextures_floor_mixtile_solid_white_1424_14430_314
0 6 114 16 0 0 -1 -1.984375 -124.421875 1 0 1
0 -6 114 16 0 0 -1 -1.984375 -124.515625 1 0 1
0 -6 126 16 0 0 -1 -2.078125 -124.515625 1 0 1
maps_rp_surdonoso_realworldtextures_floor_mixtile_solid_white_1424_14430_314
0 6 114 16 0 0 -1 -1.984375 -124.421875 1 0 1
0 -6 126 16 0 0 -1 -2.078125 -124.515625 1 0 1
0 6 126 16 0 0 -1 -2.078125 -124.421875 1 0 1
maps_rp_surdonoso_realworldtextures_floor_mixtile_solid_white_1424_14430_314
0 -6 114 18 0 0 1 -1.984375 -124.515625 1 0 1
0 6 114 18 0 0 1 -1.984375 -124.421875 1 0 1
0 6 126 18 0 0 1 -2.078125 -124.421875 1 0 1
maps_rp_surdonoso_realworldtextures_floor_mixtile_solid_white_1424_14430_314
0 -6 114 18 0 0 1 -1.984375 -124.515625 1 0 1
0 6 126 18 0 0 1 -2.078125 -124.421875 1 0 1
0 -6 126 18 0 0 1 -2.078125 -124.515625 1 0 1
maps_rp_surdonoso_realworldtextures_floor_mixtile_solid_white_1424_14430_314
0 6 126 16 0 1 0 -125.421875 -0.75 1 0 1
0 -6 126 16 0 1 0 -125.515625 -0.75 1 0 1
0 -6 126 18 0 1 0 -125.515625 -0.734375 1 0 1
maps_rp_surdonoso_realworldtextures_floor_mixtile_solid_white_1424_14430_314
0 6 126 16 0 1 0 -125.421875 -0.75 1 0 1
0 -6 126 18 0 1 0 -125.515625 -0.734375 1 0 1
0 6 126 18 0 1 0 -125.421875 -0.734375 1 0 1
maps_rp_surdonoso_realworldtextures_floor_mixtile_solid_white_1424_14430_314
0 6 114 18 0 -1 0 -125.421875 -0.734375 1 0 1
0 -6 114 18 0 -1 0 -125.515625 -0.734375 1 0 1
0 -6 114 16 0 -1 0 -125.515625 -0.75 1 0 1
maps_rp_surdonoso_realworldtextures_floor_mixtile_solid_white_1424_14430_314
0 6 114 18 0 -1 0 -125.421875 -0.734375 1 0 1
0 -6 114 16 0 -1 0 -125.515625 -0.75 1 0 1
0 6 114 16 0 -1 0 -125.421875 -0.75 1 0 1
maps_rp_surdonoso_realworldtextures_floor_mixtile_solid_white_1424_14430_314
0 6 114 16 1 0 0 -1.984375 -0.75 1 0 1
0 6 126 16 1 0 0 -2.078125 -0.75 1 0 1
0 6 126 18 1 0 0 -2.078125 -0.734375 1 0 1
maps_rp_surdonoso_realworldtextures_floor_mixtile_solid_white_1424_14430_314
0 6 114 16 1 0 0 -1.984375 -0.75 1 0 1
0 6 126 18 1 0 0 -2.078125 -0.734375 1 0 1
0 6 114 18 1 0 0 -1.984375 -0.734375 1 0 1
maps_rp_surdonoso_realworldtextures_floor_mixtile_solid_white_1424_14430_314
0 -6 114 18 -1 0 0 -1.984375 -0.734375 1 0 1
0 -6 126 18 -1 0 0 -2.078125 -0.734375 1 0 1
0 -6 126 16 -1 0 0 -2.078125 -0.75 1 0 1
maps_rp_surdonoso_realworldtextures_floor_mixtile_solid_white_1424_14430_314
0 -6 114 18 -1 0 0 -1.984375 -0.734375 1 0 1
0 -6 126 16 -1 0 0 -2.078125 -0.75 1 0 1
0 -6 114 16 -1 0 0 -1.984375 -0.75 1 0 1
maps_rp_surdonoso_realworldtextures_floor_mixtile_solid_white_1424_14430_314
0 -8 112 16 0 0 1 -1.96875 -124.53125 1 0 1
0 8 112 16 0 0 1 -1.96875 -124.40625 1 0 1
0 8 128 16 0 0 1 -2.09375 -124.40625 1 0 1
maps_rp_surdonoso_realworldtextures_floor_mixtile_solid_white_1424_14430_314
0 -8 112 16 0 0 1 -1.96875 -124.53125 1 0 1
0 8 128 16 0 0 1 -2.09375 -124.40625 1 0 1
0 -8 128 16 0 0 1 -2.09375 -124.53125 1 0 1
maps_rp_surdonoso_realworldtextures_floor_mixtile_solid_white_1424_14430_314
0 8 128 12 0 1 0 -125.40625 -0.78125 1 0 1
0 -8 128 12 0 1 0 -125.53125 -0.78125 1 0 1
0 -8 128 16 0 1 0 -125.53125 -0.75 1 0 1
maps_rp_surdonoso_realworldtextures_floor_mixtile_solid_white_1424_14430_314
0 8 128 12 0 1 0 -125.40625 -0.78125 1 0 1
0 -8 128 16 0 1 0 -125.53125 -0.75 1 0 1
0 8 128 16 0 1 0 -125.40625 -0.75 1 0 1
maps_rp_surdonoso_realworldtextures_floor_mixtile_solid_white_1424_14430_314
0 8 112 16 0 -1 0 -125.40625 -0.75 1 0 1
0 -8 112 16 0 -1 0 -125.53125 -0.75 1 0 1
0 -8 112 12 0 -1 0 -125.53125 -0.78125 1 0 1
maps_rp_surdonoso_realworldtextures_floor_mixtile_solid_white_1424_14430_314
0 8 112 16 0 -1 0 -125.40625 -0.75 1 0 1
0 -8 112 12 0 -1 0 -125.53125 -0.78125 1 0 1
0 8 112 12 0 -1 0 -125.40625 -0.78125 1 0 1
maps_rp_surdonoso_realworldtextures_floor_mixtile_solid_white_1424_14430_314
0 8 112 12 1 0 0 -1.96875 -0.78125 1 0 1
0 8 128 12 1 0 0 -2.09375 -0.78125 1 0 1
0 8 128 16 1 0 0 -2.09375 -0.75 1 0 1
maps_rp_surdonoso_realworldtextures_floor_mixtile_solid_white_1424_14430_314
0 8 112 12 1 0 0 -1.96875 -0.78125 1 0 1
0 8 128 16 1 0 0 -2.09375 -0.75 1 0 1
0 8 112 16 1 0 0 -1.96875 -0.75 1 0 1
maps_rp_surdonoso_realworldtextures_floor_mixtile_solid_white_1424_14430_314
0 -8 112 16 -1 0 0 -1.96875 -0.75 1 0 1
0 -8 128 16 -1 0 0 -2.09375 -0.75 1 0 1
0 -8 128 12 -1 0 0 -2.09375 -0.78125 1 0 1
maps_rp_surdonoso_realworldtextures_floor_mixtile_solid_white_1424_14430_314
0 -8 112 16 -1 0 0 -1.96875 -0.75 1 0 1
0 -8 128 12 -1 0 0 -2.09375 -0.78125 1 0 1
0 -8 112 12 -1 0 0 -1.96875 -0.78125 1 0 1
maps_rp_surdonoso_realworldtextures_floor_mixtile_solid_white_1424_14430_314
0 8 128 37 0 0 -1 -2.09375 -124.40625 1 0 1
0 -8 128 37 0 0 -1 -2.09375 -124.53125 1 0 1
0 -8 144 37 0 0 -1 -2.21875 -124.53125 1 0 1
maps_rp_surdonoso_realworldtextures_floor_mixtile_solid_white_1424_14430_314
0 8 128 37 0 0 -1 -2.09375 -124.40625 1 0 1
0 -8 144 37 0 0 -1 -2.21875 -124.53125 1 0 1
0 8 144 37 0 0 -1 -2.21875 -124.40625 1 0 1
maps_rp_surdonoso_realworldtextures_floor_mixtile_solid_white_1424_14430_314
0 -8 128 41 0 0 1 -2.09375 -124.53125 1 0 1
0 8 128 41 0 0 1 -2.09375 -124.40625 1 0 1
0 8 144 41 0 0 1 -2.21875 -124.40625 1 0 1
maps_rp_surdonoso_realworldtextures_floor_mixtile_solid_white_1424_14430_314
0 -8 128 41 0 0 1 -2.09375 -124.53125 1 0 1
0 8 144 41 0 0 1 -2.21875 -124.40625 1 0 1
0 -8 144 41 0 0 1 -2.21875 -124.53125 1 0 1
maps_rp_surdonoso_realworldtextures_floor_mixtile_solid_white_1424_14430_314
0 8 144 37 0 1 0 -125.40625 -0.585938 1 0 1
0 -8 144 37 0 1 0 -125.53125 -0.585938 1 0 1
0 -8 144 41 0 1 0 -125.53125 -0.554688 1 0 1
maps_rp_surdonoso_realworldtextures_floor_mixtile_solid_white_1424_14430_314
0 8 144 37 0 1 0 -125.40625 -0.585938 1 0 1
0 -8 144 41 0 1 0 -125.53125 -0.554688 1 0 1
0 8 144 41 0 1 0 -125.40625 -0.554688 1 0 1
maps_rp_surdonoso_realworldtextures_floor_mixtile_solid_white_1424_14430_314
0 8 128 41 0 -1 0 -125.40625 -0.554688 1 0 1
0 -8 128 41 0 -1 0 -125.53125 -0.554688 1 0 1
0 -8 128 37 0 -1 0 -125.53125 -0.585938 1 0 1
maps_rp_surdonoso_realworldtextures_floor_mixtile_solid_white_1424_14430_314
0 8 128 41 0 -1 0 -125.40625 -0.554688 1 0 1
0 -8 128 37 0 -1 0 -125.53125 -0.585938 1 0 1
0 8 128 37 0 -1 0 -125.40625 -0.585938 1 0 1
maps_rp_surdonoso_realworldtextures_floor_mixtile_solid_white_1424_14430_314
0 8 128 37 1 0 0 -2.09375 -0.585938 1 0 1
0 8 144 37 1 0 0 -2.21875 -0.585938 1 0 1
0 8 144 41 1 0 0 -2.21875 -0.554688 1 0 1
maps_rp_surdonoso_realworldtextures_floor_mixtile_solid_white_1424_14430_314
0 8 128 37 1 0 0 -2.09375 -0.585938 1 0 1
0 8 144 41 1 0 0 -2.21875 -0.554688 1 0 1
0 8 128 41 1 0 0 -2.09375 -0.554688 1 0 1
maps_rp_surdonoso_realworldtextures_floor_mixtile_solid_white_1424_14430_314
0 -8 128 41 -1 0 0 -2.09375 -0.554688 1 0 1
0 -8 144 41 -1 0 0 -2.21875 -0.554688 1 0 1
0 -8 144 37 -1 0 0 -2.21875 -0.585938 1 0 1
maps_rp_surdonoso_realworldtextures_floor_mixtile_solid_white_1424_14430_314
0 -8 128 41 -1 0 0 -2.09375 -0.554688 1 0 1
0 -8 144 37 -1 0 0 -2.21875 -0.585938 1 0 1
0 -8 128 37 -1 0 0 -2.09375 -0.585938 1 0 1
maps_rp_surdonoso_realworldtextures_floor_mixtile_solid_white_1424_14430_314
0 6 130 16 0 0 -1 -2.109375 -124.421875 1 0 1
0 -6 130 16 0 0 -1 -2.109375 -124.515625 1 0 1
0 -6 142 16 0 0 -1 -2.203125 -124.515625 1 0 1
maps_rp_surdonoso_realworldtextures_floor_mixtile_solid_white_1424_14430_314
0 6 130 16 0 0 -1 -2.109375 -124.421875 1 0 1
0 -6 142 16 0 0 -1 -2.203125 -124.515625 1 0 1
0 6 142 16 0 0 -1 -2.203125 -124.421875 1 0 1
maps_rp_surdonoso_realworldtextures_floor_mixtile_solid_white_1424_14430_314
0 -6 130 18 0 0 1 -2.109375 -124.515625 1 0 1
0 6 130 18 0 0 1 -2.109375 -124.421875 1 0 1
0 6 142 18 0 0 1 -2.203125 -124.421875 1 0 1
maps_rp_surdonoso_realworldtextures_floor_mixtile_solid_white_1424_14430_314
0 -6 130 18 0 0 1 -2.109375 -124.515625 1 0 1
0 6 142 18 0 0 1 -2.203125 -124.421875 1 0 1
0 -6 142 18 0 0 1 -2.203125 -124.515625 1 0 1
maps_rp_surdonoso_realworldtextures_floor_mixtile_solid_white_1424_14430_314
0 6 142 16 0 1 0 -125.421875 -0.75 1 0 1
0 -6 142 16 0 1 0 -125.515625 -0.75 1 0 1
0 -6 142 18 0 1 0 -125.515625 -0.734375 1 0 1
maps_rp_surdonoso_realworldtextures_floor_mixtile_solid_white_1424_14430_314
0 6 142 16 0 1 0 -125.421875 -0.75 1 0 1
0 -6 142 18 0 1 0 -125.515625 -0.734375 1 0 1
0 6 142 18 0 1 0 -125.421875 -0.734375 1 0 1
maps_rp_surdonoso_realworldtextures_floor_mixtile_solid_white_1424_14430_314
0 6 130 18 0 -1 0 -125.421875 -0.734375 1 0 1
0 -6 130 18 0 -1 0 -125.515625 -0.734375 1 0 1
0 -6 130 16 0 -1 0 -125.515625 -0.75 1 0 1
maps_rp_surdonoso_realworldtextures_floor_mixtile_solid_white_1424_14430_314
0 6 130 18 0 -1 0 -125.421875 -0.734375 1 0 1
0 -6 130 16 0 -1 0 -125.515625 -0.75 1 0 1
0 6 130 16 0 -1 0 -125.421875 -0.75 1 0 1
maps_rp_surdonoso_realworldtextures_floor_mixtile_solid_white_1424_14430_314
0 6 130 16 1 0 0 -2.109375 -0.75 1 0 1
0 6 142 16 1 0 0 -2.203125 -0.75 1 0 1
0 6 142 18 1 0 0 -2.203125 -0.734375 1 0 1
maps_rp_surdonoso_realworldtextures_floor_mixtile_solid_white_1424_14430_314
0 6 130 16 1 0 0 -2.109375 -0.75 1 0 1
0 6 142 18 1 0 0 -2.203125 -0.734375 1 0 1
0 6 130 18 1 0 0 -2.109375 -0.734375 1 0 1
maps_rp_surdonoso_realworldtextures_floor_mixtile_solid_white_1424_14430_314
0 -6 130 18 -1 0 0 -2.109375 -0.734375 1 0 1
0 -6 142 18 -1 0 0 -2.203125 -0.734375 1 0 1
0 -6 142 16 -1 0 0 -2.203125 -0.75 1 0 1
maps_rp_surdonoso_realworldtextures_floor_mixtile_solid_white_1424_14430_314
0 -6 130 18 -1 0 0 -2.109375 -0.734375 1 0 1
0 -6 142 16 -1 0 0 -2.203125 -0.75 1 0 1
0 -6 130 16 -1 0 0 -2.109375 -0.75 1 0 1
maps_rp_surdonoso_realworldtextures_floor_mixtile_solid_white_1424_14430_314
0 -8 128 16 0 0 1 -2.09375 -124.53125 1 0 1
0 8 128 16 0 0 1 -2.09375 -124.40625 1 0 1
0 8 144 16 0 0 1 -2.21875 -124.40625 1 0 1
maps_rp_surdonoso_realworldtextures_floor_mixtile_solid_white_1424_14430_314
0 -8 128 16 0 0 1 -2.09375 -124.53125 1 0 1
0 8 144 16 0 0 1 -2.21875 -124.40625 1 0 1
0 -8 144 16 0 0 1 -2.21875 -124.53125 1 0 1
maps_rp_surdonoso_realworldtextures_floor_mixtile_solid_white_1424_14430_314
0 8 144 12 0 1 0 -125.40625 -0.78125 1 0 1
0 -8 144 12 0 1 0 -125.53125 -0.78125 1 0 1
0 -8 144 16 0 1 0 -125.53125 -0.75 1 0 1
maps_rp_surdonoso_realworldtextures_floor_mixtile_solid_white_1424_14430_314
0 8 144 12 0 1 0 -125.40625 -0.78125 1 0 1
0 -8 144 16 0 1 0 -125.53125 -0.75 1 0 1
0 8 144 16 0 1 0 -125.40625 -0.75 1 0 1
maps_rp_surdonoso_realworldtextures_floor_mixtile_solid_white_1424_14430_314
0 8 128 16 0 -1 0 -125.40625 -0.75 1 0 1
0 -8 128 16 0 -1 0 -125.53125 -0.75 1 0 1
0 -8 128 12 0 -1 0 -125.53125 -0.78125 1 0 1
maps_rp_surdonoso_realworldtextures_floor_mixtile_solid_white_1424_14430_314
0 8 128 16 0 -1 0 -125.40625 -0.75 1 0 1
0 -8 128 12 0 -1 0 -125.53125 -0.78125 1 0 1
0 8 128 12 0 -1 0 -125.40625 -0.78125 1 0 1
maps_rp_surdonoso_realworldtextures_floor_mixtile_solid_white_1424_14430_314
0 8 128 12 1 0 0 -2.09375 -0.78125 1 0 1
0 8 144 12 1 0 0 -2.21875 -0.78125 1 0 1
0 8 144 16 1 0 0 -2.21875 -0.75 1 0 1
maps_rp_surdonoso_realworldtextures_floor_mixtile_solid_white_1424_14430_314
0 8 128 12 1 0 0 -2.09375 -0.78125 1 0 1
0 8 144 16 1 0 0 -2.21875 -0.75 1 0 1
0 8 128 16 1 0 0 -2.09375 -0.75 1 0 1
maps_rp_surdonoso_realworldtextures_floor_mixtile_solid_white_1424_14430_314
0 -8 128 16 -1 0 0 -2.09375 -0.75 1 0 1
0 -8 144 16 -1 0 0 -2.21875 -0.75 1 0 1
0 -8 144 12 -1 0 0 -2.21875 -0.78125 1 0 1
maps_rp_surdonoso_realworldtextures_floor_mixtile_solid_white_1424_14430_314
0 -8 128 16 -1 0 0 -2.09375 -0.75 1 0 1
0 -8 144 12 -1 0 0 -2.21875 -0.78125 1 0 1
0 -8 128 12 -1 0 0 -2.09375 -0.78125 1 0 1
maps_rp_surdonoso_realworldtextures_floor_mixtile_solid_white_1424_14430_314
0 -4 132 35 0 0 1 -2.125 -124.5 1 0 1
0 4 132 35 0 0 1 -2.125 -124.4375 1 0 1
0 4 140 35 0 0 1 -2.1875 -124.4375 1 0 1
maps_rp_surdonoso_realworldtextures_floor_mixtile_solid_white_1424_14430_314
0 -4 132 35 0 0 1 -2.125 -124.5 1 0 1
0 4 140 35 0 0 1 -2.1875 -124.4375 1 0 1
0 -4 140 35 0 0 1 -2.1875 -124.5 1 0 1
maps_rp_surdonoso_realworldtextures_floor_mixtile_solid_white_1424_14430_314
0 4 132 18 0 0 -1 -2.125 -124.4375 1 0 1
0 -4 132 18 0 0 -1 -2.125 -124.5 1 0 1
0 -4 140 18 0 0 -1 -2.1875 -124.5 1 0 1
maps_rp_surdonoso_realworldtextures_floor_mixtile_solid_white_1424_14430_314
0 4 132 18 0 0 -1 -2.125 -124.4375 1 0 1
0 -4 140 18 0 0 -1 -2.1875 -124.5 1 0 1
0 4 140 18 0 0 -1 -2.1875 -124.4375 1 0 1
maps_rp_surdonoso_realworldtextures_floor_mixtile_solid_white_1424_14430_314
0 4 140 18 0 1 0 -125.4375 -0.734375 1 0 1
0 -4 140 18 0 1 0 -125.5 -0.734375 1 0 1
0 -4 140 35 0 1 0 -125.5 -0.601562 1 0 1
maps_rp_surdonoso_realworldtextures_floor_mixtile_solid_white_1424_14430_314
0 4 140 18 0 1 0 -125.4375 -0.734375 1 0 1
0 -4 140 35 0 1 0 -125.5 -0.601562 1 0 1
0 4 140 35 0 1 0 -125.4375 -0.601562 1 0 1
maps_rp_surdonoso_realworldtextures_floor_mixtile_solid_white_1424_14430_314
0 4 132 35 0 -1 0 -125.4375 -0.601562 1 0 1
0 -4 132 35 0 -1 0 -125.5 -0.601562 1 0 1
0 -4 132 18 0 -1 0 -125.5 -0.734375 1 0 1
maps_rp_surdonoso_realworldtextures_floor_mixtile_solid_white_1424_14430_314
0 4 132 35 0 -1 0 -125.4375 -0.601562 1 0 1
0 -4 132 18 0 -1 0 -125.5 -0.734375 1 0 1
0 4 132 18 0 -1 0 -125.4375 -0.734375 1 0 1
maps_rp_surdonoso_realworldtextures_floor_mixtile_solid_white_1424_14430_314
0 4 132 18 1 0 0 -2.125 -0.734375 1 0 1
0 4 140 18 1 0 0 -2.1875 -0.734375 1 0 1
0 4 140 35 1 0 0 -2.1875 -0.601562 1 0 1
maps_rp_surdonoso_realworldtextures_floor_mixtile_solid_white_1424_14430_314
0 4 132 18 1 0 0 -2.125 -0.734375 1 0 1
0 4 140 35 1 0 0 -2.1875 -0.601562 1 0 1
0 4 132 35 1 0 0 -2.125 -0.601562 1 0 1
maps_rp_surdonoso_realworldtextures_floor_mixtile_solid_white_1424_14430_314
0 -4 132 35 -1 0 0 -2.125 -0.601562 1 0 1
0 -4 140 35 -1 0 0 -2.1875 -0.601562 1 0 1
0 -4 140 18 -1 0 0 -2.1875 -0.734375 1 0 1
maps_rp_surdonoso_realworldtextures_floor_mixtile_solid_white_1424_14430_314
0 -4 132 35 -1 0 0 -2.125 -0.601562 1 0 1
0 -4 140 18 -1 0 0 -2.1875 -0.734375 1 0 1
0 -4 132 18 -1 0 0 -2.125 -0.734375 1 0 1
maps_rp_surdonoso_realworldtextures_floor_mixtile_solid_white_1424_14430_314
0 6 130 35 0 0 -1 -2.109375 -124.421875 1 0 1
0 -6 130 35 0 0 -1 -2.109375 -124.515625 1 0 1
0 -6 142 35 0 0 -1 -2.203125 -124.515625 1 0 1
maps_rp_surdonoso_realworldtextures_floor_mixtile_solid_white_1424_14430_314
0 6 130 35 0 0 -1 -2.109375 -124.421875 1 0 1
0 -6 142 35 0 0 -1 -2.203125 -124.515625 1 0 1
0 6 142 35 0 0 -1 -2.203125 -124.421875 1 0 1
maps_rp_surdonoso_realworldtextures_floor_mixtile_solid_white_1424_14430_314
0 -6 130 37 0 0 1 -2.109375 -124.515625 1 0 1
0 6 130 37 0 0 1 -2.109375 -124.421875 1 0 1
0 6 142 37 0 0 1 -2.203125 -124.421875 1 0 1
maps_rp_surdonoso_realworldtextures_floor_mixtile_solid_white_1424_14430_314
0 -6 130 37 0 0 1 -2.109375 -124.515625 1 0 1
0 6 142 37 0 0 1 -2.203125 -124.421875 1 0 1
0 -6 142 37 0 0 1 -2.203125 -124.515625 1 0 1
maps_rp_surdonoso_realworldtextures_floor_mixtile_solid_white_1424_14430_314
0 6 142 35 0 1 0 -125.421875 -0.601562 1 0 1
0 -6 142 35 0 1 0 -125.515625 -0.601562 1 0 1
0 -6 142 37 0 1 0 -125.515625 -0.585938 1 0 1
maps_rp_surdonoso_realworldtextures_floor_mixtile_solid_white_1424_14430_314
0 6 142 35 0 1 0 -125.421875 -0.601562 1 0 1
0 -6 142 37 0 1 0 -125.515625 -0.585938 1 0 1
0 6 142 37 0 1 0 -125.421875 -0.585938 1 0 1
maps_rp_surdonoso_realworldtextures_floor_mixtile_solid_white_1424_14430_314
0 6 130 37 0 -1 0 -125.421875 -0.585938 1 0 1
0 -6 130 37 0 -1 0 -125.515625 -0.585938 1 0 1
0 -6 130 35 0 -1 0 -125.515625 -0.601562 1 0 1
maps_rp_surdonoso_realworldtextures_floor_mixtile_solid_white_1424_14430_314
0 6 130 37 0 -1 0 -125.421875 -0.585938 1 0 1
0 -6 130 35 0 -1 0 -125.515625 -0.601562 1 0 1
0 6 130 35 0 -1 0 -125.421875 -0.601562 1 0 1
maps_rp_surdonoso_realworldtextures_floor_mixtile_solid_white_1424_14430_314
0 6 130 35 1 0 0 -2.109375 -0.601562 1 0 1
0 6 142 35 1 0 0 -2.203125 -0.601562 1 0 1
0 6 142 37 1 0 0 -2.203125 -0.585938 1 0 1
maps_rp_surdonoso_realworldtextures_floor_mixtile_solid_white_1424_14430_314
0 6 130 35 1 0 0 -2.109375 -0.601562 1 0 1
0 6 142 37 1 0 0 -2.203125 -0.585938 1 0 1
0 6 130 37 1 0 0 -2.109375 -0.585938 1 0 1
maps_rp_surdonoso_realworldtextures_floor_mixtile_solid_white_1424_14430_314
0 -6 130 37 -1 0 0 -2.109375 -0.585938 1 0 1
0 -6 142 37 -1 0 0 -2.203125 -0.585938 1 0 1
0 -6 142 35 -1 0 0 -2.203125 -0.601562 1 0 1
maps_rp_surdonoso_realworldtextures_floor_mixtile_solid_white_1424_14430_314
0 -6 130 37 -1 0 0 -2.109375 -0.585938 1 0 1
0 -6 142 35 -1 0 0 -2.203125 -0.601562 1 0 1
0 -6 130 35 -1 0 0 -2.109375 -0.601562 1 0 1
maps_rp_surdonoso_realworldtextures_floor_mixtile_solid_white_1424_14430_314
0 8 144 37 0 0 -1 -2.21875 -124.40625 1 0 1
0 -8 144 37 0 0 -1 -2.21875 -124.53125 1 0 1
0 -8 160 37 0 0 -1 -2.34375 -124.53125 1 0 1
maps_rp_surdonoso_realworldtextures_floor_mixtile_solid_white_1424_14430_314
0 8 144 37 0 0 -1 -2.21875 -124.40625 1 0 1
0 -8 160 37 0 0 -1 -2.34375 -124.53125 1 0 1
0 8 160 37 0 0 -1 -2.34375 -124.40625 1 0 1
maps_rp_surdonoso_realworldtextures_floor_mixtile_solid_white_1424_14430_314
0 -8 144 41 0 0 1 -2.21875 -124.53125 1 0 1
0 8 144 41 0 0 1 -2.21875 -124.40625 1 0 1
0 8 160 41 0 0 1 -2.34375 -124.40625 1 0 1
maps_rp_surdonoso_realworldtextures_floor_mixtile_solid_white_1424_14430_314
0 -8 144 41 0 0 1 -2.21875 -124.53125 1 0 1
0 8 160 41 0 0 1 -2.34375 -124.40625 1 0 1
0 -8 160 41 0 0 1 -2.34375 -124.53125 1 0 1
maps_rp_surdonoso_realworldtextures_floor_mixtile_solid_white_1424_14430_314
0 8 160 37 0 1 0 -125.40625 -0.585938 1 0 1
0 -8 160 37 0 1 0 -125.53125 -0.585938 1 0 1
0 -8 160 41 0 1 0 -125.53125 -0.554688 1 0 1
maps_rp_surdonoso_realworldtextures_floor_mixtile_solid_white_1424_14430_314
0 8 160 37 0 1 0 -125.40625 -0.585938 1 0 1
0 -8 160 41 0 1 0 -125.53125 -0.554688 1 0 1
0 8 160 41 0 1 0 -125.40625 -0.554688 1 0 1
maps_rp_surdonoso_realworldtextures_floor_mixtile_solid_white_1424_14430_314
0 8 144 41 0 -1 0 -125.40625 -0.554688 1 0 1
0 -8 144 41 0 -1 0 -125.53125 -0.554688 1 0 1
0 -8 144 37 0 -1 0 -125.53125 -0.585938 1 0 1
maps_rp_surdonoso_realworldtextures_floor_mixtile_solid_white_1424_14430_314
0 8 144 41 0 -1 0 -125.40625 -0.554688 1 0 1
0 -8 144 37 0 -1 0 -125.53125 -0.585938 1 0 1
0 8 144 37 0 -1 0 -125.40625 -0.585938 1 0 1
maps_rp_surdonoso_realworldtextures_floor_mixtile_solid_white_1424_14430_314
0 8 144 37 1 0 0 -2.21875 -0.585938 1 0 1
0 8 160 37 1 0 0 -2.34375 -0.585938 1 0 1
0 8 160 41 1 0 0 -2.34375 -0.554688 1 0 1
maps_rp_surdonoso_realworldtextures_floor_mixtile_solid_white_1424_14430_314
0 8 144 37 1 0 0 -2.21875 -0.585938 1 0 1
0 8 160 41 1 0 0 -2.34375 -0.554688 1 0 1
0 8 144 41 1 0 0 -2.21875 -0.554688 1 0 1
maps_rp_surdonoso_realworldtextures_floor_mixtile_solid_white_1424_14430_314
0 -8 144 41 -1 0 0 -2.21875 -0.554688 1 0 1
0 -8 160 41 -1 0 0 -2.34375 -0.554688 1 0 1
0 -8 160 37 -1 0 0 -2.34375 -0.585938 1 0 1
maps_rp_surdonoso_realworldtextures_floor_mixtile_solid_white_1424_14430_314
0 -8 144 41 -1 0 0 -2.21875 -0.554688 1 0 1
0 -8 160 37 -1 0 0 -2.34375 -0.585938 1 0 1
0 -8 144 37 -1 0 0 -2.21875 -0.585938 1 0 1
maps_rp_surdonoso_realworldtextures_floor_mixtile_solid_white_1424_14430_314
0 -4 148 35 0 0 1 -2.25 -124.5 1 0 1
0 4 148 35 0 0 1 -2.25 -124.4375 1 0 1
0 4 156 35 0 0 1 -2.3125 -124.4375 1 0 1
maps_rp_surdonoso_realworldtextures_floor_mixtile_solid_white_1424_14430_314
0 -4 148 35 0 0 1 -2.25 -124.5 1 0 1
0 4 156 35 0 0 1 -2.3125 -124.4375 1 0 1
0 -4 156 35 0 0 1 -2.3125 -124.5 1 0 1
maps_rp_surdonoso_realworldtextures_floor_mixtile_solid_white_1424_14430_314
0 4 148 18 0 0 -1 -2.25 -124.4375 1 0 1
0 -4 148 18 0 0 -1 -2.25 -124.5 1 0 1
0 -4 156 18 0 0 -1 -2.3125 -124.5 1 0 1
maps_rp_surdonoso_realworldtextures_floor_mixtile_solid_white_1424_14430_314
0 4 148 18 0 0 -1 -2.25 -124.4375 1 0 1
0 -4 156 18 0 0 -1 -2.3125 -124.5 1 0 1
0 4 156 18 0 0 -1 -2.3125 -124.4375 1 0 1
maps_rp_surdonoso_realworldtextures_floor_mixtile_solid_white_1424_14430_314
0 4 156 18 0 1 0 -125.4375 -0.734375 1 0 1
0 -4 156 18 0 1 0 -125.5 -0.734375 1 0 1
0 -4 156 35 0 1 0 -125.5 -0.601562 1 0 1
maps_rp_surdonoso_realworldtextures_floor_mixtile_solid_white_1424_14430_314
0 4 156 18 0 1 0 -125.4375 -0.734375 1 0 1
0 -4 156 35 0 1 0 -125.5 -0.601562 1 0 1
0 4 156 35 0 1 0 -125.4375 -0.601562 1 0 1
maps_rp_surdonoso_realworldtextures_floor_mixtile_solid_white_1424_14430_314
0 4 148 35 0 -1 0 -125.4375 -0.601562 1 0 1
0 -4 148 35 0 -1 0 -125.5 -0.601562 1 0 1
0 -4 148 18 0 -1 0 -125.5 -0.734375 1 0 1
maps_rp_surdonoso_realworldtextures_floor_mixtile_solid_white_1424_14430_314
0 4 148 35 0 -1 0 -125.4375 -0.601562 1 0 1
0 -4 148 18 0 -1 0 -125.5 -0.734375 1 0 1
0 4 148 18 0 -1 0 -125.4375 -0.734375 1 0 1
maps_rp_surdonoso_realworldtextures_floor_mixtile_solid_white_1424_14430_314
0 4 148 18 1 0 0 -2.25 -0.734375 1 0 1
0 4 156 18 1 0 0 -2.3125 -0.734375 1 0 1
0 4 156 35 1 0 0 -2.3125 -0.601562 1 0 1
maps_rp_surdonoso_realworldtextures_floor_mixtile_solid_white_1424_14430_314
0 4 148 18 1 0 0 -2.25 -0.734375 1 0 1
0 4 156 35 1 0 0 -2.3125 -0.601562 1 0 1
0 4 148 35 1 0 0 -2.25 -0.601562 1 0 1
maps_rp_surdonoso_realworldtextures_floor_mixtile_solid_white_1424_14430_314
0 -4 148 35 -1 0 0 -2.25 -0.601562 1 0 1
0 -4 156 35 -1 0 0 -2.3125 -0.601562 1 0 1
0 -4 156 18 -1 0 0 -2.3125 -0.734375 1 0 1
maps_rp_surdonoso_realworldtextures_floor_mixtile_solid_white_1424_14430_314
0 -4 148 35 -1 0 0 -2.25 -0.601562 1 0 1
0 -4 156 18 -1 0 0 -2.3125 -0.734375 1 0 1
0 -4 148 18 -1 0 0 -2.25 -0.734375 1 0 1
maps_rp_surdonoso_realworldtextures_floor_mixtile_solid_white_1424_14430_314
0 6 146 35 0 0 -1 -2.234375 -124.421875 1 0 1
0 -6 146 35 0 0 -1 -2.234375 -124.515625 1 0 1
0 -6 158 35 0 0 -1 -2.328125 -124.515625 1 0 1
maps_rp_surdonoso_realworldtextures_floor_mixtile_solid_white_1424_14430_314
0 6 146 35 0 0 -1 -2.234375 -124.421875 1 0 1
0 -6 158 35 0 0 -1 -2.328125 -124.515625 1 0 1
0 6 158 35 0 0 -1 -2.328125 -124.421875 1 0 1
maps_rp_surdonoso_realworldtextures_floor_mixtile_solid_white_1424_14430_314
0 -6 146 37 0 0 1 -2.234375 -124.515625 1 0 1
0 6 146 37 0 0 1 -2.234375 -124.421875 1 0 1
0 6 158 37 0 0 1 -2.328125 -124.421875 1 0 1
maps_rp_surdonoso_realworldtextures_floor_mixtile_solid_white_1424_14430_314
0 -6 146 37 0 0 1 -2.234375 -124.515625 1 0 1
0 6 158 37 0 0 1 -2.328125 -124.421875 1 0 1
0 -6 158 37 0 0 1 -2.328125 -124.515625 1 0 1
maps_rp_surdonoso_realworldtextures_floor_mixtile_solid_white_1424_14430_314
0 6 158 35 0 1 0 -125.421875 -0.601562 1 0 1
0 -6 158 35 0 1 0 -125.515625 -0.601562 1 0 1
0 -6 158 37 0 1 0 -125.515625 -0.585938 1 0 1
maps_rp_surdonoso_realworldtextures_floor_mixtile_solid_white_1424_14430_314
0 6 158 35 0 1 0 -125.421875 -0.601562 1 0 1
0 -6 158 37 0 1 0 -125.515625 -0.585938 1 0 1
0 6 158 37 0 1 0 -125.421875 -0.585938 1 0 1
maps_rp_surdonoso_realworldtextures_floor_mixtile_solid_white_1424_14430_314
0 6 146 37 0 -1 0 -125.421875 -0.585938 1 0 1
0 -6 146 37 0 -1 0 -125.515625 -0.585938 1 0 1
0 -6 146 35 0 -1 0 -125.515625 -0.601562 1 0 1
maps_rp_surdonoso_realworldtextures_floor_mixtile_solid_white_1424_14430_314
0 6 146 37 0 -1 0 -125.421875 -0.585938 1 0 1
0 -6 146 35 0 -1 0 -125.515625 -0.601562 1 0 1
0 6 146 35 0 -1 0 -125.421875 -0.601562 1 0 1
maps_rp_surdonoso_realworldtextures_floor_mixtile_solid_white_1424_14430_314
0 6 146 35 1 0 0 -2.234375 -0.601562 1 0 1
0 6 158 35 1 0 0 -2.328125 -0.601562 1 0 1
0 6 158 37 1 0 0 -2.328125 -0.585938 1 0 1
maps_rp_surdonoso_realworldtextures_floor_mixtile_solid_white_1424_14430_314
0 6 146 35 1 0 0 -2.234375 -0.601562 1 0 1
0 6 158 37 1 0 0 -2.328125 -0.585938 1 0 1
0 6 146 37 1 0 0 -2.234375 -0.585938 1 0 1
maps_rp_surdonoso_realworldtextures_floor_mixtile_solid_white_1424_14430_314
0 -6 146 37 -1 0 0 -2.234375 -0.585938 1 0 1
0 -6 158 37 -1 0 0 -2.328125 -0.585938 1 0 1
0 -6 158 35 -1 0 0 -2.328125 -0.601562 1 0 1
maps_rp_surdonoso_realworldtextures_floor_mixtile_solid_white_1424_14430_314
0 -6 146 37 -1 0 0 -2.234375 -0.585938 1 0 1
0 -6 158 35 -1 0 0 -2.328125 -0.601562 1 0 1
0 -6 146 35 -1 0 0 -2.234375 -0.601562 1 0 1
maps_rp_surdonoso_realworldtextures_floor_mixtile_solid_white_1424_14430_314
0 6 146 16 0 0 -1 -2.234375 -124.421875 1 0 1
0 -6 146 16 0 0 -1 -2.234375 -124.515625 1 0 1
0 -6 158 16 0 0 -1 -2.328125 -124.515625 1 0 1
maps_rp_surdonoso_realworldtextures_floor_mixtile_solid_white_1424_14430_314
0 6 146 16 0 0 -1 -2.234375 -124.421875 1 0 1
0 -6 158 16 0 0 -1 -2.328125 -124.515625 1 0 1
0 6 158 16 0 0 -1 -2.328125 -124.421875 1 0 1
maps_rp_surdonoso_realworldtextures_floor_mixtile_solid_white_1424_14430_314
0 -6 146 18 0 0 1 -2.234375 -124.515625 1 0 1
0 6 146 18 0 0 1 -2.234375 -124.421875 1 0 1
0 6 158 18 0 0 1 -2.328125 -124.421875 1 0 1
maps_rp_surdonoso_realworldtextures_floor_mixtile_solid_white_1424_14430_314
0 -6 146 18 0 0 1 -2.234375 -124.515625 1 0 1
0 6 158 18 0 0 1 -2.328125 -124.421875 1 0 1
0 -6 158 18 0 0 1 -2.328125 -124.515625 1 0 1
maps_rp_surdonoso_realworldtextures_floor_mixtile_solid_white_1424_14430_314
0 6 158 16 0 1 0 -125.421875 -0.75 1 0 1
0 -6 158 16 0 1 0 -125.515625 -0.75 1 0 1
0 -6 158 18 0 1 0 -125.515625 -0.734375 1 0 1
maps_rp_surdonoso_realworldtextures_floor_mixtile_solid_white_1424_14430_314
0 6 158 16 0 1 0 -125.421875 -0.75 1 0 1
0 -6 158 18 0 1 0 -125.515625 -0.734375 1 0 1
0 6 158 18 0 1 0 -125.421875 -0.734375 1 0 1
maps_rp_surdonoso_realworldtextures_floor_mixtile_solid_white_1424_14430_314
0 6 146 18 0 -1 0 -125.421875 -0.734375 1 0 1
0 -6 146 18 0 -1 0 -125.515625 -0.734375 1 0 1
0 -6 146 16 0 -1 0 -125.515625 -0.75 1 0 1
maps_rp_surdonoso_realworldtextures_floor_mixtile_solid_white_1424_14430_314
0 6 146 18 0 -1 0 -125.421875 -0.734375 1 0 1
0 -6 146 16 0 -1 0 -125.515625 -0.75 1 0 1
0 6 146 16 0 -1 0 -125.421875 -0.75 1 0 1
maps_rp_surdonoso_realworldtextures_floor_mixtile_solid_white_1424_14430_314
0 6 146 16 1 0 0 -2.234375 -0.75 1 0 1
0 6 158 16 1 0 0 -2.328125 -0.75 1 0 1
0 6 158 18 1 0 0 -2.328125 -0.734375 1 0 1
maps_rp_surdonoso_realworldtextures_floor_mixtile_solid_white_1424_14430_314
0 6 146 16 1 0 0 -2.234375 -0.75 1 0 1
0 6 158 18 1 0 0 -2.328125 -0.734375 1 0 1
0 6 146 18 1 0 0 -2.234375 -0.734375 1 0 1
maps_rp_surdonoso_realworldtextures_floor_mixtile_solid_white_1424_14430_314
0 -6 146 18 -1 0 0 -2.234375 -0.734375 1 0 1
0 -6 158 18 -1 0 0 -2.328125 -0.734375 1 0 1
0 -6 158 16 -1 0 0 -2.328125 -0.75 1 0 1
maps_rp_surdonoso_realworldtextures_floor_mixtile_solid_white_1424_14430_314
0 -6 146 18 -1 0 0 -2.234375 -0.734375 1 0 1
0 -6 158 16 -1 0 0 -2.328125 -0.75 1 0 1
0 -6 146 16 -1 0 0 -2.234375 -0.75 1 0 1
maps_rp_surdonoso_realworldtextures_floor_mixtile_solid_white_1424_14430_314
0 -8 144 16 0 0 1 -2.21875 -124.53125 1 0 1
0 8 144 16 0 0 1 -2.21875 -124.40625 1 0 1
0 8 160 16 0 0 1 -2.34375 -124.40625 1 0 1
maps_rp_surdonoso_realworldtextures_floor_mixtile_solid_white_1424_14430_314
0 -8 144 16 0 0 1 -2.21875 -124.53125 1 0 1
0 8 160 16 0 0 1 -2.34375 -124.40625 1 0 1
0 -8 160 16 0 0 1 -2.34375 -124.53125 1 0 1
maps_rp_surdonoso_realworldtextures_floor_mixtile_solid_white_1424_14430_314
0 8 160 12 0 1 0 -125.40625 -0.78125 1 0 1
0 -8 160 12 0 1 0 -125.53125 -0.78125 1 0 1
0 -8 160 16 0 1 0 -125.53125 -0.75 1 0 1
maps_rp_surdonoso_realworldtextures_floor_mixtile_solid_white_1424_14430_314
0 8 160 12 0 1 0 -125.40625 -0.78125 1 0 1
0 -8 160 16 0 1 0 -125.53125 -0.75 1 0 1
0 8 160 16 0 1 0 -125.40625 -0.75 1 0 1
maps_rp_surdonoso_realworldtextures_floor_mixtile_solid_white_1424_14430_314
0 8 144 16 0 -1 0 -125.40625 -0.75 1 0 1
0 -8 144 16 0 -1 0 -125.53125 -0.75 1 0 1
0 -8 144 12 0 -1 0 -125.53125 -0.78125 1 0 1
maps_rp_surdonoso_realworldtextures_floor_mixtile_solid_white_1424_14430_314
0 8 144 16 0 -1 0 -125.40625 -0.75 1 0 1
0 -8 144 12 0 -1 0 -125.53125 -0.78125 1 0 1
0 8 144 12 0 -1 0 -125.40625 -0.78125 1 0 1
maps_rp_surdonoso_realworldtextures_floor_mixtile_solid_white_1424_14430_314
0 8 144 12 1 0 0 -2.21875 -0.78125 1 0 1
0 8 160 12 1 0 0 -2.34375 -0.78125 1 0 1
0 8 160 16 1 0 0 -2.34375 -0.75 1 0 1
maps_rp_surdonoso_realworldtextures_floor_mixtile_solid_white_1424_14430_314
0 8 144 12 1 0 0 -2.21875 -0.78125 1 0 1
0 8 160 16 1 0 0 -2.34375 -0.75 1 0 1
0 8 144 16 1 0 0 -2.21875 -0.75 1 0 1
maps_rp_surdonoso_realworldtextures_floor_mixtile_solid_white_1424_14430_314
0 -8 144 16 -1 0 0 -2.21875 -0.75 1 0 1
0 -8 160 16 -1 0 0 -2.34375 -0.75 1 0 1
0 -8 160 12 -1 0 0 -2.34375 -0.78125 1 0 1
maps_rp_surdonoso_realworldtextures_floor_mixtile_solid_white_1424_14430_314
0 -8 144 16 -1 0 0 -2.21875 -0.75 1 0 1
0 -8 160 12 -1 0 0 -2.34375 -0.78125 1 0 1
0 -8 144 12 -1 0 0 -2.21875 -0.78125 1 0 1
maps_rp_surdonoso_realworldtextures_floor_mixtile_solid_white_1424_14430_314
0 8 -144 37 0 0 -1 0.03125 -124.40625 1 0 1
0 -8 -144 37 0 0 -1 0.03125 -124.53125 1 0 1
0 -8 -128 37 0 0 -1 -0.09375 -124.53125 1 0 1
maps_rp_surdonoso_realworldtextures_floor_mixtile_solid_white_1424_14430_314
0 8 -144 37 0 0 -1 0.03125 -124.40625 1 0 1
0 -8 -128 37 0 0 -1 -0.09375 -124.53125 1 0 1
0 8 -128 37 0 0 -1 -0.09375 -124.40625 1 0 1
maps_rp_surdonoso_realworldtextures_floor_mixtile_solid_white_1424_14430_314
0 -8 -144 41 0 0 1 0.03125 -124.53125 1 0 1
0 8 -144 41 0 0 1 0.03125 -124.40625 1 0 1
0 8 -128 41 0 0 1 -0.09375 -124.40625 1 0 1
maps_rp_surdonoso_realworldtextures_floor_mixtile_solid_white_1424_14430_314
0 -8 -144 41 0 0 1 0.03125 -124.53125 1 0 1
0 8 -128 41 0 0 1 -0.09375 -124.40625 1 0 1
0 -8 -128 41 0 0 1 -0.09375 -124.53125 1 0 1
maps_rp_surdonoso_realworldtextures_floor_mixtile_solid_white_1424_14430_314
0 8 -128 37 0 1 0 -125.40625 -0.585938 1 0 1
0 -8 -128 37 0 1 0 -125.53125 -0.585938 1 0 1
0 -8 -128 41 0 1 0 -125.53125 -0.554688 1 0 1
maps_rp_surdonoso_realworldtextures_floor_mixtile_solid_white_1424_14430_314
0 8 -128 37 0 1 0 -125.40625 -0.585938 1 0 1
0 -8 -128 41 0 1 0 -125.53125 -0.554688 1 0 1
0 8 -128 41 0 1 0 -125.40625 -0.554688 1 0 1
maps_rp_surdonoso_realworldtextures_floor_mixtile_solid_white_1424_14430_314
0 8 -144 41 0 -1 0 -125.40625 -0.554688 1 0 1
0 -8 -144 41 0 -1 0 -125.53125 -0.554688 1 0 1
0 -8 -144 37 0 -1 0 -125.53125 -0.585938 1 0 1
maps_rp_surdonoso_realworldtextures_floor_mixtile_solid_white_1424_14430_314
0 8 -144 41 0 -1 0 -125.40625 -0.554688 1 0 1
0 -8 -144 37 0 -1 0 -125.53125 -0.585938 1 0 1
0 8 -144 37 0 -1 0 -125.40625 -0.585938 1 0 1
maps_rp_surdonoso_realworldtextures_floor_mixtile_solid_white_1424_14430_314
0 8 -144 37 1 0 0 0.03125 -0.585938 1 0 1
0 8 -128 37 1 0 0 -0.09375 -0.585938 1 0 1
0 8 -128 41 1 0 0 -0.09375 -0.554688 1 0 1
maps_rp_surdonoso_realworldtextures_floor_mixtile_solid_white_1424_14430_314
0 8 -144 37 1 0 0 0.03125 -0.585938 1 0 1
0 8 -128 41 1 0 0 -0.09375 -0.554688 1 0 1
0 8 -144 41 1 0 0 0.03125 -0.554688 1 0 1
maps_rp_surdonoso_realworldtextures_floor_mixtile_solid_white_1424_14430_314
0 -8 -144 41 -1 0 0 0.03125 -0.554688 1 0 1
0 -8 -128 41 -1 0 0 -0.09375 -0.554688 1 0 1
0 -8 -128 37 -1 0 0 -0.09375 -0.585938 1 0 1
maps_rp_surdonoso_realworldtextures_floor_mixtile_solid_white_1424_14430_314
0 -8 -144 41 -1 0 0 0.03125 -0.554688 1 0 1
0 -8 -128 37 -1 0 0 -0.09375 -0.585938 1 0 1
0 -8 -144 37 -1 0 0 0.03125 -0.585938 1 0 1
maps_rp_surdonoso_realworldtextures_floor_mixtile_solid_white_1424_14430_314
0 6 -142 16 0 0 -1 0.015625 -124.421875 1 0 1
0 -6 -142 16 0 0 -1 0.015625 -124.515625 1 0 1
0 -6 -130 16 0 0 -1 -0.078125 -124.515625 1 0 1
maps_rp_surdonoso_realworldtextures_floor_mixtile_solid_white_1424_14430_314
0 6 -142 16 0 0 -1 0.015625 -124.421875 1 0 1
0 -6 -130 16 0 0 -1 -0.078125 -124.515625 1 0 1
0 6 -130 16 0 0 -1 -0.078125 -124.421875 1 0 1
maps_rp_surdonoso_realworldtextures_floor_mixtile_solid_white_1424_14430_314
0 -6 -142 18 0 0 1 0.015625 -124.515625 1 0 1
0 6 -142 18 0 0 1 0.015625 -124.421875 1 0 1
0 6 -130 18 0 0 1 -0.078125 -124.421875 1 0 1
maps_rp_surdonoso_realworldtextures_floor_mixtile_solid_white_1424_14430_314
0 -6 -142 18 0 0 1 0.015625 -124.515625 1 0 1
0 6 -130 18 0 0 1 -0.078125 -124.421875 1 0 1
0 -6 -130 18 0 0 1 -0.078125 -124.515625 1 0 1
maps_rp_surdonoso_realworldtextures_floor_mixtile_solid_white_1424_14430_314
0 6 -130 16 0 1 0 -125.421875 -0.75 1 0 1
0 -6 -130 16 0 1 0 -125.515625 -0.75 1 0 1
0 -6 -130 18 0 1 0 -125.515625 -0.734375 1 0 1
maps_rp_surdonoso_realworldtextures_floor_mixtile_solid_white_1424_14430_314
0 6 -130 16 0 1 0 -125.421875 -0.75 1 0 1
0 -6 -130 18 0 1 0 -125.515625 -0.734375 1 0 1
0 6 -130 18 0 1 0 -125.421875 -0.734375 1 0 1
maps_rp_surdonoso_realworldtextures_floor_mixtile_solid_white_1424_14430_314
0 6 -142 18 0 -1 0 -125.421875 -0.734375 1 0 1
0 -6 -142 18 0 -1 0 -125.515625 -0.734375 1 0 1
0 -6 -142 16 0 -1 0 -125.515625 -0.75 1 0 1
maps_rp_surdonoso_realworldtextures_floor_mixtile_solid_white_1424_14430_314
0 6 -142 18 0 -1 0 -125.421875 -0.734375 1 0 1
0 -6 -142 16 0 -1 0 -125.515625 -0.75 1 0 1
0 6 -142 16 0 -1 0 -125.421875 -0.75 1 0 1
maps_rp_surdonoso_realworldtextures_floor_mixtile_solid_white_1424_14430_314
0 6 -142 16 1 0 0 0.015625 -0.75 1 0 1
0 6 -130 16 1 0 0 -0.078125 -0.75 1 0 1
0 6 -130 18 1 0 0 -0.078125 -0.734375 1 0 1
maps_rp_surdonoso_realworldtextures_floor_mixtile_solid_white_1424_14430_314
0 6 -142 16 1 0 0 0.015625 -0.75 1 0 1
0 6 -130 18 1 0 0 -0.078125 -0.734375 1 0 1
0 6 -142 18 1 0 0 0.015625 -0.734375 1 0 1
maps_rp_surdonoso_realworldtextures_floor_mixtile_solid_white_1424_14430_314
0 -6 -142 18 -1 0 0 0.015625 -0.734375 1 0 1
0 -6 -130 18 -1 0 0 -0.078125 -0.734375 1 0 1
0 -6 -130 16 -1 0 0 -0.078125 -0.75 1 0 1
maps_rp_surdonoso_realworldtextures_floor_mixtile_solid_white_1424_14430_314
0 -6 -142 18 -1 0 0 0.015625 -0.734375 1 0 1
0 -6 -130 16 -1 0 0 -0.078125 -0.75 1 0 1
0 -6 -142 16 -1 0 0 0.015625 -0.75 1 0 1
maps_rp_surdonoso_realworldtextures_floor_mixtile_solid_white_1424_14430_314
0 -8 -144 16 0 0 1 0.03125 -124.53125 1 0 1
0 8 -144 16 0 0 1 0.03125 -124.40625 1 0 1
0 8 -128 16 0 0 1 -0.09375 -124.40625 1 0 1
maps_rp_surdonoso_realworldtextures_floor_mixtile_solid_white_1424_14430_314
0 -8 -144 16 0 0 1 0.03125 -124.53125 1 0 1
0 8 -128 16 0 0 1 -0.09375 -124.40625 1 0 1
0 -8 -128 16 0 0 1 -0.09375 -124.53125 1 0 1
maps_rp_surdonoso_realworldtextures_floor_mixtile_solid_white_1424_14430_314
0 8 -128 12 0 1 0 -125.40625 -0.78125 1 0 1
0 -8 -128 12 0 1 0 -125.53125 -0.78125 1 0 1
0 -8 -128 16 0 1 0 -125.53125 -0.75 1 0 1
maps_rp_surdonoso_realworldtextures_floor_mixtile_solid_white_1424_14430_314
0 8 -128 12 0 1 0 -125.40625 -0.78125 1 0 1
0 -8 -128 16 0 1 0 -125.53125 -0.75 1 0 1
0 8 -128 16 0 1 0 -125.40625 -0.75 1 0 1
maps_rp_surdonoso_realworldtextures_floor_mixtile_solid_white_1424_14430_314
0 8 -144 16 0 -1 0 -125.40625 -0.75 1 0 1
0 -8 -144 16 0 -1 0 -125.53125 -0.75 1 0 1
0 -8 -144 12 0 -1 0 -125.53125 -0.78125 1 0 1
maps_rp_surdonoso_realworldtextures_floor_mixtile_solid_white_1424_14430_314
0 8 -144 16 0 -1 0 -125.40625 -0.75 1 0 1
0 -8 -144 12 0 -1 0 -125.53125 -0.78125 1 0 1
0 8 -144 12 0 -1 0 -125.40625 -0.78125 1 0 1
maps_rp_surdonoso_realworldtextures_floor_mixtile_solid_white_1424_14430_314
0 8 -144 12 1 0 0 0.03125 -0.78125 1 0 1
0 8 -128 12 1 0 0 -0.09375 -0.78125 1 0 1
0 8 -128 16 1 0 0 -0.09375 -0.75 1 0 1
maps_rp_surdonoso_realworldtextures_floor_mixtile_solid_white_1424_14430_314
0 8 -144 12 1 0 0 0.03125 -0.78125 1 0 1
0 8 -128 16 1 0 0 -0.09375 -0.75 1 0 1
0 8 -144 16 1 0 0 0.03125 -0.75 1 0 1
maps_rp_surdonoso_realworldtextures_floor_mixtile_solid_white_1424_14430_314
0 -8 -144 16 -1 0 0 0.03125 -0.75 1 0 1
0 -8 -128 16 -1 0 0 -0.09375 -0.75 1 0 1
0 -8 -128 12 -1 0 0 -0.09375 -0.78125 1 0 1
maps_rp_surdonoso_realworldtextures_floor_mixtile_solid_white_1424_14430_314
0 -8 -144 16 -1 0 0 0.03125 -0.75 1 0 1
0 -8 -128 12 -1 0 0 -0.09375 -0.78125 1 0 1
0 -8 -144 12 -1 0 0 0.03125 -0.78125 1 0 1
maps_rp_surdonoso_realworldtextures_floor_mixtile_solid_white_1424_14430_314
0 -4 -140 35 0 0 1 0 -124.5 1 0 1
0 4 -140 35 0 0 1 0 -124.4375 1 0 1
0 4 -132 35 0 0 1 -0.0625 -124.4375 1 0 1
maps_rp_surdonoso_realworldtextures_floor_mixtile_solid_white_1424_14430_314
0 -4 -140 35 0 0 1 0 -124.5 1 0 1
0 4 -132 35 0 0 1 -0.0625 -124.4375 1 0 1
0 -4 -132 35 0 0 1 -0.0625 -124.5 1 0 1
maps_rp_surdonoso_realworldtextures_floor_mixtile_solid_white_1424_14430_314
0 4 -140 18 0 0 -1 0 -124.4375 1 0 1
0 -4 -140 18 0 0 -1 0 -124.5 1 0 1
0 -4 -132 18 0 0 -1 -0.0625 -124.5 1 0 1
maps_rp_surdonoso_realworldtextures_floor_mixtile_solid_white_1424_14430_314
0 4 -140 18 0 0 -1 0 -124.4375 1 0 1
0 -4 -132 18 0 0 -1 -0.0625 -124.5 1 0 1
0 4 -132 18 0 0 -1 -0.0625 -124.4375 1 0 1
maps_rp_surdonoso_realworldtextures_floor_mixtile_solid_white_1424_14430_314
0 4 -132 18 0 1 0 -125.4375 -0.734375 1 0 1
0 -4 -132 18 0 1 0 -125.5 -0.734375 1 0 1
0 -4 -132 35 0 1 0 -125.5 -0.601562 1 0 1
maps_rp_surdonoso_realworldtextures_floor_mixtile_solid_white_1424_14430_314
0 4 -132 18 0 1 0 -125.4375 -0.734375 1 0 1
0 -4 -132 35 0 1 0 -125.5 -0.601562 1 0 1
0 4 -132 35 0 1 0 -125.4375 -0.601562 1 0 1
maps_rp_surdonoso_realworldtextures_floor_mixtile_solid_white_1424_14430_314
0 4 -140 35 0 -1 0 -125.4375 -0.601562 1 0 1
0 -4 -140 35 0 -1 0 -125.5 -0.601562 1 0 1
0 -4 -140 18 0 -1 0 -125.5 -0.734375 1 0 1
maps_rp_surdonoso_realworldtextures_floor_mixtile_solid_white_1424_14430_314
0 4 -140 35 0 -1 0 -125.4375 -0.601562 1 0 1
0 -4 -140 18 0 -1 0 -125.5 -0.734375 1 0 1
0 4 -140 18 0 -1 0 -125.4375 -0.734375 1 0 1
maps_rp_surdonoso_realworldtextures_floor_mixtile_solid_white_1424_14430_314
0 4 -140 18 1 0 0 0 -0.734375 1 0 1
0 4 -132 18 1 0 0 -0.0625 -0.734375 1 0 1
0 4 -132 35 1 0 0 -0.0625 -0.601562 1 0 1
maps_rp_surdonoso_realworldtextures_floor_mixtile_solid_white_1424_14430_314
0 4 -140 18 1 0 0 0 -0.734375 1 0 1
0 4 -132 35 1 0 0 -0.0625 -0.601562 1 0 1
0 4 -140 35 1 0 0 0 -0.601562 1 0 1
maps_rp_surdonoso_realworldtextures_floor_mixtile_solid_white_1424_14430_314
0 -4 -140 35 -1 0 0 0 -0.601562 1 0 1
0 -4 -132 35 -1 0 0 -0.0625 -0.601562 1 0 1
0 -4 -132 18 -1 0 0 -0.0625 -0.734375 1 0 1
maps_rp_surdonoso_realworldtextures_floor_mixtile_solid_white_1424_14430_314
0 -4 -140 35 -1 0 0 0 -0.601562 1 0 1
0 -4 -132 18 -1 0 0 -0.0625 -0.734375 1 0 1
0 -4 -140 18 -1 0 0 0 -0.734375 1 0 1
maps_rp_surdonoso_realworldtextures_floor_mixtile_solid_white_1424_14430_314
0 6 -142 35 0 0 -1 0.015625 -124.421875 1 0 1
0 -6 -142 35 0 0 -1 0.015625 -124.515625 1 0 1
0 -6 -130 35 0 0 -1 -0.078125 -124.515625 1 0 1
maps_rp_surdonoso_realworldtextures_floor_mixtile_solid_white_1424_14430_314
0 6 -142 35 0 0 -1 0.015625 -124.421875 1 0 1
0 -6 -130 35 0 0 -1 -0.078125 -124.515625 1 0 1
0 6 -130 35 0 0 -1 -0.078125 -124.421875 1 0 1
maps_rp_surdonoso_realworldtextures_floor_mixtile_solid_white_1424_14430_314
0 -6 -142 37 0 0 1 0.015625 -124.515625 1 0 1
0 6 -142 37 0 0 1 0.015625 -124.421875 1 0 1
0 6 -130 37 0 0 1 -0.078125 -124.421875 1 0 1
maps_rp_surdonoso_realworldtextures_floor_mixtile_solid_white_1424_14430_314
0 -6 -142 37 0 0 1 0.015625 -124.515625 1 0 1
0 6 -130 37 0 0 1 -0.078125 -124.421875 1 0 1
0 -6 -130 37 0 0 1 -0.078125 -124.515625 1 0 1
maps_rp_surdonoso_realworldtextures_floor_mixtile_solid_white_1424_14430_314
0 6 -130 35 0 1 0 -125.421875 -0.601562 1 0 1
0 -6 -130 35 0 1 0 -125.515625 -0.601562 1 0 1
0 -6 -130 37 0 1 0 -125.515625 -0.585938 1 0 1
maps_rp_surdonoso_realworldtextures_floor_mixtile_solid_white_1424_14430_314
0 6 -130 35 0 1 0 -125.421875 -0.601562 1 0 1
0 -6 -130 37 0 1 0 -125.515625 -0.585938 1 0 1
0 6 -130 37 0 1 0 -125.421875 -0.585938 1 0 1
maps_rp_surdonoso_realworldtextures_floor_mixtile_solid_white_1424_14430_314
0 6 -142 37 0 -1 0 -125.421875 -0.585938 1 0 1
0 -6 -142 37 0 -1 0 -125.515625 -0.585938 1 0 1
0 -6 -142 35 0 -1 0 -125.515625 -0.601562 1 0 1
maps_rp_surdonoso_realworldtextures_floor_mixtile_solid_white_1424_14430_314
0 6 -142 37 0 -1 0 -125.421875 -0.585938 1 0 1
0 -6 -142 35 0 -1 0 -125.515625 -0.601562 1 0 1
0 6 -142 35 0 -1 0 -125.421875 -0.601562 1 0 1
maps_rp_surdonoso_realworldtextures_floor_mixtile_solid_white_1424_14430_314
0 6 -142 35 1 0 0 0.015625 -0.601562 1 0 1
0 6 -130 35 1 0 0 -0.078125 -0.601562 1 0 1
0 6 -130 37 1 0 0 -0.078125 -0.585938 1 0 1
maps_rp_surdonoso_realworldtextures_floor_mixtile_solid_white_1424_14430_314
0 6 -142 35 1 0 0 0.015625 -0.601562 1 0 1
0 6 -130 37 1 0 0 -0.078125 -0.585938 1 0 1
0 6 -142 37 1 0 0 0.015625 -0.585938 1 0 1
maps_rp_surdonoso_realworldtextures_floor_mixtile_solid_white_1424_14430_314
0 -6 -142 37 -1 0 0 0.015625 -0.585938 1 0 1
0 -6 -130 37 -1 0 0 -0.078125 -0.585938 1 0 1
0 -6 -130 35 -1 0 0 -0.078125 -0.601562 1 0 1
maps_rp_surdonoso_realworldtextures_floor_mixtile_solid_white_1424_14430_314
0 -6 -142 37 -1 0 0 0.015625 -0.585938 1 0 1
0 -6 -130 35 -1 0 0 -0.078125 -0.601562 1 0 1
0 -6 -142 35 -1 0 0 0.015625 -0.601562 1 0 1
maps_rp_surdonoso_realworldtextures_floor_mixtile_solid_white_1424_14430_314
0 8 -128 37 0 0 -1 -0.09375 -124.40625 1 0 1
0 -8 -128 37 0 0 -1 -0.09375 -124.53125 1 0 1
0 -8 -112 37 0 0 -1 -0.21875 -124.53125 1 0 1
maps_rp_surdonoso_realworldtextures_floor_mixtile_solid_white_1424_14430_314
0 8 -128 37 0 0 -1 -0.09375 -124.40625 1 0 1
0 -8 -112 37 0 0 -1 -0.21875 -124.53125 1 0 1
0 8 -112 37 0 0 -1 -0.21875 -124.40625 1 0 1
maps_rp_surdonoso_realworldtextures_floor_mixtile_solid_white_1424_14430_314
0 -8 -128 41 0 0 1 -0.09375 -124.53125 1 0 1
0 8 -128 41 0 0 1 -0.09375 -124.40625 1 0 1
0 8 -112 41 0 0 1 -0.21875 -124.40625 1 0 1
maps_rp_surdonoso_realworldtextures_floor_mixtile_solid_white_1424_14430_314
0 -8 -128 41 0 0 1 -0.09375 -124.53125 1 0 1
0 8 -112 41 0 0 1 -0.21875 -124.40625 1 0 1
0 -8 -112 41 0 0 1 -0.21875 -124.53125 1 0 1
maps_rp_surdonoso_realworldtextures_floor_mixtile_solid_white_1424_14430_314
0 8 -112 37 0 1 0 -125.40625 -0.585938 1 0 1
0 -8 -112 37 0 1 0 -125.53125 -0.585938 1 0 1
0 -8 -112 41 0 1 0 -125.53125 -0.554688 1 0 1
maps_rp_surdonoso_realworldtextures_floor_mixtile_solid_white_1424_14430_314
0 8 -112 37 0 1 0 -125.40625 -0.585938 1 0 1
0 -8 -112 41 0 1 0 -125.53125 -0.554688 1 0 1
0 8 -112 41 0 1 0 -125.40625 -0.554688 1 0 1
maps_rp_surdonoso_realworldtextures_floor_mixtile_solid_white_1424_14430_314
0 8 -128 41 0 -1 0 -125.40625 -0.554688 1 0 1
0 -8 -128 41 0 -1 0 -125.53125 -0.554688 1 0 1
0 -8 -128 37 0 -1 0 -125.53125 -0.585938 1 0 1
maps_rp_surdonoso_realworldtextures_floor_mixtile_solid_white_1424_14430_314
0 8 -128 41 0 -1 0 -125.40625 -0.554688 1 0 1
0 -8 -128 37 0 -1 0 -125.53125 -0.585938 1 0 1
0 8 -128 37 0 -1 0 -125.40625 -0.585938 1 0 1
maps_rp_surdonoso_realworldtextures_floor_mixtile_solid_white_1424_14430_314
0 8 -128 37 1 0 0 -0.09375 -0.585938 1 0 1
0 8 -112 37 1 0 0 -0.21875 -0.585938 1 0 1
0 8 -112 41 1 0 0 -0.21875 -0.554688 1 0 1
maps_rp_surdonoso_realworldtextures_floor_mixtile_solid_white_1424_14430_314
0 8 -128 37 1 0 0 -0.09375 -0.585938 1 0 1
0 8 -112 41 1 0 0 -0.21875 -0.554688 1 0 1
0 8 -128 41 1 0 0 -0.09375 -0.554688 1 0 1
maps_rp_surdonoso_realworldtextures_floor_mixtile_solid_white_1424_14430_314
0 -8 -128 41 -1 0 0 -0.09375 -0.554688 1 0 1
0 -8 -112 41 -1 0 0 -0.21875 -0.554688 1 0 1
0 -8 -112 37 -1 0 0 -0.21875 -0.585938 1 0 1
maps_rp_surdonoso_realworldtextures_floor_mixtile_solid_white_1424_14430_314
0 -8 -128 41 -1 0 0 -0.09375 -0.554688 1 0 1
0 -8 -112 37 -1 0 0 -0.21875 -0.585938 1 0 1
0 -8 -128 37 -1 0 0 -0.09375 -0.585938 1 0 1
maps_rp_surdonoso_realworldtextures_floor_mixtile_solid_white_1424_14430_314
0 -4 -124 35 0 0 1 -0.125 -124.5 1 0 1
0 4 -124 35 0 0 1 -0.125 -124.4375 1 0 1
0 4 -116 35 0 0 1 -0.1875 -124.4375 1 0 1
maps_rp_surdonoso_realworldtextures_floor_mixtile_solid_white_1424_14430_314
0 -4 -124 35 0 0 1 -0.125 -124.5 1 0 1
0 4 -116 35 0 0 1 -0.1875 -124.4375 1 0 1
0 -4 -116 35 0 0 1 -0.1875 -124.5 1 0 1
maps_rp_surdonoso_realworldtextures_floor_mixtile_solid_white_1424_14430_314
0 4 -124 18 0 0 -1 -0.125 -124.4375 1 0 1
0 -4 -124 18 0 0 -1 -0.125 -124.5 1 0 1
0 -4 -116 18 0 0 -1 -0.1875 -124.5 1 0 1
maps_rp_surdonoso_realworldtextures_floor_mixtile_solid_white_1424_14430_314
0 4 -124 18 0 0 -1 -0.125 -124.4375 1 0 1
0 -4 -116 18 0 0 -1 -0.1875 -124.5 1 0 1
0 4 -116 18 0 0 -1 -0.1875 -124.4375 1 0 1
maps_rp_surdonoso_realworldtextures_floor_mixtile_solid_white_1424_14430_314
0 4 -116 18 0 1 0 -125.4375 -0.734375 1 0 1
0 -4 -116 18 0 1 0 -125.5 -0.734375 1 0 1
0 -4 -116 35 0 1 0 -125.5 -0.601562 1 0 1
maps_rp_surdonoso_realworldtextures_floor_mixtile_solid_white_1424_14430_314
0 4 -116 18 0 1 0 -125.4375 -0.734375 1 0 1
0 -4 -116 35 0 1 0 -125.5 -0.601562 1 0 1
0 4 -116 35 0 1 0 -125.4375 -0.601562 1 0 1
maps_rp_surdonoso_realworldtextures_floor_mixtile_solid_white_1424_14430_314
0 4 -124 35 0 -1 0 -125.4375 -0.601562 1 0 1
0 -4 -124 35 0 -1 0 -125.5 -0.601562 1 0 1
0 -4 -124 18 0 -1 0 -125.5 -0.734375 1 0 1
maps_rp_surdonoso_realworldtextures_floor_mixtile_solid_white_1424_14430_314
0 4 -124 35 0 -1 0 -125.4375 -0.601562 1 0 1
0 -4 -124 18 0 -1 0 -125.5 -0.734375 1 0 1
0 4 -124 18 0 -1 0 -125.4375 -0.734375 1 0 1
maps_rp_surdonoso_realworldtextures_floor_mixtile_solid_white_1424_14430_314
0 4 -124 18 1 0 0 -0.125 -0.734375 1 0 1
0 4 -116 18 1 0 0 -0.1875 -0.734375 1 0 1
0 4 -116 35 1 0 0 -0.1875 -0.601562 1 0 1
maps_rp_surdonoso_realworldtextures_floor_mixtile_solid_white_1424_14430_314
0 4 -124 18 1 0 0 -0.125 -0.734375 1 0 1
0 4 -116 35 1 0 0 -0.1875 -0.601562 1 0 1
0 4 -124 35 1 0 0 -0.125 -0.601562 1 0 1
maps_rp_surdonoso_realworldtextures_floor_mixtile_solid_white_1424_14430_314
0 -4 -124 35 -1 0 0 -0.125 -0.601562 1 0 1
0 -4 -116 35 -1 0 0 -0.1875 -0.601562 1 0 1
0 -4 -116 18 -1 0 0 -0.1875 -0.734375 1 0 1
maps_rp_surdonoso_realworldtextures_floor_mixtile_solid_white_1424_14430_314
0 -4 -124 35 -1 0 0 -0.125 -0.601562 1 0 1
0 -4 -116 18 -1 0 0 -0.1875 -0.734375 1 0 1
0 -4 -124 18 -1 0 0 -0.125 -0.734375 1 0 1
maps_rp_surdonoso_realworldtextures_floor_mixtile_solid_white_1424_14430_314
0 6 -126 35 0 0 -1 -0.109375 -124.421875 1 0 1
0 -6 -126 35 0 0 -1 -0.109375 -124.515625 1 0 1
0 -6 -114 35 0 0 -1 -0.203125 -124.515625 1 0 1
maps_rp_surdonoso_realworldtextures_floor_mixtile_solid_white_1424_14430_314
0 6 -126 35 0 0 -1 -0.109375 -124.421875 1 0 1
0 -6 -114 35 0 0 -1 -0.203125 -124.515625 1 0 1
0 6 -114 35 0 0 -1 -0.203125 -124.421875 1 0 1
maps_rp_surdonoso_realworldtextures_floor_mixtile_solid_white_1424_14430_314
0 -6 -126 37 0 0 1 -0.109375 -124.515625 1 0 1
0 6 -126 37 0 0 1 -0.109375 -124.421875 1 0 1
0 6 -114 37 0 0 1 -0.203125 -124.421875 1 0 1
maps_rp_surdonoso_realworldtextures_floor_mixtile_solid_white_1424_14430_314
0 -6 -126 37 0 0 1 -0.109375 -124.515625 1 0 1
0 6 -114 37 0 0 1 -0.203125 -124.421875 1 0 1
0 -6 -114 37 0 0 1 -0.203125 -124.515625 1 0 1
maps_rp_surdonoso_realworldtextures_floor_mixtile_solid_white_1424_14430_314
0 6 -114 35 0 1 0 -125.421875 -0.601562 1 0 1
0 -6 -114 35 0 1 0 -125.515625 -0.601562 1 0 1
0 -6 -114 37 0 1 0 -125.515625 -0.585938 1 0 1
maps_rp_surdonoso_realworldtextures_floor_mixtile_solid_white_1424_14430_314
0 6 -114 35 0 1 0 -125.421875 -0.601562 1 0 1
0 -6 -114 37 0 1 0 -125.515625 -0.585938 1 0 1
0 6 -114 37 0 1 0 -125.421875 -0.585938 1 0 1
maps_rp_surdonoso_realworldtextures_floor_mixtile_solid_white_1424_14430_314
0 6 -126 37 0 -1 0 -125.421875 -0.585938 1 0 1
0 -6 -126 37 0 -1 0 -125.515625 -0.585938 1 0 1
0 -6 -126 35 0 -1 0 -125.515625 -0.601562 1 0 1
maps_rp_surdonoso_realworldtextures_floor_mixtile_solid_white_1424_14430_314
0 6 -126 37 0 -1 0 -125.421875 -0.585938 1 0 1
0 -6 -126 35 0 -1 0 -125.515625 -0.601562 1 0 1
0 6 -126 35 0 -1 0 -125.421875 -0.601562 1 0 1
maps_rp_surdonoso_realworldtextures_floor_mixtile_solid_white_1424_14430_314
0 6 -126 35 1 0 0 -0.109375 -0.601562 1 0 1
0 6 -114 35 1 0 0 -0.203125 -0.601562 1 0 1
0 6 -114 37 1 0 0 -0.203125 -0.585938 1 0 1
maps_rp_surdonoso_realworldtextures_floor_mixtile_solid_white_1424_14430_314
0 6 -126 35 1 0 0 -0.109375 -0.601562 1 0 1
0 6 -114 37 1 0 0 -0.203125 -0.585938 1 0 1
0 6 -126 37 1 0 0 -0.109375 -0.585938 1 0 1
maps_rp_surdonoso_realworldtextures_floor_mixtile_solid_white_1424_14430_314
0 -6 -126 37 -1 0 0 -0.109375 -0.585938 1 0 1
0 -6 -114 37 -1 0 0 -0.203125 -0.585938 1 0 1
0 -6 -114 35 -1 0 0 -0.203125 -0.601562 1 0 1
maps_rp_surdonoso_realworldtextures_floor_mixtile_solid_white_1424_14430_314
0 -6 -126 37 -1 0 0 -0.109375 -0.585938 1 0 1
0 -6 -114 35 -1 0 0 -0.203125 -0.601562 1 0 1
0 -6 -126 35 -1 0 0 -0.109375 -0.601562 1 0 1
maps_rp_surdonoso_realworldtextures_floor_mixtile_solid_white_1424_14430_314
0 6 -126 16 0 0 -1 -0.109375 -124.421875 1 0 1
0 -6 -126 16 0 0 -1 -0.109375 -124.515625 1 0 1
0 -6 -114 16 0 0 -1 -0.203125 -124.515625 1 0 1
maps_rp_surdonoso_realworldtextures_floor_mixtile_solid_white_1424_14430_314
0 6 -126 16 0 0 -1 -0.109375 -124.421875 1 0 1
0 -6 -114 16 0 0 -1 -0.203125 -124.515625 1 0 1
0 6 -114 16 0 0 -1 -0.203125 -124.421875 1 0 1
maps_rp_surdonoso_realworldtextures_floor_mixtile_solid_white_1424_14430_314
0 -6 -126 18 0 0 1 -0.109375 -124.515625 1 0 1
0 6 -126 18 0 0 1 -0.109375 -124.421875 1 0 1
0 6 -114 18 0 0 1 -0.203125 -124.421875 1 0 1
maps_rp_surdonoso_realworldtextures_floor_mixtile_solid_white_1424_14430_314
0 -6 -126 18 0 0 1 -0.109375 -124.515625 1 0 1
0 6 -114 18 0 0 1 -0.203125 -124.421875 1 0 1
0 -6 -114 18 0 0 1 -0.203125 -124.515625 1 0 1
maps_rp_surdonoso_realworldtextures_floor_mixtile_solid_white_1424_14430_314
0 6 -114 16 0 1 0 -125.421875 -0.75 1 0 1
0 -6 -114 16 0 1 0 -125.515625 -0.75 1 0 1
0 -6 -114 18 0 1 0 -125.515625 -0.734375 1 0 1
maps_rp_surdonoso_realworldtextures_floor_mixtile_solid_white_1424_14430_314
0 6 -114 16 0 1 0 -125.421875 -0.75 1 0 1
0 -6 -114 18 0 1 0 -125.515625 -0.734375 1 0 1
0 6 -114 18 0 1 0 -125.421875 -0.734375 1 0 1
maps_rp_surdonoso_realworldtextures_floor_mixtile_solid_white_1424_14430_314
0 6 -126 18 0 -1 0 -125.421875 -0.734375 1 0 1
0 -6 -126 18 0 -1 0 -125.515625 -0.734375 1 0 1
0 -6 -126 16 0 -1 0 -125.515625 -0.75 1 0 1
maps_rp_surdonoso_realworldtextures_floor_mixtile_solid_white_1424_14430_314
0 6 -126 18 0 -1 0 -125.421875 -0.734375 1 0 1
0 -6 -126 16 0 -1 0 -125.515625 -0.75 1 0 1
0 6 -126 16 0 -1 0 -125.421875 -0.75 1 0 1
maps_rp_surdonoso_realworldtextures_floor_mixtile_solid_white_1424_14430_314
0 6 -126 16 1 0 0 -0.109375 -0.75 1 0 1
0 6 -114 16 1 0 0 -0.203125 -0.75 1 0 1
0 6 -114 18 1 0 0 -0.203125 -0.734375 1 0 1
maps_rp_surdonoso_realworldtextures_floor_mixtile_solid_white_1424_14430_314
0 6 -126 16 1 0 0 -0.109375 -0.75 1 0 1
0 6 -114 18 1 0 0 -0.203125 -0.734375 1 0 1
0 6 -126 18 1 0 0 -0.109375 -0.734375 1 0 1
maps_rp_surdonoso_realworldtextures_floor_mixtile_solid_white_1424_14430_314
0 -6 -126 18 -1 0 0 -0.109375 -0.734375 1 0 1
0 -6 -114 18 -1 0 0 -0.203125 -0.734375 1 0 1
0 -6 -114 16 -1 0 0 -0.203125 -0.75 1 0 1
maps_rp_surdonoso_realworldtextures_floor_mixtile_solid_white_1424_14430_314
0 -6 -126 18 -1 0 0 -0.109375 -0.734375 1 0 1
0 -6 -114 16 -1 0 0 -0.203125 -0.75 1 0 1
0 -6 -126 16 -1 0 0 -0.109375 -0.75 1 0 1
maps_rp_surdonoso_realworldtextures_floor_mixtile_solid_white_1424_14430_314
0 -8 -128 16 0 0 1 -0.09375 -124.53125 1 0 1
0 8 -128 16 0 0 1 -0.09375 -124.40625 1 0 1
0 8 -112 16 0 0 1 -0.21875 -124.40625 1 0 1
maps_rp_surdonoso_realworldtextures_floor_mixtile_solid_white_1424_14430_314
0 -8 -128 16 0 0 1 -0.09375 -124.53125 1 0 1
0 8 -112 16 0 0 1 -0.21875 -124.40625 1 0 1
0 -8 -112 16 0 0 1 -0.21875 -124.53125 1 0 1
maps_rp_surdonoso_realworldtextures_floor_mixtile_solid_white_1424_14430_314
0 8 -112 12 0 1 0 -125.40625 -0.78125 1 0 1
0 -8 -112 12 0 1 0 -125.53125 -0.78125 1 0 1
0 -8 -112 16 0 1 0 -125.53125 -0.75 1 0 1
maps_rp_surdonoso_realworldtextures_floor_mixtile_solid_white_1424_14430_314
0 8 -112 12 0 1 0 -125.40625 -0.78125 1 0 1
0 -8 -112 16 0 1 0 -125.53125 -0.75 1 0 1
0 8 -112 16 0 1 0 -125.40625 -0.75 1 0 1
maps_rp_surdonoso_realworldtextures_floor_mixtile_solid_white_1424_14430_314
0 8 -128 16 0 -1 0 -125.40625 -0.75 1 0 1
0 -8 -128 16 0 -1 0 -125.53125 -0.75 1 0 1
0 -8 -128 12 0 -1 0 -125.53125 -0.78125 1 0 1
maps_rp_surdonoso_realworldtextures_floor_mixtile_solid_white_1424_14430_314
0 8 -128 16 0 -1 0 -125.40625 -0.75 1 0 1
0 -8 -128 12 0 -1 0 -125.53125 -0.78125 1 0 1
0 8 -128 12 0 -1 0 -125.40625 -0.78125 1 0 1
maps_rp_surdonoso_realworldtextures_floor_mixtile_solid_white_1424_14430_314
0 8 -128 12 1 0 0 -0.09375 -0.78125 1 0 1
0 8 -112 12 1 0 0 -0.21875 -0.78125 1 0 1
0 8 -112 16 1 0 0 -0.21875 -0.75 1 0 1
maps_rp_surdonoso_realworldtextures_floor_mixtile_solid_white_1424_14430_314
0 8 -128 12 1 0 0 -0.09375 -0.78125 1 0 1
0 8 -112 16 1 0 0 -0.21875 -0.75 1 0 1
0 8 -128 16 1 0 0 -0.09375 -0.75 1 0 1
maps_rp_surdonoso_realworldtextures_floor_mixtile_solid_white_1424_14430_314
0 -8 -128 16 -1 0 0 -0.09375 -0.75 1 0 1
0 -8 -112 16 -1 0 0 -0.21875 -0.75 1 0 1
0 -8 -112 12 -1 0 0 -0.21875 -0.78125 1 0 1
maps_rp_surdonoso_realworldtextures_floor_mixtile_solid_white_1424_14430_314
0 -8 -128 16 -1 0 0 -0.09375 -0.75 1 0 1
0 -8 -112 12 -1 0 0 -0.21875 -0.78125 1 0 1
0 -8 -128 12 -1 0 0 -0.09375 -0.78125 1 0 1
end
