version 1
nodes
0 "root" -1
end
skeleton
time 0
0 0 0 0 0 0 0
end
triangles
brick_brickwall031a
0 -130 -76 360.999 -1 0 0 91.25 0.578117 1 0 1
0 -130 -76 377 -1 0 0 91.25 0.703125 1 0 1
0 -130 -60 377 -1 0 0 91.125 0.703125 1 0 1
brick_brickwall031a
0 319 -76 377 1 0 0 91.25 0.703125 1 0 1
0 319 -76 360.999 1 0 0 91.25 0.578117 1 0 1
0 319 -60 377 1 0 0 91.125 0.703125 1 0 1
brick_brickwall031a
0 319 -76 360.999 0 0.707129 -0.707085 -83 -89.71875 1 0 1
0 -130 -76 360.999 0 0.707129 -0.707085 -86.507812 -89.71875 1 0 1
0 -130 -60 377 0 0.707129 -0.707085 -86.507812 -89.59375 1 0 1
brick_brickwall031a
0 319 -76 360.999 0 0.707129 -0.707085 -83 -89.71875 1 0 1
0 -130 -60 377 0 0.707129 -0.707085 -86.507812 -89.59375 1 0 1
0 319 -60 377 0 0.707129 -0.707085 -83 -89.59375 1 0 1
wood_woodstair002a
0 -154 -164 289 0 1 0 -231.178971 -25.5 1 0 1
0 -154 -164 281 0 1 0 -231.178971 -26.5 1 0 1
0 -226 -164 281 0 1 0 -232.678172 -26.5 1 0 1
wood_woodstair002a
0 -154 -164 289 0 1 0 -231.178971 -25.5 1 0 1
0 -226 -164 281 0 1 0 -232.678172 -26.5 1 0 1
0 -226 -164 289 0 1 0 -232.678172 -25.5 1 0 1
wood_woodstair002a
0 -154 -172 281 0 -1 0 -231.178971 -26.5 1 0 1
0 -154 -172 289 0 -1 0 -231.178971 -25.5 1 0 1
0 -226 -172 289 0 -1 0 -232.678172 -25.5 1 0 1
wood_woodstair002a
0 -154 -172 281 0 -1 0 -231.178971 -26.5 1 0 1
0 -226 -172 289 0 -1 0 -232.678172 -25.5 1 0 1
0 -226 -172 281 0 -1 0 -232.678172 -26.5 1 0 1
wood_woodstair002c
0 -154 -172 281 0 0 -1 183 -345.75 1 0 1
0 -226 -172 281 0 0 -1 183 -348 1 0 1
0 -226 -164 281 0 0 -1 182.875 -348 1 0 1
wood_woodstair002c
0 -154 -172 281 0 0 -1 183 -345.75 1 0 1
0 -226 -164 281 0 0 -1 182.875 -348 1 0 1
0 -154 -164 281 0 0 -1 182.875 -345.75 1 0 1
wood_woodstair002c
0 -226 -172 289 0 0 1 183 -348 1 0 1
0 -154 -172 289 0 0 1 183 -345.75 1 0 1
0 -154 -164 289 0 0 1 182.875 -345.75 1 0 1
wood_woodstair002c
0 -226 -172 289 0 0 1 183 -348 1 0 1
0 -154 -164 289 0 0 1 182.875 -345.75 1 0 1
0 -226 -164 289 0 0 1 182.875 -348 1 0 1
wood_woodshelf002a
0 -73 -84 151 0 0 1 174.542819 -97.270952 1 0 1
0 7 -84 151 0 0 1 174.542819 -96.560724 1 0 1
0 7 -76 151 0 0 1 174.422626 -96.560724 1 0 1
wood_woodshelf002a
0 -73 -84 151 0 0 1 174.542819 -97.270952 1 0 1
0 7 -76 151 0 0 1 174.422626 -96.560724 1 0 1
0 -73 -76 151 0 0 1 174.422626 -97.270952 1 0 1
wood_woodshelf002a
0 7 -76 151 0 1 0 -164.66887 -1.901811 1 0 1
0 7 -76 149 0 1 0 -164.66887 -1.919567 1 0 1
0 -73 -76 149 0 1 0 -165.870793 -1.919567 1 0 1
wood_woodshelf002a
0 7 -76 151 0 1 0 -164.66887 -1.901811 1 0 1
0 -73 -76 149 0 1 0 -165.870793 -1.919567 1 0 1
0 -73 -76 151 0 1 0 -165.870793 -1.901811 1 0 1
wood_woodshelf002a
0 7 -84 149 0 -1 0 -164.66887 -1.919567 1 0 1
0 7 -84 151 0 -1 0 -164.66887 -1.901811 1 0 1
0 -73 -84 151 0 -1 0 -165.870793 -1.901811 1 0 1
wood_woodshelf002a
0 7 -84 149 0 -1 0 -164.66887 -1.919567 1 0 1
0 -73 -84 151 0 -1 0 -165.870793 -1.901811 1 0 1
0 -73 -84 149 0 -1 0 -165.870793 -1.919567 1 0 1
wood_woodstair002a
0 -154 -212 209 0 1 0 -231.178971 -35.5 1 0 1
0 -154 -212 201 0 1 0 -231.178971 -36.5 1 0 1
0 -226 -212 201 0 1 0 -232.678172 -36.5 1 0 1
wood_woodstair002a
0 -154 -212 209 0 1 0 -231.178971 -35.5 1 0 1
0 -226 -212 201 0 1 0 -232.678172 -36.5 1 0 1
0 -226 -212 209 0 1 0 -232.678172 -35.5 1 0 1
wood_woodstair002a
0 -154 -220 201 0 -1 0 -231.178971 -36.5 1 0 1
0 -154 -220 209 0 -1 0 -231.178971 -35.5 1 0 1
0 -226 -220 209 0 -1 0 -232.678172 -35.5 1 0 1
wood_woodstair002a
0 -154 -220 201 0 -1 0 -231.178971 -36.5 1 0 1
0 -226 -220 209 0 -1 0 -232.678172 -35.5 1 0 1
0 -226 -220 201 0 -1 0 -232.678172 -36.5 1 0 1
wood_woodstair002c
0 -154 -220 201 0 0 -1 183.75 -345.75 1 0 1
0 -226 -220 201 0 0 -1 183.75 -348 1 0 1
0 -226 -212 201 0 0 -1 183.625 -348 1 0 1
wood_woodstair002c
0 -154 -220 201 0 0 -1 183.75 -345.75 1 0 1
0 -226 -212 201 0 0 -1 183.625 -348 1 0 1
0 -154 -212 201 0 0 -1 183.625 -345.75 1 0 1
wood_woodstair002c
0 -226 -220 209 0 0 1 183.75 -348 1 0 1
0 -154 -220 209 0 0 1 183.75 -345.75 1 0 1
0 -154 -212 209 0 0 1 183.625 -345.75 1 0 1
wood_woodstair002c
0 -226 -220 209 0 0 1 183.75 -348 1 0 1
0 -154 -212 209 0 0 1 183.625 -345.75 1 0 1
0 -226 -212 209 0 0 1 183.625 -348 1 0 1
wood_woodstair002a
0 -154 -188 313 0 1 0 -231.178971 -22.5 1 0 1
0 -154 -188 305 0 1 0 -231.178971 -23.5 1 0 1
0 -226 -188 305 0 1 0 -232.678172 -23.5 1 0 1
wood_woodstair002a
0 -154 -188 313 0 1 0 -231.178971 -22.5 1 0 1
0 -226 -188 305 0 1 0 -232.678172 -23.5 1 0 1
0 -226 -188 313 0 1 0 -232.678172 -22.5 1 0 1
wood_woodstair002a
0 -154 -196 305 0 -1 0 -231.178971 -23.5 1 0 1
0 -154 -196 313 0 -1 0 -231.178971 -22.5 1 0 1
0 -226 -196 313 0 -1 0 -232.678172 -22.5 1 0 1
wood_woodstair002a
0 -154 -196 305 0 -1 0 -231.178971 -23.5 1 0 1
0 -226 -196 313 0 -1 0 -232.678172 -22.5 1 0 1
0 -226 -196 305 0 -1 0 -232.678172 -23.5 1 0 1
wood_woodstair002c
0 -154 -196 305 0 0 -1 183.375 -345.75 1 0 1
0 -226 -196 305 0 0 -1 183.375 -348 1 0 1
0 -226 -188 305 0 0 -1 183.25 -348 1 0 1
wood_woodstair002c
0 -154 -196 305 0 0 -1 183.375 -345.75 1 0 1
0 -226 -188 305 0 0 -1 183.25 -348 1 0 1
0 -154 -188 305 0 0 -1 183.25 -345.75 1 0 1
wood_woodstair002c
0 -226 -196 313 0 0 1 183.375 -348 1 0 1
0 -154 -196 313 0 0 1 183.375 -345.75 1 0 1
0 -154 -188 313 0 0 1 183.25 -345.75 1 0 1
wood_woodstair002c
0 -226 -196 313 0 0 1 183.375 -348 1 0 1
0 -154 -188 313 0 0 1 183.25 -345.75 1 0 1
0 -226 -188 313 0 0 1 183.25 -348 1 0 1
wood_woodstair002c
0 -154 -188 48 0 0 -1 183.25 -344.765625 1 0 1
0 -226 -188 48 0 0 -1 183.25 -347.015625 1 0 1
0 -226 -180 48 0 0 -1 183.125 -347.015625 1 0 1
wood_woodstair002c
0 -154 -188 48 0 0 -1 183.25 -344.765625 1 0 1
0 -226 -180 48 0 0 -1 183.125 -347.015625 1 0 1
0 -154 -180 48 0 0 -1 183.125 -344.765625 1 0 1
wood_woodstair002c
0 -226 -188 56 0 0 1 183.25 -347.015625 1 0 1
0 -154 -188 56 0 0 1 183.25 -344.765625 1 0 1
0 -154 -180 56 0 0 1 183.125 -344.765625 1 0 1
wood_woodstair002c
0 -226 -188 56 0 0 1 183.25 -347.015625 1 0 1
0 -154 -180 56 0 0 1 183.125 -344.765625 1 0 1
0 -226 -180 56 0 0 1 183.125 -347.015625 1 0 1
wood_woodstair002a
0 -154 -180 48 0 1 0 -230.19069 -55.5 1 0 1
0 -226 -180 48 0 1 0 -231.68989 -55.5 1 0 1
0 -226 -180 56 0 1 0 -231.68989 -54.5 1 0 1
wood_woodstair002a
0 -154 -180 48 0 1 0 -230.19069 -55.5 1 0 1
0 -226 -180 56 0 1 0 -231.68989 -54.5 1 0 1
0 -154 -180 56 0 1 0 -230.19069 -54.5 1 0 1
wood_woodstair002a
0 -154 -188 56 0 -1 0 -230.19069 -54.5 1 0 1
0 -226 -188 56 0 -1 0 -231.68989 -54.5 1 0 1
0 -226 -188 48 0 -1 0 -231.68989 -55.5 1 0 1
wood_woodstair002a
0 -154 -188 56 0 -1 0 -230.19069 -54.5 1 0 1
0 -226 -188 48 0 -1 0 -231.68989 -55.5 1 0 1
0 -154 -188 48 0 -1 0 -230.19069 -55.5 1 0 1
wood_woodstair002a
0 -154 -172 169 0 1 0 -231.178971 -40.5 1 0 1
0 -154 -172 161 0 1 0 -231.178971 -41.5 1 0 1
0 -226 -172 161 0 1 0 -232.678172 -41.5 1 0 1
wood_woodstair002a
0 -154 -172 169 0 1 0 -231.178971 -40.5 1 0 1
0 -226 -172 161 0 1 0 -232.678172 -41.5 1 0 1
0 -226 -172 169 0 1 0 -232.678172 -40.5 1 0 1
wood_woodstair002a
0 -154 -180 161 0 -1 0 -231.178971 -41.5 1 0 1
0 -154 -180 169 0 -1 0 -231.178971 -40.5 1 0 1
0 -226 -180 169 0 -1 0 -232.678172 -40.5 1 0 1
wood_woodstair002a
0 -154 -180 161 0 -1 0 -231.178971 -41.5 1 0 1
0 -226 -180 169 0 -1 0 -232.678172 -40.5 1 0 1
0 -226 -180 161 0 -1 0 -232.678172 -41.5 1 0 1
wood_woodstair002c
0 -154 -180 161 0 0 -1 183.125 -345.75 1 0 1
0 -226 -180 161 0 0 -1 183.125 -348 1 0 1
0 -226 -172 161 0 0 -1 183 -348 1 0 1
wood_woodstair002c
0 -154 -180 161 0 0 -1 183.125 -345.75 1 0 1
0 -226 -172 161 0 0 -1 183 -348 1 0 1
0 -154 -172 161 0 0 -1 183 -345.75 1 0 1
wood_woodstair002c
0 -226 -180 169 0 0 1 183.125 -348 1 0 1
0 -154 -180 169 0 0 1 183.125 -345.75 1 0 1
0 -154 -172 169 0 0 1 183 -345.75 1 0 1
wood_woodstair002c
0 -226 -180 169 0 0 1 183.125 -348 1 0 1
0 -154 -172 169 0 0 1 183 -345.75 1 0 1
0 -226 -172 169 0 0 1 183 -348 1 0 1
brick_brickwall053e
0 -244 -60 377 0 1 0 -87.390625 0.75 1 0 1
0 -244 -60 369 0 1 0 -87.390625 0.6875 1 0 1
0 -252 -60 369 0 1 0 -87.453125 0.6875 1 0 1
brick_brickwall053e
0 -244 -60 377 0 1 0 -87.390625 0.75 1 0 1
0 -252 -60 369 0 1 0 -87.453125 0.6875 1 0 1
0 -252 -60 377 0 1 0 -87.453125 0.75 1 0 1
brick_brickwall053e
0 -252 -76 361 -1 0 0 91.25 0.625 1 0 1
0 -252 -76 377 -1 0 0 91.25 0.75 1 0 1
0 -252 -60 377 -1 0 0 91.125 0.75 1 0 1
brick_brickwall053e
0 -252 -76 361 -1 0 0 91.25 0.625 1 0 1
0 -252 -60 377 -1 0 0 91.125 0.75 1 0 1
0 -252 -60 369 -1 0 0 91.125 0.6875 1 0 1
brick_brickwall053e
0 -244 -76 377 1 0 0 91.25 0.75 1 0 1
0 -244 -76 361 1 0 0 91.25 0.625 1 0 1
0 -244 -60 369 1 0 0 91.125 0.6875 1 0 1
brick_brickwall053e
0 -244 -76 377 1 0 0 91.25 0.75 1 0 1
0 -244 -60 369 1 0 0 91.125 0.6875 1 0 1
0 -244 -60 377 1 0 0 91.125 0.75 1 0 1
concrete_concreteceiling004a
0 -244 -76 361 0 0.447214 -0.894427 91.25 -86.390625 1 0 1
0 -252 -76 361 0 0.447214 -0.894427 91.25 -86.453125 1 0 1
0 -252 -60 369 0 0.447214 -0.894427 91.125 -86.453125 1 0 1
concrete_concreteceiling004a
0 -244 -76 361 0 0.447214 -0.894427 91.25 -86.390625 1 0 1
0 -252 -60 369 0 0.447214 -0.894427 91.125 -86.453125 1 0 1
0 -244 -60 369 0 0.447214 -0.894427 91.125 -86.390625 1 0 1
wood_woodstair002a
0 -154 -132 8 0 1 0 -230.19069 -60.5 1 0 1
0 -154 -132 0 0 1 0 -230.19069 -61.5 1 0 1
0 -226 -132 0 0 1 0 -231.68989 -61.5 1 0 1
wood_woodstair002a
0 -154 -132 8 0 1 0 -230.19069 -60.5 1 0 1
0 -226 -132 0 0 1 0 -231.68989 -61.5 1 0 1
0 -226 -132 8 0 1 0 -231.68989 -60.5 1 0 1
wood_woodstair002a
0 -154 -140 0 0 -1 0 -230.19069 -61.5 1 0 1
0 -154 -140 8 0 -1 0 -230.19069 -60.5 1 0 1
0 -226 -140 8 0 -1 0 -231.68989 -60.5 1 0 1
wood_woodstair002a
0 -154 -140 0 0 -1 0 -230.19069 -61.5 1 0 1
0 -226 -140 8 0 -1 0 -231.68989 -60.5 1 0 1
0 -226 -140 0 0 -1 0 -231.68989 -61.5 1 0 1
wood_woodstair002c
0 -226 -140 8 0 0 1 182.5 -347.015625 1 0 1
0 -154 -140 8 0 0 1 182.5 -344.765625 1 0 1
0 -154 -132 8 0 0 1 182.375 -344.765625 1 0 1
wood_woodstair002c
0 -226 -140 8 0 0 1 182.5 -347.015625 1 0 1
0 -154 -132 8 0 0 1 182.375 -344.765625 1 0 1
0 -226 -132 8 0 0 1 182.375 -347.015625 1 0 1
wood_woodstair002c
0 -226 -212 193 0 0 -1 183.625 -348 1 0 1
0 -226 -204 193 0 0 -1 183.5 -348 1 0 1
0 -154 -204 193 0 0 -1 183.5 -345.75 1 0 1
wood_woodstair002c
0 -226 -212 193 0 0 -1 183.625 -348 1 0 1
0 -154 -204 193 0 0 -1 183.5 -345.75 1 0 1
0 -154 -212 193 0 0 -1 183.625 -345.75 1 0 1
wood_woodstair002c
0 -154 -212 201 0 0 1 183.625 -345.75 1 0 1
0 -154 -204 201 0 0 1 183.5 -345.75 1 0 1
0 -226 -204 201 0 0 1 183.5 -348 1 0 1
wood_woodstair002c
0 -154 -212 201 0 0 1 183.625 -345.75 1 0 1
0 -226 -204 201 0 0 1 183.5 -348 1 0 1
0 -226 -212 201 0 0 1 183.625 -348 1 0 1
wood_woodstair002a
0 -154 -204 201 0 1 0 -231.178971 -36.5 1 0 1
0 -154 -204 193 0 1 0 -231.178971 -37.5 1 0 1
0 -226 -204 193 0 1 0 -232.678172 -37.5 1 0 1
wood_woodstair002a
0 -154 -204 201 0 1 0 -231.178971 -36.5 1 0 1
0 -226 -204 193 0 1 0 -232.678172 -37.5 1 0 1
0 -226 -204 201 0 1 0 -232.678172 -36.5 1 0 1
wood_woodstair002a
0 -154 -212 193 0 -1 0 -231.178971 -37.5 1 0 1
0 -154 -212 201 0 -1 0 -231.178971 -36.5 1 0 1
0 -226 -212 201 0 -1 0 -232.678172 -36.5 1 0 1
wood_woodstair002a
0 -154 -212 193 0 -1 0 -231.178971 -37.5 1 0 1
0 -226 -212 201 0 -1 0 -232.678172 -36.5 1 0 1
0 -226 -212 193 0 -1 0 -232.678172 -37.5 1 0 1
wood_woodstair002a
0 -154 -140 265 0 1 0 -231.178971 -28.5 1 0 1
0 -154 -140 257 0 1 0 -231.178971 -29.5 1 0 1
0 -226 -140 257 0 1 0 -232.678172 -29.5 1 0 1
wood_woodstair002a
0 -154 -140 265 0 1 0 -231.178971 -28.5 1 0 1
0 -226 -140 257 0 1 0 -232.678172 -29.5 1 0 1
0 -226 -140 265 0 1 0 -232.678172 -28.5 1 0 1
wood_woodstair002a
0 -154 -148 257 0 -1 0 -231.178971 -29.5 1 0 1
0 -154 -148 265 0 -1 0 -231.178971 -28.5 1 0 1
0 -226 -148 265 0 -1 0 -232.678172 -28.5 1 0 1
wood_woodstair002a
0 -154 -148 257 0 -1 0 -231.178971 -29.5 1 0 1
0 -226 -148 265 0 -1 0 -232.678172 -28.5 1 0 1
0 -226 -148 257 0 -1 0 -232.678172 -29.5 1 0 1
wood_woodstair002c
0 -154 -148 257 0 0 -1 182.625 -345.75 1 0 1
0 -226 -148 257 0 0 -1 182.625 -348 1 0 1
0 -226 -140 257 0 0 -1 182.5 -348 1 0 1
wood_woodstair002c
0 -154 -148 257 0 0 -1 182.625 -345.75 1 0 1
0 -226 -140 257 0 0 -1 182.5 -348 1 0 1
0 -154 -140 257 0 0 -1 182.5 -345.75 1 0 1
wood_woodstair002c
0 -226 -148 265 0 0 1 182.625 -348 1 0 1
0 -154 -148 265 0 0 1 182.625 -345.75 1 0 1
0 -154 -140 265 0 0 1 182.5 -345.75 1 0 1
wood_woodstair002c
0 -226 -148 265 0 0 1 182.625 -348 1 0 1
0 -154 -140 265 0 0 1 182.5 -345.75 1 0 1
0 -226 -140 265 0 0 1 182.5 -348 1 0 1
gmod_tower_cafe_cafe_brick
0 -130 -76 409 -1 0 0 -91.355469 1.210938 1 0 1
0 -130 -60 409 -1 0 0 -91.230469 1.210938 1 0 1
0 -130 -60 377 -1 0 0 -91.230469 0.960938 1 0 1
gmod_tower_cafe_cafe_brick
0 -130 -76 409 -1 0 0 -91.355469 1.210938 1 0 1
0 -130 -60 377 -1 0 0 -91.230469 0.960938 1 0 1
0 -130 -76 377 -1 0 0 -91.355469 0.960938 1 0 1
brick_brickwall031d
0 319 -76 377 1 0 0 91.25 0.703125 1 0 1
0 319 -60 377 1 0 0 91.125 0.703125 1 0 1
0 319 -60 409 1 0 0 91.125 0.953125 1 0 1
brick_brickwall031d
0 319 -76 377 1 0 0 91.25 0.703125 1 0 1
0 319 -60 409 1 0 0 91.125 0.953125 1 0 1
0 319 -76 409 1 0 0 91.25 0.953125 1 0 1
pepsi2_arch_concrete_floor_smooth01
0 -130 -76 377 0 0 -1 -90.8125 -85.421875 1 0 1
0 -130 -60 377 0 0 -1 -90.6875 -85.421875 1 0 1
0 319 -60 377 0 0 -1 -90.6875 -81.914062 1 0 1
pepsi2_arch_concrete_floor_smooth01
0 -130 -76 377 0 0 -1 -90.8125 -85.421875 1 0 1
0 319 -60 377 0 0 -1 -90.6875 -81.914062 1 0 1
0 319 -76 377 0 0 -1 -90.8125 -81.914062 1 0 1
concrete_concretefloor005a
0 319 -76 409 0 0 1 90.679688 -82.625 1 0 1
0 319 -60 409 0 0 1 90.554688 -82.625 1 0 1
0 -130 -60 409 0 0 1 90.554688 -86.132812 1 0 1
concrete_concretefloor005a
0 319 -76 409 0 0 1 90.679688 -82.625 1 0 1
0 -130 -60 409 0 0 1 90.554688 -86.132812 1 0 1
0 -130 -76 409 0 0 1 90.679688 -86.132812 1 0 1
brick_brickwall031d
0 319 -60 409 0 1 0 -83 0.953125 1 0 1
0 319 -60 377 0 1 0 -83 0.703125 1 0 1
0 -130 -60 377 0 1 0 -86.507812 0.703125 1 0 1
brick_brickwall031d
0 319 -60 409 0 1 0 -83 0.953125 1 0 1
0 -130 -60 377 0 1 0 -86.507812 0.703125 1 0 1
0 -130 -60 409 0 1 0 -86.507812 0.953125 1 0 1
brick_brickwall031d
0 319 -76 377 0 -1 0 -83 0.703125 1 0 1
0 319 -76 409 0 -1 0 -83 0.953125 1 0 1
0 -130 -76 409 0 -1 0 -86.507812 0.953125 1 0 1
brick_brickwall031d
0 319 -76 377 0 -1 0 -83 0.703125 1 0 1
0 -130 -76 409 0 -1 0 -86.507812 0.953125 1 0 1
0 -130 -76 377 0 -1 0 -86.507812 0.703125 1 0 1
plaster_plasterwall029a
0 -272 -76 275 0 1 0 -87.625 -0.328125 1 0 1
0 -272 -76 273 0 1 0 -87.625 -0.34375 1 0 1
0 -320 -76 273 0 1 0 -88 -0.34375 1 0 1
plaster_plasterwall029a
0 -272 -76 275 0 1 0 -87.625 -0.328125 1 0 1
0 -320 -76 273 0 1 0 -88 -0.34375 1 0 1
0 -320 -76 275 0 1 0 -88 -0.328125 1 0 1
plaster_plasterwall029a
0 -272 -80 273 0 -1 0 -87.625 -0.34375 1 0 1
0 -272 -80 275 0 -1 0 -87.625 -0.328125 1 0 1
0 -320 -80 275 0 -1 0 -88 -0.328125 1 0 1
plaster_plasterwall029a
0 -272 -80 273 0 -1 0 -87.625 -0.34375 1 0 1
0 -320 -80 275 0 -1 0 -88 -0.328125 1 0 1
0 -320 -80 273 0 -1 0 -88 -0.34375 1 0 1
plaster_plasterwall029a
0 -320 -80 273 -1 0 0 91.28125 -0.34375 1 0 1
0 -320 -80 275 -1 0 0 91.28125 -0.328125 1 0 1
0 -320 -76 275 -1 0 0 91.25 -0.328125 1 0 1
plaster_plasterwall029a
0 -320 -80 273 -1 0 0 91.28125 -0.34375 1 0 1
0 -320 -76 275 -1 0 0 91.25 -0.328125 1 0 1
0 -320 -76 273 -1 0 0 91.25 -0.34375 1 0 1
plaster_plasterwall029a
0 -272 -80 275 1 0 0 91.28125 -0.328125 1 0 1
0 -272 -80 273 1 0 0 91.28125 -0.34375 1 0 1
0 -272 -76 273 1 0 0 91.25 -0.34375 1 0 1
plaster_plasterwall029a
0 -272 -80 275 1 0 0 91.28125 -0.328125 1 0 1
0 -272 -76 273 1 0 0 91.25 -0.34375 1 0 1
0 -272 -76 275 1 0 0 91.25 -0.328125 1 0 1
plaster_plasterwall029a
0 -272 -80 273 0 0 -1 91.28125 -86.625 1 0 1
0 -320 -80 273 0 0 -1 91.28125 -87 1 0 1
0 -320 -76 273 0 0 -1 91.25 -87 1 0 1
plaster_plasterwall029a
0 -272 -80 273 0 0 -1 91.28125 -86.625 1 0 1
0 -320 -76 273 0 0 -1 91.25 -87 1 0 1
0 -272 -76 273 0 0 -1 91.25 -86.625 1 0 1
plaster_plasterwall029a
0 -320 -80 275 0 0 1 91.28125 -87 1 0 1
0 -272 -80 275 0 0 1 91.28125 -86.625 1 0 1
0 -272 -76 275 0 0 1 91.25 -86.625 1 0 1
plaster_plasterwall029a
0 -320 -80 275 0 0 1 91.28125 -87 1 0 1
0 -272 -76 275 0 0 1 91.25 -86.625 1 0 1
0 -320 -76 275 0 0 1 91.25 -87 1 0 1
wood_woodshelf002a
0 73 -76 279 0 1 0 -163.677284 -0.765447 1 0 1
0 71 -76 279 0 1 0 -163.707332 -0.765447 1 0 1
0 71 -76 347 0 1 0 -163.707332 -0.161754 1 0 1
wood_woodshelf002a
0 73 -76 279 0 1 0 -163.677284 -0.765447 1 0 1
0 71 -76 347 0 1 0 -163.707332 -0.161754 1 0 1
0 73 -76 347 0 1 0 -163.677284 -0.161754 1 0 1
wood_woodshelf002a
0 73 -84 347 0 -1 0 -163.677284 -0.161754 1 0 1
0 71 -84 347 0 -1 0 -163.707332 -0.161754 1 0 1
0 71 -84 279 0 -1 0 -163.707332 -0.765447 1 0 1
wood_woodshelf002a
0 73 -84 347 0 -1 0 -163.677284 -0.161754 1 0 1
0 71 -84 279 0 -1 0 -163.707332 -0.765447 1 0 1
0 73 -84 279 0 -1 0 -163.677284 -0.765447 1 0 1
wood_woodshelf002a
0 73 -84 279 1 0 0 174.542819 -0.765447 1 0 1
0 73 -76 279 1 0 0 174.422626 -0.765447 1 0 1
0 73 -76 347 1 0 0 174.422626 -0.161754 1 0 1
wood_woodshelf002a
0 73 -84 279 1 0 0 174.542819 -0.765447 1 0 1
0 73 -76 347 1 0 0 174.422626 -0.161754 1 0 1
0 73 -84 347 1 0 0 174.542819 -0.161754 1 0 1
wood_woodstair002c
0 -226 -148 129 0 0 -1 182.625 -348 1 0 1
0 -226 -140 129 0 0 -1 182.5 -348 1 0 1
0 -154 -140 129 0 0 -1 182.5 -345.75 1 0 1
wood_woodstair002c
0 -226 -148 129 0 0 -1 182.625 -348 1 0 1
0 -154 -140 129 0 0 -1 182.5 -345.75 1 0 1
0 -154 -148 129 0 0 -1 182.625 -345.75 1 0 1
wood_woodstair002c
0 -154 -148 137 0 0 1 182.625 -345.75 1 0 1
0 -154 -140 137 0 0 1 182.5 -345.75 1 0 1
0 -226 -140 137 0 0 1 182.5 -348 1 0 1
wood_woodstair002c
0 -154 -148 137 0 0 1 182.625 -345.75 1 0 1
0 -226 -140 137 0 0 1 182.5 -348 1 0 1
0 -226 -148 137 0 0 1 182.625 -348 1 0 1
wood_woodstair002a
0 -154 -140 137 0 1 0 -231.178971 -44.5 1 0 1
0 -154 -140 129 0 1 0 -231.178971 -45.5 1 0 1
0 -226 -140 129 0 1 0 -232.678172 -45.5 1 0 1
wood_woodstair002a
0 -154 -140 137 0 1 0 -231.178971 -44.5 1 0 1
0 -226 -140 129 0 1 0 -232.678172 -45.5 1 0 1
0 -226 -140 137 0 1 0 -232.678172 -44.5 1 0 1
wood_woodstair002a
0 -154 -148 129 0 -1 0 -231.178971 -45.5 1 0 1
0 -154 -148 137 0 -1 0 -231.178971 -44.5 1 0 1
0 -226 -148 137 0 -1 0 -232.678172 -44.5 1 0 1
wood_woodstair002a
0 -154 -148 129 0 -1 0 -231.178971 -45.5 1 0 1
0 -226 -148 137 0 -1 0 -232.678172 -44.5 1 0 1
0 -226 -148 129 0 -1 0 -232.678172 -45.5 1 0 1
wood_woodstair002a
0 -154 -172 48 0 1 0 -230.19069 -55.5 1 0 1
0 -154 -172 40 0 1 0 -230.19069 -56.5 1 0 1
0 -226 -172 40 0 1 0 -231.68989 -56.5 1 0 1
wood_woodstair002a
0 -154 -172 48 0 1 0 -230.19069 -55.5 1 0 1
0 -226 -172 40 0 1 0 -231.68989 -56.5 1 0 1
0 -226 -172 48 0 1 0 -231.68989 -55.5 1 0 1
wood_woodstair002a
0 -154 -180 40 0 -1 0 -230.19069 -56.5 1 0 1
0 -154 -180 48 0 -1 0 -230.19069 -55.5 1 0 1
0 -226 -180 48 0 -1 0 -231.68989 -55.5 1 0 1
wood_woodstair002a
0 -154 -180 40 0 -1 0 -230.19069 -56.5 1 0 1
0 -226 -180 48 0 -1 0 -231.68989 -55.5 1 0 1
0 -226 -180 40 0 -1 0 -231.68989 -56.5 1 0 1
wood_woodstair002c
0 -154 -180 40 0 0 -1 183.125 -344.765625 1 0 1
0 -226 -180 40 0 0 -1 183.125 -347.015625 1 0 1
0 -226 -172 40 0 0 -1 183 -347.015625 1 0 1
wood_woodstair002c
0 -154 -180 40 0 0 -1 183.125 -344.765625 1 0 1
0 -226 -172 40 0 0 -1 183 -347.015625 1 0 1
0 -154 -172 40 0 0 -1 183 -344.765625 1 0 1
wood_woodstair002c
0 -226 -180 48 0 0 1 183.125 -347.015625 1 0 1
0 -154 -180 48 0 0 1 183.125 -344.765625 1 0 1
0 -154 -172 48 0 0 1 183 -344.765625 1 0 1
wood_woodstair002c
0 -226 -180 48 0 0 1 183.125 -347.015625 1 0 1
0 -154 -172 48 0 0 1 183 -344.765625 1 0 1
0 -226 -172 48 0 0 1 183 -347.015625 1 0 1
plaster_plasterwall029a
0 -272 -76 349 0 1 0 -87.859375 -0.21875 1 0 1
0 -272 -76 347 0 1 0 -87.859375 -0.234375 1 0 1
0 -320 -76 347 0 1 0 -88.234375 -0.234375 1 0 1
plaster_plasterwall029a
0 -272 -76 349 0 1 0 -87.859375 -0.21875 1 0 1
0 -320 -76 347 0 1 0 -88.234375 -0.234375 1 0 1
0 -320 -76 349 0 1 0 -88.234375 -0.21875 1 0 1
plaster_plasterwall029a
0 -272 -80 347 0 -1 0 -87.625 0.234375 1 0 1
0 -272 -80 349 0 -1 0 -87.625 0.25 1 0 1
0 -320 -80 349 0 -1 0 -88 0.25 1 0 1
plaster_plasterwall029a
0 -272 -80 347 0 -1 0 -87.625 0.234375 1 0 1
0 -320 -80 349 0 -1 0 -88 0.25 1 0 1
0 -320 -80 347 0 -1 0 -88 0.234375 1 0 1
plaster_plasterwall029a
0 -320 -80 347 -1 0 0 91.28125 0.234375 1 0 1
0 -320 -80 349 -1 0 0 91.28125 0.25 1 0 1
0 -320 -76 349 -1 0 0 91.25 0.25 1 0 1
plaster_plasterwall029a
0 -320 -80 347 -1 0 0 91.28125 0.234375 1 0 1
0 -320 -76 349 -1 0 0 91.25 0.25 1 0 1
0 -320 -76 347 -1 0 0 91.25 0.234375 1 0 1
plaster_plasterwall029a
0 -272 -80 349 1 0 0 91.28125 0.25 1 0 1
0 -272 -80 347 1 0 0 91.28125 0.234375 1 0 1
0 -272 -76 347 1 0 0 91.25 0.234375 1 0 1
plaster_plasterwall029a
0 -272 -80 349 1 0 0 91.28125 0.25 1 0 1
0 -272 -76 347 1 0 0 91.25 0.234375 1 0 1
0 -272 -76 349 1 0 0 91.25 0.25 1 0 1
plaster_plasterwall029a
0 -272 -80 347 0 0 -1 91.28125 -86.625 1 0 1
0 -320 -80 347 0 0 -1 91.28125 -87 1 0 1
0 -320 -76 347 0 0 -1 91.25 -87 1 0 1
plaster_plasterwall029a
0 -272 -80 347 0 0 -1 91.28125 -86.625 1 0 1
0 -320 -76 347 0 0 -1 91.25 -87 1 0 1
0 -272 -76 347 0 0 -1 91.25 -86.625 1 0 1
plaster_plasterwall029a
0 -320 -80 349 0 0 1 91.28125 -87 1 0 1
0 -272 -80 349 0 0 1 91.28125 -86.625 1 0 1
0 -272 -76 349 0 0 1 91.25 -86.625 1 0 1
plaster_plasterwall029a
0 -320 -80 349 0 0 1 91.28125 -87 1 0 1
0 -272 -76 349 0 0 1 91.25 -86.625 1 0 1
0 -320 -76 349 0 0 1 91.25 -87 1 0 1
plaster_plasterwall029a
0 -172 -76 349 0 1 0 -87.078125 -0.21875 1 0 1
0 -172 -76 347 0 1 0 -87.078125 -0.234375 1 0 1
0 -220 -76 347 0 1 0 -87.453125 -0.234375 1 0 1
plaster_plasterwall029a
0 -172 -76 349 0 1 0 -87.078125 -0.21875 1 0 1
0 -220 -76 347 0 1 0 -87.453125 -0.234375 1 0 1
0 -220 -76 349 0 1 0 -87.453125 -0.21875 1 0 1
plaster_plasterwall029a
0 -172 -80 347 0 -1 0 -86.84375 0.234375 1 0 1
0 -172 -80 349 0 -1 0 -86.84375 0.25 1 0 1
0 -220 -80 349 0 -1 0 -87.21875 0.25 1 0 1
plaster_plasterwall029a
0 -172 -80 347 0 -1 0 -86.84375 0.234375 1 0 1
0 -220 -80 349 0 -1 0 -87.21875 0.25 1 0 1
0 -220 -80 347 0 -1 0 -87.21875 0.234375 1 0 1
plaster_plasterwall029a
0 -220 -80 347 -1 0 0 91.28125 0.234375 1 0 1
0 -220 -80 349 -1 0 0 91.28125 0.25 1 0 1
0 -220 -76 349 -1 0 0 91.25 0.25 1 0 1
plaster_plasterwall029a
0 -220 -80 347 -1 0 0 91.28125 0.234375 1 0 1
0 -220 -76 349 -1 0 0 91.25 0.25 1 0 1
0 -220 -76 347 -1 0 0 91.25 0.234375 1 0 1
plaster_plasterwall029a
0 -172 -80 349 1 0 0 91.28125 0.25 1 0 1
0 -172 -80 347 1 0 0 91.28125 0.234375 1 0 1
0 -172 -76 347 1 0 0 91.25 0.234375 1 0 1
plaster_plasterwall029a
0 -172 -80 349 1 0 0 91.28125 0.25 1 0 1
0 -172 -76 347 1 0 0 91.25 0.234375 1 0 1
0 -172 -76 349 1 0 0 91.25 0.25 1 0 1
plaster_plasterwall029a
0 -172 -80 347 0 0 -1 91.28125 -85.84375 1 0 1
0 -220 -80 347 0 0 -1 91.28125 -86.21875 1 0 1
0 -220 -76 347 0 0 -1 91.25 -86.21875 1 0 1
plaster_plasterwall029a
0 -172 -80 347 0 0 -1 91.28125 -85.84375 1 0 1
0 -220 -76 347 0 0 -1 91.25 -86.21875 1 0 1
0 -172 -76 347 0 0 -1 91.25 -85.84375 1 0 1
plaster_plasterwall029a
0 -220 -80 349 0 0 1 91.28125 -86.21875 1 0 1
0 -172 -80 349 0 0 1 91.28125 -85.84375 1 0 1
0 -172 -76 349 0 0 1 91.25 -85.84375 1 0 1
plaster_plasterwall029a
0 -220 -80 349 0 0 1 91.28125 -86.21875 1 0 1
0 -172 -76 349 0 0 1 91.25 -85.84375 1 0 1
0 -220 -76 349 0 0 1 91.25 -86.21875 1 0 1
wood_woodstair002a
0 -154 -220 345 0 1 0 -231.178971 -18.5 1 0 1
0 -154 -220 337 0 1 0 -231.178971 -19.5 1 0 1
0 -226 -220 337 0 1 0 -232.678172 -19.5 1 0 1
wood_woodstair002a
0 -154 -220 345 0 1 0 -231.178971 -18.5 1 0 1
0 -226 -220 337 0 1 0 -232.678172 -19.5 1 0 1
0 -226 -220 345 0 1 0 -232.678172 -18.5 1 0 1
wood_woodstair002a
0 -154 -228 337 0 -1 0 -231.178971 -19.5 1 0 1
0 -154 -228 345 0 -1 0 -231.178971 -18.5 1 0 1
0 -226 -228 345 0 -1 0 -232.678172 -18.5 1 0 1
wood_woodstair002a
0 -154 -228 337 0 -1 0 -231.178971 -19.5 1 0 1
0 -226 -228 345 0 -1 0 -232.678172 -18.5 1 0 1
0 -226 -228 337 0 -1 0 -232.678172 -19.5 1 0 1
wood_woodstair002c
0 -154 -228 337 0 0 -1 183.875 -345.75 1 0 1
0 -226 -228 337 0 0 -1 183.875 -348 1 0 1
0 -226 -220 337 0 0 -1 183.75 -348 1 0 1
wood_woodstair002c
0 -154 -228 337 0 0 -1 183.875 -345.75 1 0 1
0 -226 -220 337 0 0 -1 183.75 -348 1 0 1
0 -154 -220 337 0 0 -1 183.75 -345.75 1 0 1
wood_woodstair002c
0 -226 -228 345 0 0 1 183.875 -348 1 0 1
0 -154 -228 345 0 0 1 183.875 -345.75 1 0 1
0 -154 -220 345 0 0 1 183.75 -345.75 1 0 1
wood_woodstair002c
0 -226 -228 345 0 0 1 183.875 -348 1 0 1
0 -154 -220 345 0 0 1 183.75 -345.75 1 0 1
0 -226 -220 345 0 0 1 183.75 -348 1 0 1
wood_woodstair002a
0 -154 -172 297 0 1 0 -231.178971 -24.5 1 0 1
0 -154 -172 289 0 1 0 -231.178971 -25.5 1 0 1
0 -226 -172 289 0 1 0 -232.678172 -25.5 1 0 1
wood_woodstair002a
0 -154 -172 297 0 1 0 -231.178971 -24.5 1 0 1
0 -226 -172 289 0 1 0 -232.678172 -25.5 1 0 1
0 -226 -172 297 0 1 0 -232.678172 -24.5 1 0 1
wood_woodstair002a
0 -154 -180 289 0 -1 0 -231.178971 -25.5 1 0 1
0 -154 -180 297 0 -1 0 -231.178971 -24.5 1 0 1
0 -226 -180 297 0 -1 0 -232.678172 -24.5 1 0 1
wood_woodstair002a
0 -154 -180 289 0 -1 0 -231.178971 -25.5 1 0 1
0 -226 -180 297 0 -1 0 -232.678172 -24.5 1 0 1
0 -226 -180 289 0 -1 0 -232.678172 -25.5 1 0 1
wood_woodstair002c
0 -154 -180 289 0 0 -1 183.125 -345.75 1 0 1
0 -226 -180 289 0 0 -1 183.125 -348 1 0 1
0 -226 -172 289 0 0 -1 183 -348 1 0 1
wood_woodstair002c
0 -154 -180 289 0 0 -1 183.125 -345.75 1 0 1
0 -226 -172 289 0 0 -1 183 -348 1 0 1
0 -154 -172 289 0 0 -1 183 -345.75 1 0 1
wood_woodstair002c
0 -226 -180 297 0 0 1 183.125 -348 1 0 1
0 -154 -180 297 0 0 1 183.125 -345.75 1 0 1
0 -154 -172 297 0 0 1 183 -345.75 1 0 1
wood_woodstair002c
0 -226 -180 297 0 0 1 183.125 -348 1 0 1
0 -154 -172 297 0 0 1 183 -345.75 1 0 1
0 -226 -172 297 0 0 1 183 -348 1 0 1
wood_woodstair002a
0 -154 -180 177 0 1 0 -231.178971 -39.5 1 0 1
0 -154 -180 169 0 1 0 -231.178971 -40.5 1 0 1
0 -226 -180 169 0 1 0 -232.678172 -40.5 1 0 1
wood_woodstair002a
0 -154 -180 177 0 1 0 -231.178971 -39.5 1 0 1
0 -226 -180 169 0 1 0 -232.678172 -40.5 1 0 1
0 -226 -180 177 0 1 0 -232.678172 -39.5 1 0 1
wood_woodstair002a
0 -154 -188 169 0 -1 0 -231.178971 -40.5 1 0 1
0 -154 -188 177 0 -1 0 -231.178971 -39.5 1 0 1
0 -226 -188 177 0 -1 0 -232.678172 -39.5 1 0 1
wood_woodstair002a
0 -154 -188 169 0 -1 0 -231.178971 -40.5 1 0 1
0 -226 -188 177 0 -1 0 -232.678172 -39.5 1 0 1
0 -226 -188 169 0 -1 0 -232.678172 -40.5 1 0 1
wood_woodstair002c
0 -154 -188 169 0 0 -1 183.25 -345.75 1 0 1
0 -226 -188 169 0 0 -1 183.25 -348 1 0 1
0 -226 -180 169 0 0 -1 183.125 -348 1 0 1
wood_woodstair002c
0 -154 -188 169 0 0 -1 183.25 -345.75 1 0 1
0 -226 -180 169 0 0 -1 183.125 -348 1 0 1
0 -154 -180 169 0 0 -1 183.125 -345.75 1 0 1
wood_woodstair002c
0 -226 -188 177 0 0 1 183.25 -348 1 0 1
0 -154 -188 177 0 0 1 183.25 -345.75 1 0 1
0 -154 -180 177 0 0 1 183.125 -345.75 1 0 1
wood_woodstair002c
0 -226 -188 177 0 0 1 183.25 -348 1 0 1
0 -154 -180 177 0 0 1 183.125 -345.75 1 0 1
0 -226 -180 177 0 0 1 183.125 -348 1 0 1
wood_woodstair002a
0 -154 -148 24 0 1 0 -230.19069 -58.5 1 0 1
0 -154 -148 16 0 1 0 -230.19069 -59.5 1 0 1
0 -226 -148 16 0 1 0 -231.68989 -59.5 1 0 1
wood_woodstair002a
0 -154 -148 24 0 1 0 -230.19069 -58.5 1 0 1
0 -226 -148 16 0 1 0 -231.68989 -59.5 1 0 1
0 -226 -148 24 0 1 0 -231.68989 -58.5 1 0 1
wood_woodstair002a
0 -154 -156 16 0 -1 0 -230.19069 -59.5 1 0 1
0 -154 -156 24 0 -1 0 -230.19069 -58.5 1 0 1
0 -226 -156 24 0 -1 0 -231.68989 -58.5 1 0 1
wood_woodstair002a
0 -154 -156 16 0 -1 0 -230.19069 -59.5 1 0 1
0 -226 -156 24 0 -1 0 -231.68989 -58.5 1 0 1
0 -226 -156 16 0 -1 0 -231.68989 -59.5 1 0 1
wood_woodstair002c
0 -154 -156 16 0 0 -1 182.75 -344.765625 1 0 1
0 -226 -156 16 0 0 -1 182.75 -347.015625 1 0 1
0 -226 -148 16 0 0 -1 182.625 -347.015625 1 0 1
wood_woodstair002c
0 -154 -156 16 0 0 -1 182.75 -344.765625 1 0 1
0 -226 -148 16 0 0 -1 182.625 -347.015625 1 0 1
0 -154 -148 16 0 0 -1 182.625 -344.765625 1 0 1
wood_woodstair002c
0 -226 -156 24 0 0 1 182.75 -347.015625 1 0 1
0 -154 -156 24 0 0 1 182.75 -344.765625 1 0 1
0 -154 -148 24 0 0 1 182.625 -344.765625 1 0 1
wood_woodstair002c
0 -226 -156 24 0 0 1 182.75 -347.015625 1 0 1
0 -154 -148 24 0 0 1 182.625 -344.765625 1 0 1
0 -226 -148 24 0 0 1 182.625 -347.015625 1 0 1
wood_woodstair002c
0 -226 -164 24 0 0 -1 182.875 -347.015625 1 0 1
0 -226 -156 24 0 0 -1 182.75 -347.015625 1 0 1
0 -154 -156 24 0 0 -1 182.75 -344.765625 1 0 1
wood_woodstair002c
0 -226 -164 24 0 0 -1 182.875 -347.015625 1 0 1
0 -154 -156 24 0 0 -1 182.75 -344.765625 1 0 1
0 -154 -164 24 0 0 -1 182.875 -344.765625 1 0 1
wood_woodstair002c
0 -154 -164 32 0 0 1 182.875 -344.765625 1 0 1
0 -154 -156 32 0 0 1 182.75 -344.765625 1 0 1
0 -226 -156 32 0 0 1 182.75 -347.015625 1 0 1
wood_woodstair002c
0 -154 -164 32 0 0 1 182.875 -344.765625 1 0 1
0 -226 -156 32 0 0 1 182.75 -347.015625 1 0 1
0 -226 -164 32 0 0 1 182.875 -347.015625 1 0 1
wood_woodstair002a
0 -154 -156 32 0 1 0 -230.19069 -57.5 1 0 1
0 -154 -156 24 0 1 0 -230.19069 -58.5 1 0 1
0 -226 -156 24 0 1 0 -231.68989 -58.5 1 0 1
wood_woodstair002a
0 -154 -156 32 0 1 0 -230.19069 -57.5 1 0 1
0 -226 -156 24 0 1 0 -231.68989 -58.5 1 0 1
0 -226 -156 32 0 1 0 -231.68989 -57.5 1 0 1
wood_woodstair002a
0 -154 -164 24 0 -1 0 -230.19069 -58.5 1 0 1
0 -154 -164 32 0 -1 0 -230.19069 -57.5 1 0 1
0 -226 -164 32 0 -1 0 -231.68989 -57.5 1 0 1
wood_woodstair002a
0 -154 -164 24 0 -1 0 -230.19069 -58.5 1 0 1
0 -226 -164 32 0 -1 0 -231.68989 -57.5 1 0 1
0 -226 -164 24 0 -1 0 -231.68989 -58.5 1 0 1
plaster_plasterwall029a
0 -272 -76 221 0 1 0 -87.859375 -1.21875 1 0 1
0 -272 -76 219 0 1 0 -87.859375 -1.234375 1 0 1
0 -320 -76 219 0 1 0 -88.234375 -1.234375 1 0 1
plaster_plasterwall029a
0 -272 -76 221 0 1 0 -87.859375 -1.21875 1 0 1
0 -320 -76 219 0 1 0 -88.234375 -1.234375 1 0 1
0 -320 -76 221 0 1 0 -88.234375 -1.21875 1 0 1
plaster_plasterwall029a
0 -272 -80 219 0 -1 0 -87.625 -0.765625 1 0 1
0 -272 -80 221 0 -1 0 -87.625 -0.75 1 0 1
0 -320 -80 221 0 -1 0 -88 -0.75 1 0 1
plaster_plasterwall029a
0 -272 -80 219 0 -1 0 -87.625 -0.765625 1 0 1
0 -320 -80 221 0 -1 0 -88 -0.75 1 0 1
0 -320 -80 219 0 -1 0 -88 -0.765625 1 0 1
plaster_plasterwall029a
0 -320 -80 219 -1 0 0 91.28125 -0.765625 1 0 1
0 -320 -80 221 -1 0 0 91.28125 -0.75 1 0 1
0 -320 -76 221 -1 0 0 91.25 -0.75 1 0 1
plaster_plasterwall029a
0 -320 -80 219 -1 0 0 91.28125 -0.765625 1 0 1
0 -320 -76 221 -1 0 0 91.25 -0.75 1 0 1
0 -320 -76 219 -1 0 0 91.25 -0.765625 1 0 1
plaster_plasterwall029a
0 -272 -80 221 1 0 0 91.28125 -0.75 1 0 1
0 -272 -80 219 1 0 0 91.28125 -0.765625 1 0 1
0 -272 -76 219 1 0 0 91.25 -0.765625 1 0 1
plaster_plasterwall029a
0 -272 -80 221 1 0 0 91.28125 -0.75 1 0 1
0 -272 -76 219 1 0 0 91.25 -0.765625 1 0 1
0 -272 -76 221 1 0 0 91.25 -0.75 1 0 1
plaster_plasterwall029a
0 -272 -80 219 0 0 -1 91.28125 -86.625 1 0 1
0 -320 -80 219 0 0 -1 91.28125 -87 1 0 1
0 -320 -76 219 0 0 -1 91.25 -87 1 0 1
plaster_plasterwall029a
0 -272 -80 219 0 0 -1 91.28125 -86.625 1 0 1
0 -320 -76 219 0 0 -1 91.25 -87 1 0 1
0 -272 -76 219 0 0 -1 91.25 -86.625 1 0 1
plaster_plasterwall029a
0 -320 -80 221 0 0 1 91.28125 -87 1 0 1
0 -272 -80 221 0 0 1 91.28125 -86.625 1 0 1
0 -272 -76 221 0 0 1 91.25 -86.625 1 0 1
plaster_plasterwall029a
0 -320 -80 221 0 0 1 91.28125 -87 1 0 1
0 -272 -76 221 0 0 1 91.25 -86.625 1 0 1
0 -320 -76 221 0 0 1 91.25 -87 1 0 1
wood_woodstair002a
0 -154 -148 273 0 1 0 -231.178971 -27.5 1 0 1
0 -154 -148 265 0 1 0 -231.178971 -28.5 1 0 1
0 -226 -148 265 0 1 0 -232.678172 -28.5 1 0 1
wood_woodstair002a
0 -154 -148 273 0 1 0 -231.178971 -27.5 1 0 1
0 -226 -148 265 0 1 0 -232.678172 -28.5 1 0 1
0 -226 -148 273 0 1 0 -232.678172 -27.5 1 0 1
wood_woodstair002a
0 -154 -156 265 0 -1 0 -231.178971 -28.5 1 0 1
0 -154 -156 273 0 -1 0 -231.178971 -27.5 1 0 1
0 -226 -156 273 0 -1 0 -232.678172 -27.5 1 0 1
wood_woodstair002a
0 -154 -156 265 0 -1 0 -231.178971 -28.5 1 0 1
0 -226 -156 273 0 -1 0 -232.678172 -27.5 1 0 1
0 -226 -156 265 0 -1 0 -232.678172 -28.5 1 0 1
wood_woodstair002c
0 -154 -156 265 0 0 -1 182.75 -345.75 1 0 1
0 -226 -156 265 0 0 -1 182.75 -348 1 0 1
0 -226 -148 265 0 0 -1 182.625 -348 1 0 1
wood_woodstair002c
0 -154 -156 265 0 0 -1 182.75 -345.75 1 0 1
0 -226 -148 265 0 0 -1 182.625 -348 1 0 1
0 -154 -148 265 0 0 -1 182.625 -345.75 1 0 1
wood_woodstair002c
0 -226 -156 273 0 0 1 182.75 -348 1 0 1
0 -154 -156 273 0 0 1 182.75 -345.75 1 0 1
0 -154 -148 273 0 0 1 182.625 -345.75 1 0 1
wood_woodstair002c
0 -226 -156 273 0 0 1 182.75 -348 1 0 1
0 -154 -148 273 0 0 1 182.625 -345.75 1 0 1
0 -226 -148 273 0 0 1 182.625 -348 1 0 1
wood_woodstair002a
0 -154 -188 185 0 1 0 -231.178971 -38.5 1 0 1
0 -154 -188 177 0 1 0 -231.178971 -39.5 1 0 1
0 -226 -188 177 0 1 0 -232.678172 -39.5 1 0 1
wood_woodstair002a
0 -154 -188 185 0 1 0 -231.178971 -38.5 1 0 1
0 -226 -188 177 0 1 0 -232.678172 -39.5 1 0 1
0 -226 -188 185 0 1 0 -232.678172 -38.5 1 0 1
wood_woodstair002a
0 -154 -196 177 0 -1 0 -231.178971 -39.5 1 0 1
0 -154 -196 185 0 -1 0 -231.178971 -38.5 1 0 1
0 -226 -196 185 0 -1 0 -232.678172 -38.5 1 0 1
wood_woodstair002a
0 -154 -196 177 0 -1 0 -231.178971 -39.5 1 0 1
0 -226 -196 185 0 -1 0 -232.678172 -38.5 1 0 1
0 -226 -196 177 0 -1 0 -232.678172 -39.5 1 0 1
wood_woodstair002c
0 -154 -196 177 0 0 -1 183.375 -345.75 1 0 1
0 -226 -196 177 0 0 -1 183.375 -348 1 0 1
0 -226 -188 177 0 0 -1 183.25 -348 1 0 1
wood_woodstair002c
0 -154 -196 177 0 0 -1 183.375 -345.75 1 0 1
0 -226 -188 177 0 0 -1 183.25 -348 1 0 1
0 -154 -188 177 0 0 -1 183.25 -345.75 1 0 1
wood_woodstair002c
0 -226 -196 185 0 0 1 183.375 -348 1 0 1
0 -154 -196 185 0 0 1 183.375 -345.75 1 0 1
0 -154 -188 185 0 0 1 183.25 -345.75 1 0 1
wood_woodstair002c
0 -226 -196 185 0 0 1 183.375 -348 1 0 1
0 -154 -188 185 0 0 1 183.25 -345.75 1 0 1
0 -226 -188 185 0 0 1 183.25 -348 1 0 1
wood_woodstair002a
0 -154 -148 145 0 1 0 -231.178971 -43.5 1 0 1
0 -154 -148 137 0 1 0 -231.178971 -44.5 1 0 1
0 -226 -148 137 0 1 0 -232.678172 -44.5 1 0 1
wood_woodstair002a
0 -154 -148 145 0 1 0 -231.178971 -43.5 1 0 1
0 -226 -148 137 0 1 0 -232.678172 -44.5 1 0 1
0 -226 -148 145 0 1 0 -232.678172 -43.5 1 0 1
wood_woodstair002a
0 -154 -156 137 0 -1 0 -231.178971 -44.5 1 0 1
0 -154 -156 145 0 -1 0 -231.178971 -43.5 1 0 1
0 -226 -156 145 0 -1 0 -232.678172 -43.5 1 0 1
wood_woodstair002a
0 -154 -156 137 0 -1 0 -231.178971 -44.5 1 0 1
0 -226 -156 145 0 -1 0 -232.678172 -43.5 1 0 1
0 -226 -156 137 0 -1 0 -232.678172 -44.5 1 0 1
wood_woodstair002c
0 -154 -156 137 0 0 -1 182.75 -345.75 1 0 1
0 -226 -156 137 0 0 -1 182.75 -348 1 0 1
0 -226 -148 137 0 0 -1 182.625 -348 1 0 1
wood_woodstair002c
0 -154 -156 137 0 0 -1 182.75 -345.75 1 0 1
0 -226 -148 137 0 0 -1 182.625 -348 1 0 1
0 -154 -148 137 0 0 -1 182.625 -345.75 1 0 1
wood_woodstair002c
0 -226 -156 145 0 0 1 182.75 -348 1 0 1
0 -154 -156 145 0 0 1 182.75 -345.75 1 0 1
0 -154 -148 145 0 0 1 182.625 -345.75 1 0 1
wood_woodstair002c
0 -226 -156 145 0 0 1 182.75 -348 1 0 1
0 -154 -148 145 0 0 1 182.625 -345.75 1 0 1
0 -226 -148 145 0 0 1 182.625 -348 1 0 1
plaster_plasterwall029a
0 -172 -76 219 0 1 0 -87.078125 -1.234375 1 0 1
0 -172 -76 147 0 1 0 -87.078125 -1.796875 1 0 1
0 -174 -76 147 0 1 0 -87.09375 -1.796875 1 0 1
plaster_plasterwall029a
0 -172 -76 219 0 1 0 -87.078125 -1.234375 1 0 1
0 -174 -76 147 0 1 0 -87.09375 -1.796875 1 0 1
0 -174 -76 219 0 1 0 -87.09375 -1.234375 1 0 1
plaster_plasterwall029a
0 -172 -80 147 0 -1 0 -86.84375 -1.328125 1 0 1
0 -172 -80 219 0 -1 0 -86.84375 -0.765625 1 0 1
0 -174 -80 219 0 -1 0 -86.859375 -0.765625 1 0 1
plaster_plasterwall029a
0 -172 -80 147 0 -1 0 -86.84375 -1.328125 1 0 1
0 -174 -80 219 0 -1 0 -86.859375 -0.765625 1 0 1
0 -174 -80 147 0 -1 0 -86.859375 -1.328125 1 0 1
plaster_plasterwall029a
0 -174 -80 147 -1 0 0 91.28125 -1.328125 1 0 1
0 -174 -80 219 -1 0 0 91.28125 -0.765625 1 0 1
0 -174 -76 219 -1 0 0 91.25 -0.765625 1 0 1
plaster_plasterwall029a
0 -174 -80 147 -1 0 0 91.28125 -1.328125 1 0 1
0 -174 -76 219 -1 0 0 91.25 -0.765625 1 0 1
0 -174 -76 147 -1 0 0 91.25 -1.328125 1 0 1
plaster_plasterwall029a
0 -172 -80 219 1 0 0 91.28125 -0.765625 1 0 1
0 -172 -80 147 1 0 0 91.28125 -1.328125 1 0 1
0 -172 -76 147 1 0 0 91.25 -1.328125 1 0 1
plaster_plasterwall029a
0 -172 -80 219 1 0 0 91.28125 -0.765625 1 0 1
0 -172 -76 147 1 0 0 91.25 -1.328125 1 0 1
0 -172 -76 219 1 0 0 91.25 -0.765625 1 0 1
plaster_plasterwall029a
0 -172 -80 147 0 0 -1 91.28125 -85.84375 1 0 1
0 -174 -80 147 0 0 -1 91.28125 -85.859375 1 0 1
0 -174 -76 147 0 0 -1 91.25 -85.859375 1 0 1
plaster_plasterwall029a
0 -172 -80 147 0 0 -1 91.28125 -85.84375 1 0 1
0 -174 -76 147 0 0 -1 91.25 -85.859375 1 0 1
0 -172 -76 147 0 0 -1 91.25 -85.84375 1 0 1
plaster_plasterwall029a
0 -174 -80 219 0 0 1 91.28125 -85.859375 1 0 1
0 -172 -80 219 0 0 1 91.28125 -85.84375 1 0 1
0 -172 -76 219 0 0 1 91.25 -85.84375 1 0 1
plaster_plasterwall029a
0 -174 -80 219 0 0 1 91.28125 -85.859375 1 0 1
0 -172 -76 219 0 0 1 91.25 -85.84375 1 0 1
0 -174 -76 219 0 0 1 91.25 -85.859375 1 0 1
brick_brickwall031d
0 -112 -316 409 1 0 0 93.125 0.953125 1 0 1
0 -112 -316 377 1 0 0 93.125 0.703125 1 0 1
0 -112 -76 377 1 0 0 91.25 0.703125 1 0 1
brick_brickwall031d
0 -112 -316 409 1 0 0 93.125 0.953125 1 0 1
0 -112 -76 377 1 0 0 91.25 0.703125 1 0 1
0 -112 -76 409 1 0 0 91.25 0.953125 1 0 1
concrete_concretefloor005a
0 -130 -316 409 0 0 1 92.554688 -86.132812 1 0 1
0 -112 -316 409 0 0 1 92.554688 -85.992188 1 0 1
0 -112 -76 409 0 0 1 90.679688 -85.992188 1 0 1
concrete_concretefloor005a
0 -130 -316 409 0 0 1 92.554688 -86.132812 1 0 1
0 -112 -76 409 0 0 1 90.679688 -85.992188 1 0 1
0 -130 -76 409 0 0 1 90.679688 -86.132812 1 0 1
plaster_plasterwall029a
0 -172 -76 221 0 1 0 -87.078125 -1.21875 1 0 1
0 -172 -76 219 0 1 0 -87.078125 -1.234375 1 0 1
0 -220 -76 219 0 1 0 -87.453125 -1.234375 1 0 1
plaster_plasterwall029a
0 -172 -76 221 0 1 0 -87.078125 -1.21875 1 0 1
0 -220 -76 219 0 1 0 -87.453125 -1.234375 1 0 1
0 -220 -76 221 0 1 0 -87.453125 -1.21875 1 0 1
plaster_plasterwall029a
0 -172 -80 219 0 -1 0 -86.84375 -0.765625 1 0 1
0 -172 -80 221 0 -1 0 -86.84375 -0.75 1 0 1
0 -220 -80 221 0 -1 0 -87.21875 -0.75 1 0 1
plaster_plasterwall029a
0 -172 -80 219 0 -1 0 -86.84375 -0.765625 1 0 1
0 -220 -80 221 0 -1 0 -87.21875 -0.75 1 0 1
0 -220 -80 219 0 -1 0 -87.21875 -0.765625 1 0 1
plaster_plasterwall029a
0 -220 -80 219 -1 0 0 91.28125 -0.765625 1 0 1
0 -220 -80 221 -1 0 0 91.28125 -0.75 1 0 1
0 -220 -76 221 -1 0 0 91.25 -0.75 1 0 1
plaster_plasterwall029a
0 -220 -80 219 -1 0 0 91.28125 -0.765625 1 0 1
0 -220 -76 221 -1 0 0 91.25 -0.75 1 0 1
0 -220 -76 219 -1 0 0 91.25 -0.765625 1 0 1
plaster_plasterwall029a
0 -172 -80 221 1 0 0 91.28125 -0.75 1 0 1
0 -172 -80 219 1 0 0 91.28125 -0.765625 1 0 1
0 -172 -76 219 1 0 0 91.25 -0.765625 1 0 1
plaster_plasterwall029a
0 -172 -80 221 1 0 0 91.28125 -0.75 1 0 1
0 -172 -76 219 1 0 0 91.25 -0.765625 1 0 1
0 -172 -76 221 1 0 0 91.25 -0.75 1 0 1
plaster_plasterwall029a
0 -172 -80 219 0 0 -1 91.28125 -85.84375 1 0 1
0 -220 -80 219 0 0 -1 91.28125 -86.21875 1 0 1
0 -220 -76 219 0 0 -1 91.25 -86.21875 1 0 1
plaster_plasterwall029a
0 -172 -80 219 0 0 -1 91.28125 -85.84375 1 0 1
0 -220 -76 219 0 0 -1 91.25 -86.21875 1 0 1
0 -172 -76 219 0 0 -1 91.25 -85.84375 1 0 1
plaster_plasterwall029a
0 -220 -80 221 0 0 1 91.28125 -86.21875 1 0 1
0 -172 -80 221 0 0 1 91.28125 -85.84375 1 0 1
0 -172 -76 221 0 0 1 91.25 -85.84375 1 0 1
plaster_plasterwall029a
0 -220 -80 221 0 0 1 91.28125 -86.21875 1 0 1
0 -172 -76 221 0 0 1 91.25 -85.84375 1 0 1
0 -220 -76 221 0 0 1 91.25 -86.21875 1 0 1
wood_woodstair002a
0 -154 -156 153 0 1 0 -231.178971 -42.5 1 0 1
0 -154 -156 145 0 1 0 -231.178971 -43.5 1 0 1
0 -226 -156 145 0 1 0 -232.678172 -43.5 1 0 1
wood_woodstair002a
0 -154 -156 153 0 1 0 -231.178971 -42.5 1 0 1
0 -226 -156 145 0 1 0 -232.678172 -43.5 1 0 1
0 -226 -156 153 0 1 0 -232.678172 -42.5 1 0 1
wood_woodstair002a
0 -154 -164 145 0 -1 0 -231.178971 -43.5 1 0 1
0 -154 -164 153 0 -1 0 -231.178971 -42.5 1 0 1
0 -226 -164 153 0 -1 0 -232.678172 -42.5 1 0 1
wood_woodstair002a
0 -154 -164 145 0 -1 0 -231.178971 -43.5 1 0 1
0 -226 -164 153 0 -1 0 -232.678172 -42.5 1 0 1
0 -226 -164 145 0 -1 0 -232.678172 -43.5 1 0 1
wood_woodstair002c
0 -154 -164 145 0 0 -1 182.875 -345.75 1 0 1
0 -226 -164 145 0 0 -1 182.875 -348 1 0 1
0 -226 -156 145 0 0 -1 182.75 -348 1 0 1
wood_woodstair002c
0 -154 -164 145 0 0 -1 182.875 -345.75 1 0 1
0 -226 -156 145 0 0 -1 182.75 -348 1 0 1
0 -154 -156 145 0 0 -1 182.75 -345.75 1 0 1
wood_woodstair002c
0 -226 -164 153 0 0 1 182.875 -348 1 0 1
0 -154 -164 153 0 0 1 182.875 -345.75 1 0 1
0 -154 -156 153 0 0 1 182.75 -345.75 1 0 1
wood_woodstair002c
0 -226 -164 153 0 0 1 182.875 -348 1 0 1
0 -154 -156 153 0 0 1 182.75 -345.75 1 0 1
0 -226 -156 153 0 0 1 182.75 -348 1 0 1
wood_woodshelf002a
0 -71 -76 219 0 1 0 -165.840745 -1.298118 1 0 1
0 -71 -76 151 0 1 0 -165.840745 -1.901811 1 0 1
0 -73 -76 151 0 1 0 -165.870793 -1.901811 1 0 1
wood_woodshelf002a
0 -71 -76 219 0 1 0 -165.840745 -1.298118 1 0 1
0 -73 -76 151 0 1 0 -165.870793 -1.901811 1 0 1
0 -73 -76 219 0 1 0 -165.870793 -1.298118 1 0 1
wood_woodshelf002a
0 -71 -84 151 0 -1 0 -165.840745 -1.901811 1 0 1
0 -71 -84 219 0 -1 0 -165.840745 -1.298118 1 0 1
0 -73 -84 219 0 -1 0 -165.870793 -1.298118 1 0 1
wood_woodshelf002a
0 -71 -84 151 0 -1 0 -165.840745 -1.901811 1 0 1
0 -73 -84 219 0 -1 0 -165.870793 -1.298118 1 0 1
0 -73 -84 151 0 -1 0 -165.870793 -1.901811 1 0 1
wood_woodshelf002a
0 -71 -84 219 1 0 0 174.542819 -1.298118 1 0 1
0 -71 -84 151 1 0 0 174.542819 -1.901811 1 0 1
0 -71 -76 151 1 0 0 174.422626 -1.901811 1 0 1
wood_woodshelf002a
0 -71 -84 219 1 0 0 174.542819 -1.298118 1 0 1
0 -71 -76 151 1 0 0 174.422626 -1.901811 1 0 1
0 -71 -76 219 1 0 0 174.422626 -1.298118 1 0 1
wood_woodshelf002a
0 7 -84 347 0 0 -1 174.542819 -96.560724 1 0 1
0 -73 -84 347 0 0 -1 174.542819 -97.270952 1 0 1
0 -73 -76 347 0 0 -1 174.422626 -97.270952 1 0 1
wood_woodshelf002a
0 7 -84 347 0 0 -1 174.542819 -96.560724 1 0 1
0 -73 -76 347 0 0 -1 174.422626 -97.270952 1 0 1
0 7 -76 347 0 0 -1 174.422626 -96.560724 1 0 1
wood_woodshelf002a
0 7 -76 347 0 1 0 -164.66887 -0.161754 1 0 1
0 -73 -76 347 0 1 0 -165.870793 -0.161754 1 0 1
0 -73 -76 349 0 1 0 -165.870793 -0.143999 1 0 1
wood_woodshelf002a
0 7 -76 347 0 1 0 -164.66887 -0.161754 1 0 1
0 -73 -76 349 0 1 0 -165.870793 -0.143999 1 0 1
0 7 -76 349 0 1 0 -164.66887 -0.143999 1 0 1
wood_woodshelf002a
0 7 -84 349 0 -1 0 -164.66887 -0.143999 1 0 1
0 -73 -84 349 0 -1 0 -165.870793 -0.143999 1 0 1
0 -73 -84 347 0 -1 0 -165.870793 -0.161754 1 0 1
wood_woodshelf002a
0 7 -84 349 0 -1 0 -164.66887 -0.143999 1 0 1
0 -73 -84 347 0 -1 0 -165.870793 -0.161754 1 0 1
0 7 -84 347 0 -1 0 -164.66887 -0.161754 1 0 1
wood_woodstair002c
0 -226 -228 88 0 0 -1 183.5 -347.015625 1 0 1
0 -226 -220 88 0 0 -1 183.375 -347.015625 1 0 1
0 -154 -220 88 0 0 -1 183.375 -344.765625 1 0 1
wood_woodstair002c
0 -226 -228 88 0 0 -1 183.5 -347.015625 1 0 1
0 -154 -220 88 0 0 -1 183.375 -344.765625 1 0 1
0 -154 -228 88 0 0 -1 183.5 -344.765625 1 0 1
wood_woodstair002c
0 -154 -228 96 0 0 1 183.5 -344.765625 1 0 1
0 -154 -220 96 0 0 1 183.375 -344.765625 1 0 1
0 -226 -220 96 0 0 1 183.375 -347.015625 1 0 1
wood_woodstair002c
0 -154 -228 96 0 0 1 183.5 -344.765625 1 0 1
0 -226 -220 96 0 0 1 183.375 -347.015625 1 0 1
0 -226 -228 96 0 0 1 183.5 -347.015625 1 0 1
wood_woodstair002a
0 -154 -220 96 0 1 0 -230.19069 -49.5 1 0 1
0 -154 -220 88 0 1 0 -230.19069 -50.5 1 0 1
0 -226 -220 88 0 1 0 -231.68989 -50.5 1 0 1
wood_woodstair002a
0 -154 -220 96 0 1 0 -230.19069 -49.5 1 0 1
0 -226 -220 88 0 1 0 -231.68989 -50.5 1 0 1
0 -226 -220 96 0 1 0 -231.68989 -49.5 1 0 1
wood_woodstair002a
0 -154 -228 88 0 -1 0 -230.19069 -50.5 1 0 1
0 -154 -228 96 0 -1 0 -230.19069 -49.5 1 0 1
0 -226 -228 96 0 -1 0 -231.68989 -49.5 1 0 1
wood_woodstair002a
0 -154 -228 88 0 -1 0 -230.19069 -50.5 1 0 1
0 -226 -228 96 0 -1 0 -231.68989 -49.5 1 0 1
0 -226 -228 88 0 -1 0 -231.68989 -50.5 1 0 1
wood_woodstair002a
0 -154 -164 40 0 1 0 -230.19069 -56.5 1 0 1
0 -154 -164 32 0 1 0 -230.19069 -57.5 1 0 1
0 -226 -164 32 0 1 0 -231.68989 -57.5 1 0 1
wood_woodstair002a
0 -154 -164 40 0 1 0 -230.19069 -56.5 1 0 1
0 -226 -164 32 0 1 0 -231.68989 -57.5 1 0 1
0 -226 -164 40 0 1 0 -231.68989 -56.5 1 0 1
wood_woodstair002a
0 -154 -172 32 0 -1 0 -230.19069 -57.5 1 0 1
0 -154 -172 40 0 -1 0 -230.19069 -56.5 1 0 1
0 -226 -172 40 0 -1 0 -231.68989 -56.5 1 0 1
wood_woodstair002a
0 -154 -172 32 0 -1 0 -230.19069 -57.5 1 0 1
0 -226 -172 40 0 -1 0 -231.68989 -56.5 1 0 1
0 -226 -172 32 0 -1 0 -231.68989 -57.5 1 0 1
wood_woodstair002c
0 -154 -172 32 0 0 -1 183 -344.765625 1 0 1
0 -226 -172 32 0 0 -1 183 -347.015625 1 0 1
0 -226 -164 32 0 0 -1 182.875 -347.015625 1 0 1
wood_woodstair002c
0 -154 -172 32 0 0 -1 183 -344.765625 1 0 1
0 -226 -164 32 0 0 -1 182.875 -347.015625 1 0 1
0 -154 -164 32 0 0 -1 182.875 -344.765625 1 0 1
wood_woodstair002c
0 -226 -172 40 0 0 1 183 -347.015625 1 0 1
0 -154 -172 40 0 0 1 183 -344.765625 1 0 1
0 -154 -164 40 0 0 1 182.875 -344.765625 1 0 1
wood_woodstair002c
0 -226 -172 40 0 0 1 183 -347.015625 1 0 1
0 -154 -164 40 0 0 1 182.875 -344.765625 1 0 1
0 -226 -164 40 0 0 1 182.875 -347.015625 1 0 1
plaster_plasterwall029a
0 -320 -80 219 0 0 1 91.28125 -87 1 0 1
0 -318 -80 219 0 0 1 91.28125 -86.984375 1 0 1
0 -318 -76 219 0 0 1 91.25 -86.984375 1 0 1
plaster_plasterwall029a
0 -320 -80 219 0 0 1 91.28125 -87 1 0 1
0 -318 -76 219 0 0 1 91.25 -86.984375 1 0 1
0 -320 -76 219 0 0 1 91.25 -87 1 0 1
plaster_plasterwall029a
0 -320 -76 147 0 1 0 -88 -1.328125 1 0 1
0 -320 -76 219 0 1 0 -88 -0.765625 1 0 1
0 -318 -76 219 0 1 0 -87.984375 -0.765625 1 0 1
plaster_plasterwall029a
0 -320 -76 147 0 1 0 -88 -1.328125 1 0 1
0 -318 -76 219 0 1 0 -87.984375 -0.765625 1 0 1
0 -318 -76 147 0 1 0 -87.984375 -1.328125 1 0 1
plaster_plasterwall029a
0 -318 -80 147 0 -1 0 -87.984375 -1.328125 1 0 1
0 -318 -80 219 0 -1 0 -87.984375 -0.765625 1 0 1
0 -320 -80 219 0 -1 0 -88 -0.765625 1 0 1
plaster_plasterwall029a
0 -318 -80 147 0 -1 0 -87.984375 -1.328125 1 0 1
0 -320 -80 219 0 -1 0 -88 -0.765625 1 0 1
0 -320 -80 147 0 -1 0 -88 -1.328125 1 0 1
plaster_plasterwall029a
0 -320 -80 147 -1 0 0 91.28125 -1.328125 1 0 1
0 -320 -80 219 -1 0 0 91.28125 -0.765625 1 0 1
0 -320 -76 219 -1 0 0 91.25 -0.765625 1 0 1
plaster_plasterwall029a
0 -320 -80 147 -1 0 0 91.28125 -1.328125 1 0 1
0 -320 -76 219 -1 0 0 91.25 -0.765625 1 0 1
0 -320 -76 147 -1 0 0 91.25 -1.328125 1 0 1
plaster_plasterwall029a
0 -318 -76 147 1 0 0 91.25 -1.328125 1 0 1
0 -318 -76 219 1 0 0 91.25 -0.765625 1 0 1
0 -318 -80 219 1 0 0 91.28125 -0.765625 1 0 1
plaster_plasterwall029a
0 -318 -76 147 1 0 0 91.25 -1.328125 1 0 1
0 -318 -80 219 1 0 0 91.28125 -0.765625 1 0 1
0 -318 -80 147 1 0 0 91.28125 -1.328125 1 0 1
plaster_plasterwall029a
0 -318 -80 147 0 0 -1 91.28125 -86.984375 1 0 1
0 -320 -80 147 0 0 -1 91.28125 -87 1 0 1
0 -320 -76 147 0 0 -1 91.25 -87 1 0 1
plaster_plasterwall029a
0 -318 -80 147 0 0 -1 91.28125 -86.984375 1 0 1
0 -320 -76 147 0 0 -1 91.25 -87 1 0 1
0 -318 -76 147 0 0 -1 91.25 -86.984375 1 0 1
wood_woodstair002a
0 -154 -188 64 0 1 0 -230.19069 -53.5 1 0 1
0 -154 -188 56 0 1 0 -230.19069 -54.5 1 0 1
0 -226 -188 56 0 1 0 -231.68989 -54.5 1 0 1
wood_woodstair002a
0 -154 -188 64 0 1 0 -230.19069 -53.5 1 0 1
0 -226 -188 56 0 1 0 -231.68989 -54.5 1 0 1
0 -226 -188 64 0 1 0 -231.68989 -53.5 1 0 1
wood_woodstair002a
0 -154 -196 56 0 -1 0 -230.19069 -54.5 1 0 1
0 -154 -196 64 0 -1 0 -230.19069 -53.5 1 0 1
0 -226 -196 64 0 -1 0 -231.68989 -53.5 1 0 1
wood_woodstair002a
0 -154 -196 56 0 -1 0 -230.19069 -54.5 1 0 1
0 -226 -196 64 0 -1 0 -231.68989 -53.5 1 0 1
0 -226 -196 56 0 -1 0 -231.68989 -54.5 1 0 1
wood_woodstair002c
0 -154 -196 56 0 0 -1 183.375 -344.765625 1 0 1
0 -226 -196 56 0 0 -1 183.375 -347.015625 1 0 1
0 -226 -188 56 0 0 -1 183.25 -347.015625 1 0 1
wood_woodstair002c
0 -154 -196 56 0 0 -1 183.375 -344.765625 1 0 1
0 -226 -188 56 0 0 -1 183.25 -347.015625 1 0 1
0 -154 -188 56 0 0 -1 183.25 -344.765625 1 0 1
wood_woodstair002c
0 -226 -196 64 0 0 1 183.375 -347.015625 1 0 1
0 -154 -196 64 0 0 1 183.375 -344.765625 1 0 1
0 -154 -188 64 0 0 1 183.25 -344.765625 1 0 1
wood_woodstair002c
0 -226 -196 64 0 0 1 183.375 -347.015625 1 0 1
0 -154 -188 64 0 0 1 183.25 -344.765625 1 0 1
0 -226 -188 64 0 0 1 183.25 -347.015625 1 0 1
plaster_plasterwall029a
0 -172 -80 273 0 0 -1 91.28125 -85.84375 1 0 1
0 -220 -80 273 0 0 -1 91.28125 -86.21875 1 0 1
0 -220 -76 273 0 0 -1 91.25 -86.21875 1 0 1
plaster_plasterwall029a
0 -172 -80 273 0 0 -1 91.28125 -85.84375 1 0 1
0 -220 -76 273 0 0 -1 91.25 -86.21875 1 0 1
0 -172 -76 273 0 0 -1 91.25 -85.84375 1 0 1
plaster_plasterwall029a
0 -220 -80 275 0 0 1 91.28125 -86.21875 1 0 1
0 -172 -80 275 0 0 1 91.28125 -85.84375 1 0 1
0 -172 -76 275 0 0 1 91.25 -85.84375 1 0 1
plaster_plasterwall029a
0 -220 -80 275 0 0 1 91.28125 -86.21875 1 0 1
0 -172 -76 275 0 0 1 91.25 -85.84375 1 0 1
0 -220 -76 275 0 0 1 91.25 -86.21875 1 0 1
plaster_plasterwall029a
0 -172 -76 273 0 1 0 -86.84375 -0.34375 1 0 1
0 -220 -76 273 0 1 0 -87.21875 -0.34375 1 0 1
0 -220 -76 275 0 1 0 -87.21875 -0.328125 1 0 1
plaster_plasterwall029a
0 -172 -76 273 0 1 0 -86.84375 -0.34375 1 0 1
0 -220 -76 275 0 1 0 -87.21875 -0.328125 1 0 1
0 -172 -76 275 0 1 0 -86.84375 -0.328125 1 0 1
plaster_plasterwall029a
0 -172 -80 275 0 -1 0 -86.84375 -0.328125 1 0 1
0 -220 -80 275 0 -1 0 -87.21875 -0.328125 1 0 1
0 -220 -80 273 0 -1 0 -87.21875 -0.34375 1 0 1
plaster_plasterwall029a
0 -172 -80 275 0 -1 0 -86.84375 -0.328125 1 0 1
0 -220 -80 273 0 -1 0 -87.21875 -0.34375 1 0 1
0 -172 -80 273 0 -1 0 -86.84375 -0.34375 1 0 1
plaster_plasterwall029a
0 -220 -80 275 -1 0 0 91.28125 -0.328125 1 0 1
0 -220 -76 275 -1 0 0 91.25 -0.328125 1 0 1
0 -220 -76 273 -1 0 0 91.25 -0.34375 1 0 1
plaster_plasterwall029a
0 -220 -80 275 -1 0 0 91.28125 -0.328125 1 0 1
0 -220 -76 273 -1 0 0 91.25 -0.34375 1 0 1
0 -220 -80 273 -1 0 0 91.28125 -0.34375 1 0 1
plaster_plasterwall029a
0 -172 -80 273 1 0 0 91.28125 -0.34375 1 0 1
0 -172 -76 273 1 0 0 91.25 -0.34375 1 0 1
0 -172 -76 275 1 0 0 91.25 -0.328125 1 0 1
plaster_plasterwall029a
0 -172 -80 273 1 0 0 91.28125 -0.34375 1 0 1
0 -172 -76 275 1 0 0 91.25 -0.328125 1 0 1
0 -172 -80 275 1 0 0 91.28125 -0.328125 1 0 1
plaster_plasterwall029a
0 -218 -80 275 1 0 0 91.28125 -0.328125 1 0 1
0 -218 -76 275 1 0 0 91.25 -0.328125 1 0 1
0 -218 -76 347 1 0 0 91.25 0.234375 1 0 1
plaster_plasterwall029a
0 -218 -80 275 1 0 0 91.28125 -0.328125 1 0 1
0 -218 -76 347 1 0 0 91.25 0.234375 1 0 1
0 -218 -80 347 1 0 0 91.28125 0.234375 1 0 1
plaster_plasterwall029a
0 -220 -76 275 0 0 -1 91.25 -86.21875 1 0 1
0 -218 -76 275 0 0 -1 91.25 -86.203125 1 0 1
0 -218 -80 275 0 0 -1 91.28125 -86.203125 1 0 1
plaster_plasterwall029a
0 -220 -76 275 0 0 -1 91.25 -86.21875 1 0 1
0 -218 -80 275 0 0 -1 91.28125 -86.203125 1 0 1
0 -220 -80 275 0 0 -1 91.28125 -86.21875 1 0 1
plaster_plasterwall029a
0 -220 -80 347 0 0 1 91.28125 -86.21875 1 0 1
0 -218 -80 347 0 0 1 91.28125 -86.203125 1 0 1
0 -218 -76 347 0 0 1 91.25 -86.203125 1 0 1
plaster_plasterwall029a
0 -220 -80 347 0 0 1 91.28125 -86.21875 1 0 1
0 -218 -76 347 0 0 1 91.25 -86.203125 1 0 1
0 -220 -76 347 0 0 1 91.25 -86.21875 1 0 1
plaster_plasterwall029a
0 -218 -76 347 0 1 0 -87.203125 0.234375 1 0 1
0 -218 -76 275 0 1 0 -87.203125 -0.328125 1 0 1
0 -220 -76 275 0 1 0 -87.21875 -0.328125 1 0 1
plaster_plasterwall029a
0 -218 -76 347 0 1 0 -87.203125 0.234375 1 0 1
0 -220 -76 275 0 1 0 -87.21875 -0.328125 1 0 1
0 -220 -76 347 0 1 0 -87.21875 0.234375 1 0 1
plaster_plasterwall029a
0 -218 -80 275 0 -1 0 -87.203125 -0.328125 1 0 1
0 -218 -80 347 0 -1 0 -87.203125 0.234375 1 0 1
0 -220 -80 347 0 -1 0 -87.21875 0.234375 1 0 1
plaster_plasterwall029a
0 -218 -80 275 0 -1 0 -87.203125 -0.328125 1 0 1
0 -220 -80 347 0 -1 0 -87.21875 0.234375 1 0 1
0 -220 -80 275 0 -1 0 -87.21875 -0.328125 1 0 1
plaster_plasterwall029a
0 -220 -80 347 -1 0 0 91.28125 0.234375 1 0 1
0 -220 -76 347 -1 0 0 91.25 0.234375 1 0 1
0 -220 -76 275 -1 0 0 91.25 -0.328125 1 0 1
plaster_plasterwall029a
0 -220 -80 347 -1 0 0 91.28125 0.234375 1 0 1
0 -220 -76 275 -1 0 0 91.25 -0.328125 1 0 1
0 -220 -80 275 -1 0 0 91.28125 -0.328125 1 0 1
wood_woodshelf002a
0 -32 -76 219 0 1 0 -165.254808 -1.298118 1 0 1
0 -32 -76 151 0 1 0 -165.254808 -1.901811 1 0 1
0 -34 -76 151 0 1 0 -165.284856 -1.901811 1 0 1
wood_woodshelf002a
0 -32 -76 219 0 1 0 -165.254808 -1.298118 1 0 1
0 -34 -76 151 0 1 0 -165.284856 -1.901811 1 0 1
0 -34 -76 219 0 1 0 -165.284856 -1.298118 1 0 1
wood_woodshelf002a
0 -32 -80 151 0 -1 0 -165.254808 -1.901811 1 0 1
0 -32 -80 219 0 -1 0 -165.254808 -1.298118 1 0 1
0 -34 -80 219 0 -1 0 -165.284856 -1.298118 1 0 1
wood_woodshelf002a
0 -32 -80 151 0 -1 0 -165.254808 -1.901811 1 0 1
0 -34 -80 219 0 -1 0 -165.284856 -1.298118 1 0 1
0 -34 -80 151 0 -1 0 -165.284856 -1.901811 1 0 1
wood_woodshelf002a
0 -34 -80 151 -1 0 0 174.482722 -1.901811 1 0 1
0 -34 -80 219 -1 0 0 174.482722 -1.298118 1 0 1
0 -34 -76 219 -1 0 0 174.422626 -1.298118 1 0 1
wood_woodshelf002a
0 -34 -80 151 -1 0 0 174.482722 -1.901811 1 0 1
0 -34 -76 219 -1 0 0 174.422626 -1.298118 1 0 1
0 -34 -76 151 -1 0 0 174.422626 -1.901811 1 0 1
wood_woodshelf002a
0 -32 -80 219 1 0 0 174.482722 -1.298118 1 0 1
0 -32 -80 151 1 0 0 174.482722 -1.901811 1 0 1
0 -32 -76 151 1 0 0 174.422626 -1.901811 1 0 1
wood_woodshelf002a
0 -32 -80 219 1 0 0 174.482722 -1.298118 1 0 1
0 -32 -76 151 1 0 0 174.422626 -1.901811 1 0 1
0 -32 -76 219 1 0 0 174.422626 -1.298118 1 0 1
wood_woodstair002a
0 -154 -212 88 0 1 0 -230.19069 -50.5 1 0 1
0 -154 -212 80 0 1 0 -230.19069 -51.5 1 0 1
0 -226 -212 80 0 1 0 -231.68989 -51.5 1 0 1
wood_woodstair002a
0 -154 -212 88 0 1 0 -230.19069 -50.5 1 0 1
0 -226 -212 80 0 1 0 -231.68989 -51.5 1 0 1
0 -226 -212 88 0 1 0 -231.68989 -50.5 1 0 1
wood_woodstair002a
0 -154 -220 80 0 -1 0 -230.19069 -51.5 1 0 1
0 -154 -220 88 0 -1 0 -230.19069 -50.5 1 0 1
0 -226 -220 88 0 -1 0 -231.68989 -50.5 1 0 1
wood_woodstair002a
0 -154 -220 80 0 -1 0 -230.19069 -51.5 1 0 1
0 -226 -220 88 0 -1 0 -231.68989 -50.5 1 0 1
0 -226 -220 80 0 -1 0 -231.68989 -51.5 1 0 1
wood_woodstair002c
0 -154 -220 80 0 0 -1 183.375 -344.765625 1 0 1
0 -226 -220 80 0 0 -1 183.375 -347.015625 1 0 1
0 -226 -212 80 0 0 -1 183.25 -347.015625 1 0 1
wood_woodstair002c
0 -154 -220 80 0 0 -1 183.375 -344.765625 1 0 1
0 -226 -212 80 0 0 -1 183.25 -347.015625 1 0 1
0 -154 -212 80 0 0 -1 183.25 -344.765625 1 0 1
wood_woodstair002c
0 -226 -220 88 0 0 1 183.375 -347.015625 1 0 1
0 -154 -220 88 0 0 1 183.375 -344.765625 1 0 1
0 -154 -212 88 0 0 1 183.25 -344.765625 1 0 1
wood_woodstair002c
0 -226 -220 88 0 0 1 183.375 -347.015625 1 0 1
0 -154 -212 88 0 0 1 183.25 -344.765625 1 0 1
0 -226 -212 88 0 0 1 183.25 -347.015625 1 0 1
wood_woodstair002a
0 -154 -196 321 0 1 0 -231.178971 -21.5 1 0 1
0 -154 -196 313 0 1 0 -231.178971 -22.5 1 0 1
0 -226 -196 313 0 1 0 -232.678172 -22.5 1 0 1
wood_woodstair002a
0 -154 -196 321 0 1 0 -231.178971 -21.5 1 0 1
0 -226 -196 313 0 1 0 -232.678172 -22.5 1 0 1
0 -226 -196 321 0 1 0 -232.678172 -21.5 1 0 1
wood_woodstair002a
0 -154 -204 313 0 -1 0 -231.178971 -22.5 1 0 1
0 -154 -204 321 0 -1 0 -231.178971 -21.5 1 0 1
0 -226 -204 321 0 -1 0 -232.678172 -21.5 1 0 1
wood_woodstair002a
0 -154 -204 313 0 -1 0 -231.178971 -22.5 1 0 1
0 -226 -204 321 0 -1 0 -232.678172 -21.5 1 0 1
0 -226 -204 313 0 -1 0 -232.678172 -22.5 1 0 1
wood_woodstair002c
0 -154 -204 313 0 0 -1 183.5 -345.75 1 0 1
0 -226 -204 313 0 0 -1 183.5 -348 1 0 1
0 -226 -196 313 0 0 -1 183.375 -348 1 0 1
wood_woodstair002c
0 -154 -204 313 0 0 -1 183.5 -345.75 1 0 1
0 -226 -196 313 0 0 -1 183.375 -348 1 0 1
0 -154 -196 313 0 0 -1 183.375 -345.75 1 0 1
wood_woodstair002c
0 -226 -204 321 0 0 1 183.5 -348 1 0 1
0 -154 -204 321 0 0 1 183.5 -345.75 1 0 1
0 -154 -196 321 0 0 1 183.375 -345.75 1 0 1
wood_woodstair002c
0 -226 -204 321 0 0 1 183.5 -348 1 0 1
0 -154 -196 321 0 0 1 183.375 -345.75 1 0 1
0 -226 -196 321 0 0 1 183.375 -348 1 0 1
plaster_plasterwall029a
0 -318 -76 347 0 1 0 -87.984375 0.234375 1 0 1
0 -318 -76 275 0 1 0 -87.984375 -0.328125 1 0 1
0 -320 -76 275 0 1 0 -88 -0.328125 1 0 1
plaster_plasterwall029a
0 -318 -76 347 0 1 0 -87.984375 0.234375 1 0 1
0 -320 -76 275 0 1 0 -88 -0.328125 1 0 1
0 -320 -76 347 0 1 0 -88 0.234375 1 0 1
plaster_wallpaper002b
0 -318 -80 275 0 -1 0 -87.984375 -0.796875 1 0 1
0 -318 -80 347 0 -1 0 -87.984375 -0.234375 1 0 1
0 -320 -80 347 0 -1 0 -88 -0.234375 1 0 1
plaster_wallpaper002b
0 -318 -80 275 0 -1 0 -87.984375 -0.796875 1 0 1
0 -320 -80 347 0 -1 0 -88 -0.234375 1 0 1
0 -320 -80 275 0 -1 0 -88 -0.796875 1 0 1
plaster_plasterwall029a
0 -320 -80 275 -1 0 0 91.28125 -0.328125 1 0 1
0 -320 -80 347 -1 0 0 91.28125 0.234375 1 0 1
0 -320 -76 347 -1 0 0 91.25 0.234375 1 0 1
plaster_plasterwall029a
0 -320 -80 275 -1 0 0 91.28125 -0.328125 1 0 1
0 -320 -76 347 -1 0 0 91.25 0.234375 1 0 1
0 -320 -76 275 -1 0 0 91.25 -0.328125 1 0 1
plaster_plasterwall029a
0 -318 -80 347 1 0 0 91.28125 0.234375 1 0 1
0 -318 -80 275 1 0 0 91.28125 -0.328125 1 0 1
0 -318 -76 275 1 0 0 91.25 -0.328125 1 0 1
plaster_plasterwall029a
0 -318 -80 347 1 0 0 91.28125 0.234375 1 0 1
0 -318 -76 275 1 0 0 91.25 -0.328125 1 0 1
0 -318 -76 347 1 0 0 91.25 0.234375 1 0 1
plaster_plasterwall029a
0 -318 -80 275 0 0 -1 91.28125 -86.984375 1 0 1
0 -320 -80 275 0 0 -1 91.28125 -87 1 0 1
0 -320 -76 275 0 0 -1 91.25 -87 1 0 1
plaster_plasterwall029a
0 -318 -80 275 0 0 -1 91.28125 -86.984375 1 0 1
0 -320 -76 275 0 0 -1 91.25 -87 1 0 1
0 -318 -76 275 0 0 -1 91.25 -86.984375 1 0 1
plaster_plasterwall029a
0 -320 -80 347 0 0 1 91.28125 -87 1 0 1
0 -318 -80 347 0 0 1 91.28125 -86.984375 1 0 1
0 -318 -76 347 0 0 1 91.25 -86.984375 1 0 1
plaster_plasterwall029a
0 -320 -80 347 0 0 1 91.28125 -87 1 0 1
0 -318 -76 347 0 0 1 91.25 -86.984375 1 0 1
0 -320 -76 347 0 0 1 91.25 -87 1 0 1
wood_woodstair002c
0 -154 -188 297 0 0 -1 183.25 -345.75 1 0 1
0 -226 -188 297 0 0 -1 183.25 -348 1 0 1
0 -226 -180 297 0 0 -1 183.125 -348 1 0 1
wood_woodstair002c
0 -154 -188 297 0 0 -1 183.25 -345.75 1 0 1
0 -226 -180 297 0 0 -1 183.125 -348 1 0 1
0 -154 -180 297 0 0 -1 183.125 -345.75 1 0 1
wood_woodstair002c
0 -226 -188 305 0 0 1 183.25 -348 1 0 1
0 -154 -188 305 0 0 1 183.25 -345.75 1 0 1
0 -154 -180 305 0 0 1 183.125 -345.75 1 0 1
wood_woodstair002c
0 -226 -188 305 0 0 1 183.25 -348 1 0 1
0 -154 -180 305 0 0 1 183.125 -345.75 1 0 1
0 -226 -180 305 0 0 1 183.125 -348 1 0 1
wood_woodstair002a
0 -154 -180 297 0 1 0 -231.178971 -24.5 1 0 1
0 -226 -180 297 0 1 0 -232.678172 -24.5 1 0 1
0 -226 -180 305 0 1 0 -232.678172 -23.5 1 0 1
wood_woodstair002a
0 -154 -180 297 0 1 0 -231.178971 -24.5 1 0 1
0 -226 -180 305 0 1 0 -232.678172 -23.5 1 0 1
0 -154 -180 305 0 1 0 -231.178971 -23.5 1 0 1
wood_woodstair002a
0 -154 -188 305 0 -1 0 -231.178971 -23.5 1 0 1
0 -226 -188 305 0 -1 0 -232.678172 -23.5 1 0 1
0 -226 -188 297 0 -1 0 -232.678172 -24.5 1 0 1
wood_woodstair002a
0 -154 -188 305 0 -1 0 -231.178971 -23.5 1 0 1
0 -226 -188 297 0 -1 0 -232.678172 -24.5 1 0 1
0 -154 -188 297 0 -1 0 -231.178971 -24.5 1 0 1
wood_woodshelf002a
0 7 -84 279 0 0 1 174.542819 -96.560724 1 0 1
0 7 -76 279 0 0 1 174.422626 -96.560724 1 0 1
0 -73 -76 279 0 0 1 174.422626 -97.270952 1 0 1
wood_woodshelf002a
0 7 -84 279 0 0 1 174.542819 -96.560724 1 0 1
0 -73 -76 279 0 0 1 174.422626 -97.270952 1 0 1
0 -73 -84 279 0 0 1 174.542819 -97.270952 1 0 1
wood_woodshelf002a
0 7 -76 279 0 1 0 -164.66887 -0.765447 1 0 1
0 7 -76 277 0 1 0 -164.66887 -0.783203 1 0 1
0 -73 -76 277 0 1 0 -165.870793 -0.783203 1 0 1
wood_woodshelf002a
0 7 -76 279 0 1 0 -164.66887 -0.765447 1 0 1
0 -73 -76 277 0 1 0 -165.870793 -0.783203 1 0 1
0 -73 -76 279 0 1 0 -165.870793 -0.765447 1 0 1
wood_woodshelf002a
0 7 -84 277 0 -1 0 -164.66887 -0.783203 1 0 1
0 7 -84 279 0 -1 0 -164.66887 -0.765447 1 0 1
0 -73 -84 279 0 -1 0 -165.870793 -0.765447 1 0 1
wood_woodshelf002a
0 7 -84 277 0 -1 0 -164.66887 -0.783203 1 0 1
0 -73 -84 279 0 -1 0 -165.870793 -0.765447 1 0 1
0 -73 -84 277 0 -1 0 -165.870793 -0.783203 1 0 1
wood_woodstair002a
0 -154 -156 281 0 1 0 -231.178971 -26.5 1 0 1
0 -154 -156 273 0 1 0 -231.178971 -27.5 1 0 1
0 -226 -156 273 0 1 0 -232.678172 -27.5 1 0 1
wood_woodstair002a
0 -154 -156 281 0 1 0 -231.178971 -26.5 1 0 1
0 -226 -156 273 0 1 0 -232.678172 -27.5 1 0 1
0 -226 -156 281 0 1 0 -232.678172 -26.5 1 0 1
wood_woodstair002a
0 -154 -164 273 0 -1 0 -231.178971 -27.5 1 0 1
0 -154 -164 281 0 -1 0 -231.178971 -26.5 1 0 1
0 -226 -164 281 0 -1 0 -232.678172 -26.5 1 0 1
wood_woodstair002a
0 -154 -164 273 0 -1 0 -231.178971 -27.5 1 0 1
0 -226 -164 281 0 -1 0 -232.678172 -26.5 1 0 1
0 -226 -164 273 0 -1 0 -232.678172 -27.5 1 0 1
wood_woodstair002c
0 -154 -164 273 0 0 -1 182.875 -345.75 1 0 1
0 -226 -164 273 0 0 -1 182.875 -348 1 0 1
0 -226 -156 273 0 0 -1 182.75 -348 1 0 1
wood_woodstair002c
0 -154 -164 273 0 0 -1 182.875 -345.75 1 0 1
0 -226 -156 273 0 0 -1 182.75 -348 1 0 1
0 -154 -156 273 0 0 -1 182.75 -345.75 1 0 1
wood_woodstair002c
0 -226 -164 281 0 0 1 182.875 -348 1 0 1
0 -154 -164 281 0 0 1 182.875 -345.75 1 0 1
0 -154 -156 281 0 0 1 182.75 -345.75 1 0 1
wood_woodstair002c
0 -226 -164 281 0 0 1 182.875 -348 1 0 1
0 -154 -156 281 0 0 1 182.75 -345.75 1 0 1
0 -226 -156 281 0 0 1 182.75 -348 1 0 1
wood_woodstair002a
0 -154 -196 193 0 1 0 -231.178971 -37.5 1 0 1
0 -154 -196 185 0 1 0 -231.178971 -38.5 1 0 1
0 -226 -196 185 0 1 0 -232.678172 -38.5 1 0 1
wood_woodstair002a
0 -154 -196 193 0 1 0 -231.178971 -37.5 1 0 1
0 -226 -196 185 0 1 0 -232.678172 -38.5 1 0 1
0 -226 -196 193 0 1 0 -232.678172 -37.5 1 0 1
wood_woodstair002a
0 -154 -204 185 0 -1 0 -231.178971 -38.5 1 0 1
0 -154 -204 193 0 -1 0 -231.178971 -37.5 1 0 1
0 -226 -204 193 0 -1 0 -232.678172 -37.5 1 0 1
wood_woodstair002a
0 -154 -204 185 0 -1 0 -231.178971 -38.5 1 0 1
0 -226 -204 193 0 -1 0 -232.678172 -37.5 1 0 1
0 -226 -204 185 0 -1 0 -232.678172 -38.5 1 0 1
wood_woodstair002c
0 -154 -204 185 0 0 -1 183.5 -345.75 1 0 1
0 -226 -204 185 0 0 -1 183.5 -348 1 0 1
0 -226 -196 185 0 0 -1 183.375 -348 1 0 1
wood_woodstair002c
0 -154 -204 185 0 0 -1 183.5 -345.75 1 0 1
0 -226 -196 185 0 0 -1 183.375 -348 1 0 1
0 -154 -196 185 0 0 -1 183.375 -345.75 1 0 1
wood_woodstair002c
0 -226 -204 193 0 0 1 183.5 -348 1 0 1
0 -154 -204 193 0 0 1 183.5 -345.75 1 0 1
0 -154 -196 193 0 0 1 183.375 -345.75 1 0 1
wood_woodstair002c
0 -226 -204 193 0 0 1 183.5 -348 1 0 1
0 -154 -196 193 0 0 1 183.375 -345.75 1 0 1
0 -226 -196 193 0 0 1 183.375 -348 1 0 1
plaster_plasterwall029a
0 -172 -80 275 0 -1 0 -86.84375 -0.328125 1 0 1
0 -172 -80 347 0 -1 0 -86.84375 0.234375 1 0 1
0 -174 -80 347 0 -1 0 -86.859375 0.234375 1 0 1
plaster_plasterwall029a
0 -172 -80 275 0 -1 0 -86.84375 -0.328125 1 0 1
0 -174 -80 347 0 -1 0 -86.859375 0.234375 1 0 1
0 -174 -80 275 0 -1 0 -86.859375 -0.328125 1 0 1
plaster_plasterwall029a
0 -174 -80 275 -1 0 0 91.28125 -0.328125 1 0 1
0 -174 -80 347 -1 0 0 91.28125 0.234375 1 0 1
0 -174 -76 347 -1 0 0 91.25 0.234375 1 0 1
plaster_plasterwall029a
0 -174 -80 275 -1 0 0 91.28125 -0.328125 1 0 1
0 -174 -76 347 -1 0 0 91.25 0.234375 1 0 1
0 -174 -76 275 -1 0 0 91.25 -0.328125 1 0 1
plaster_plasterwall029a
0 -172 -80 347 1 0 0 91.28125 0.234375 1 0 1
0 -172 -80 275 1 0 0 91.28125 -0.328125 1 0 1
0 -172 -76 275 1 0 0 91.25 -0.328125 1 0 1
plaster_plasterwall029a
0 -172 -80 347 1 0 0 91.28125 0.234375 1 0 1
0 -172 -76 275 1 0 0 91.25 -0.328125 1 0 1
0 -172 -76 347 1 0 0 91.25 0.234375 1 0 1
plaster_plasterwall029a
0 -172 -80 275 0 0 -1 91.28125 -85.84375 1 0 1
0 -174 -80 275 0 0 -1 91.28125 -85.859375 1 0 1
0 -174 -76 275 0 0 -1 91.25 -85.859375 1 0 1
plaster_plasterwall029a
0 -172 -80 275 0 0 -1 91.28125 -85.84375 1 0 1
0 -174 -76 275 0 0 -1 91.25 -85.859375 1 0 1
0 -172 -76 275 0 0 -1 91.25 -85.84375 1 0 1
plaster_plasterwall029a
0 -174 -80 347 0 0 1 91.28125 -85.859375 1 0 1
0 -172 -80 347 0 0 1 91.28125 -85.84375 1 0 1
0 -172 -76 347 0 0 1 91.25 -85.84375 1 0 1
plaster_plasterwall029a
0 -174 -80 347 0 0 1 91.28125 -85.859375 1 0 1
0 -172 -76 347 0 0 1 91.25 -85.84375 1 0 1
0 -174 -76 347 0 0 1 91.25 -85.859375 1 0 1
plaster_plasterwall029a
0 -172 -76 347 0 1 0 -87.078125 -0.234375 1 0 1
0 -172 -76 275 0 1 0 -87.078125 -0.796875 1 0 1
0 -174 -76 275 0 1 0 -87.09375 -0.796875 1 0 1
plaster_plasterwall029a
0 -172 -76 347 0 1 0 -87.078125 -0.234375 1 0 1
0 -174 -76 275 0 1 0 -87.09375 -0.796875 1 0 1
0 -174 -76 347 0 1 0 -87.09375 -0.234375 1 0 1
wood_woodshelf001a
0 -318 -77 275 0 1 0 -256.004009 -2.000754 1 0 1
0 -318 -77 347 0 1 0 -256.004009 -1.000932 1 0 1
0 -274 -77 347 0 1 0 -255.004154 -1.000932 1 0 1
wood_woodshelf001a
0 -318 -77 275 0 1 0 -256.004009 -2.000754 1 0 1
0 -274 -77 347 0 1 0 -255.004154 -1.000932 1 0 1
0 -274 -77 275 0 1 0 -255.004154 -2.000754 1 0 1
wood_woodshelf001a
0 -274 -78 275 0 -1 0 -255.004154 -2.000754 1 0 1
0 -274 -78 347 0 -1 0 -255.004154 -1.000932 1 0 1
0 -318 -78 347 0 -1 0 -256.004009 -1.000932 1 0 1
wood_woodshelf001a
0 -274 -78 275 0 -1 0 -255.004154 -2.000754 1 0 1
0 -318 -78 347 0 -1 0 -256.004009 -1.000932 1 0 1
0 -318 -78 275 0 -1 0 -256.004009 -2.000754 1 0 1
wood_woodstair002c
0 -154 -172 153 0 0 -1 183 -345.75 1 0 1
0 -226 -172 153 0 0 -1 183 -348 1 0 1
0 -226 -164 153 0 0 -1 182.875 -348 1 0 1
wood_woodstair002c
0 -154 -172 153 0 0 -1 183 -345.75 1 0 1
0 -226 -164 153 0 0 -1 182.875 -348 1 0 1
0 -154 -164 153 0 0 -1 182.875 -345.75 1 0 1
wood_woodstair002c
0 -226 -172 161 0 0 1 183 -348 1 0 1
0 -154 -172 161 0 0 1 183 -345.75 1 0 1
0 -154 -164 161 0 0 1 182.875 -345.75 1 0 1
wood_woodstair002c
0 -226 -172 161 0 0 1 183 -348 1 0 1
0 -154 -164 161 0 0 1 182.875 -345.75 1 0 1
0 -226 -164 161 0 0 1 182.875 -348 1 0 1
wood_woodstair002a
0 -154 -164 153 0 1 0 -231.178971 -42.5 1 0 1
0 -226 -164 153 0 1 0 -232.678172 -42.5 1 0 1
0 -226 -164 161 0 1 0 -232.678172 -41.5 1 0 1
wood_woodstair002a
0 -154 -164 153 0 1 0 -231.178971 -42.5 1 0 1
0 -226 -164 161 0 1 0 -232.678172 -41.5 1 0 1
0 -154 -164 161 0 1 0 -231.178971 -41.5 1 0 1
wood_woodstair002a
0 -154 -172 161 0 -1 0 -231.178971 -41.5 1 0 1
0 -226 -172 161 0 -1 0 -232.678172 -41.5 1 0 1
0 -226 -172 153 0 -1 0 -232.678172 -42.5 1 0 1
wood_woodstair002a
0 -154 -172 161 0 -1 0 -231.178971 -41.5 1 0 1
0 -226 -172 153 0 -1 0 -232.678172 -42.5 1 0 1
0 -154 -172 153 0 -1 0 -231.178971 -42.5 1 0 1
plaster_plasterwall029a
0 -220 -80 219 -1 0 0 91.28125 -0.765625 1 0 1
0 -220 -76 219 -1 0 0 91.25 -0.765625 1 0 1
0 -220 -76 147 -1 0 0 91.25 -1.328125 1 0 1
plaster_plasterwall029a
0 -220 -80 219 -1 0 0 91.28125 -0.765625 1 0 1
0 -220 -76 147 -1 0 0 91.25 -1.328125 1 0 1
0 -220 -80 147 -1 0 0 91.28125 -1.328125 1 0 1
plaster_plasterwall029a
0 -218 -80 147 1 0 0 91.28125 -1.328125 1 0 1
0 -218 -76 147 1 0 0 91.25 -1.328125 1 0 1
0 -218 -76 219 1 0 0 91.25 -0.765625 1 0 1
plaster_plasterwall029a
0 -218 -80 147 1 0 0 91.28125 -1.328125 1 0 1
0 -218 -76 219 1 0 0 91.25 -0.765625 1 0 1
0 -218 -80 219 1 0 0 91.28125 -0.765625 1 0 1
plaster_plasterwall029a
0 -220 -80 147 0 0 -1 91.28125 -86.21875 1 0 1
0 -220 -76 147 0 0 -1 91.25 -86.21875 1 0 1
0 -218 -76 147 0 0 -1 91.25 -86.203125 1 0 1
plaster_plasterwall029a
0 -220 -80 147 0 0 -1 91.28125 -86.21875 1 0 1
0 -218 -76 147 0 0 -1 91.25 -86.203125 1 0 1
0 -218 -80 147 0 0 -1 91.28125 -86.203125 1 0 1
plaster_plasterwall029a
0 -218 -80 219 0 0 1 91.28125 -86.203125 1 0 1
0 -218 -76 219 0 0 1 91.25 -86.203125 1 0 1
0 -220 -76 219 0 0 1 91.25 -86.21875 1 0 1
plaster_plasterwall029a
0 -218 -80 219 0 0 1 91.28125 -86.203125 1 0 1
0 -220 -76 219 0 0 1 91.25 -86.21875 1 0 1
0 -220 -80 219 0 0 1 91.28125 -86.21875 1 0 1
plaster_plasterwall029a
0 -218 -76 219 0 1 0 -87.203125 -0.765625 1 0 1
0 -218 -76 147 0 1 0 -87.203125 -1.328125 1 0 1
0 -220 -76 147 0 1 0 -87.21875 -1.328125 1 0 1
plaster_plasterwall029a
0 -218 -76 219 0 1 0 -87.203125 -0.765625 1 0 1
0 -220 -76 147 0 1 0 -87.21875 -1.328125 1 0 1
0 -220 -76 219 0 1 0 -87.21875 -0.765625 1 0 1
plaster_plasterwall029a
0 -218 -80 147 0 -1 0 -87.203125 -1.328125 1 0 1
0 -218 -80 219 0 -1 0 -87.203125 -0.765625 1 0 1
0 -220 -80 219 0 -1 0 -87.21875 -0.765625 1 0 1
plaster_plasterwall029a
0 -218 -80 147 0 -1 0 -87.203125 -1.328125 1 0 1
0 -220 -80 219 0 -1 0 -87.21875 -0.765625 1 0 1
0 -220 -80 147 0 -1 0 -87.21875 -1.328125 1 0 1
wood_woodstair002c
0 -226 -212 321 0 0 -1 183.625 -348 1 0 1
0 -226 -204 321 0 0 -1 183.5 -348 1 0 1
0 -154 -204 321 0 0 -1 183.5 -345.75 1 0 1
wood_woodstair002c
0 -226 -212 321 0 0 -1 183.625 -348 1 0 1
0 -154 -204 321 0 0 -1 183.5 -345.75 1 0 1
0 -154 -212 321 0 0 -1 183.625 -345.75 1 0 1
wood_woodstair002c
0 -154 -212 329 0 0 1 183.625 -345.75 1 0 1
0 -154 -204 329 0 0 1 183.5 -345.75 1 0 1
0 -226 -204 329 0 0 1 183.5 -348 1 0 1
wood_woodstair002c
0 -154 -212 329 0 0 1 183.625 -345.75 1 0 1
0 -226 -204 329 0 0 1 183.5 -348 1 0 1
0 -226 -212 329 0 0 1 183.625 -348 1 0 1
wood_woodstair002a
0 -154 -204 329 0 1 0 -231.178971 -20.5 1 0 1
0 -154 -204 321 0 1 0 -231.178971 -21.5 1 0 1
0 -226 -204 321 0 1 0 -232.678172 -21.5 1 0 1
wood_woodstair002a
0 -154 -204 329 0 1 0 -231.178971 -20.5 1 0 1
0 -226 -204 321 0 1 0 -232.678172 -21.5 1 0 1
0 -226 -204 329 0 1 0 -232.678172 -20.5 1 0 1
wood_woodstair002a
0 -154 -212 321 0 -1 0 -231.178971 -21.5 1 0 1
0 -154 -212 329 0 -1 0 -231.178971 -20.5 1 0 1
0 -226 -212 329 0 -1 0 -232.678172 -20.5 1 0 1
wood_woodstair002a
0 -154 -212 321 0 -1 0 -231.178971 -21.5 1 0 1
0 -226 -212 329 0 -1 0 -232.678172 -20.5 1 0 1
0 -226 -212 321 0 -1 0 -232.678172 -21.5 1 0 1
brick_brickwall053e
0 -130 -60 377 0 1 0 -86.507812 0.75 1 0 1
0 -130 -60 345 0 1 0 -86.507812 0.5 1 0 1
0 -153 -60 345 0 1 0 -86.6875 0.5 1 0 1
brick_brickwall053e
0 -130 -60 377 0 1 0 -86.507812 0.75 1 0 1
0 -153 -60 345 0 1 0 -86.6875 0.5 1 0 1
0 -153 -60 377 0 1 0 -86.6875 0.75 1 0 1
brick_brickwall053e
0 -153 -76 345 -1 0 0 91.25 0.5 1 0 1
0 -153 -76 377 -1 0 0 91.25 0.75 1 0 1
0 -153 -60 377 -1 0 0 91.125 0.75 1 0 1
brick_brickwall053e
0 -153 -76 345 -1 0 0 91.25 0.5 1 0 1
0 -153 -60 377 -1 0 0 91.125 0.75 1 0 1
0 -153 -60 345 -1 0 0 91.125 0.5 1 0 1
brick_brickwall053e
0 -130 -76 377 1 0 0 91.25 0.75 1 0 1
0 -130 -76 345 1 0 0 91.25 0.5 1 0 1
0 -130 -60 345 1 0 0 91.125 0.5 1 0 1
brick_brickwall053e
0 -130 -76 377 1 0 0 91.25 0.75 1 0 1
0 -130 -60 345 1 0 0 91.125 0.5 1 0 1
0 -130 -60 377 1 0 0 91.125 0.75 1 0 1
wood_woodshelf002a
0 7 -76 219 0 1 0 -164.66887 -1.298118 1 0 1
0 7 -76 151 0 1 0 -164.66887 -1.901811 1 0 1
0 5 -76 151 0 1 0 -164.698918 -1.901811 1 0 1
wood_woodshelf002a
0 7 -76 219 0 1 0 -164.66887 -1.298118 1 0 1
0 5 -76 151 0 1 0 -164.698918 -1.901811 1 0 1
0 5 -76 219 0 1 0 -164.698918 -1.298118 1 0 1
wood_woodshelf002a
0 7 -84 151 0 -1 0 -164.66887 -1.901811 1 0 1
0 7 -84 219 0 -1 0 -164.66887 -1.298118 1 0 1
0 5 -84 219 0 -1 0 -164.698918 -1.298118 1 0 1
wood_woodshelf002a
0 7 -84 151 0 -1 0 -164.66887 -1.901811 1 0 1
0 5 -84 219 0 -1 0 -164.698918 -1.298118 1 0 1
0 5 -84 151 0 -1 0 -164.698918 -1.901811 1 0 1
wood_woodshelf002a
0 5 -84 151 -1 0 0 174.542819 -1.901811 1 0 1
0 5 -84 219 -1 0 0 174.542819 -1.298118 1 0 1
0 5 -76 219 -1 0 0 174.422626 -1.298118 1 0 1
wood_woodshelf002a
0 5 -84 151 -1 0 0 174.542819 -1.901811 1 0 1
0 5 -76 219 -1 0 0 174.422626 -1.298118 1 0 1
0 5 -76 151 -1 0 0 174.422626 -1.901811 1 0 1
wood_wooddoor032a
0 119 -76 121 0 1 0 169.0625 -2 1 0 1
0 119 -76 228.999 0 1 0 169.0625 -1.156258 1 0 1
0 123 -76 232.999 0 1 0 169 -1.125008 1 0 1
wood_wooddoor032a
0 119 -76 121 0 1 0 169.0625 -2 1 0 1
0 123 -76 232.999 0 1 0 169 -1.125008 1 0 1
0 123 -76 121 0 1 0 169 -2 1 0 1
wood_wooddoor032a
0 123 -84 121 0 -1 0 -169.125 -2 1 0 1
0 123 -84 232.999 0 -1 0 -169.125 -1.125008 1 0 1
0 119 -84 228.999 0 -1 0 -169.1875 -1.156258 1 0 1
wood_wooddoor032a
0 123 -84 121 0 -1 0 -169.125 -2 1 0 1
0 119 -84 228.999 0 -1 0 -169.1875 -1.156258 1 0 1
0 119 -84 121 0 -1 0 -169.1875 -2 1 0 1
wood_wooddoor032a
0 119 -84 121 -1 0 0 181.214844 -2 1 0 1
0 119 -84 228.999 -1 0 0 181.214844 -1.156258 1 0 1
0 119 -76 228.999 -1 0 0 181.089844 -1.156258 1 0 1
wood_wooddoor032a
0 119 -84 121 -1 0 0 181.214844 -2 1 0 1
0 119 -76 228.999 -1 0 0 181.089844 -1.156258 1 0 1
0 119 -76 121 -1 0 0 181.089844 -2 1 0 1
plaster_plasterwall029a
0 -272 -76 147 0 1 0 -87.625 -1.328125 1 0 1
0 -272 -76 145 0 1 0 -87.625 -1.34375 1 0 1
0 -320 -76 145 0 1 0 -88 -1.34375 1 0 1
plaster_plasterwall029a
0 -272 -76 147 0 1 0 -87.625 -1.328125 1 0 1
0 -320 -76 145 0 1 0 -88 -1.34375 1 0 1
0 -320 -76 147 0 1 0 -88 -1.328125 1 0 1
plaster_plasterwall029a
0 -272 -80 145 0 -1 0 -87.625 -1.34375 1 0 1
0 -272 -80 147 0 -1 0 -87.625 -1.328125 1 0 1
0 -320 -80 147 0 -1 0 -88 -1.328125 1 0 1
plaster_plasterwall029a
0 -272 -80 145 0 -1 0 -87.625 -1.34375 1 0 1
0 -320 -80 147 0 -1 0 -88 -1.328125 1 0 1
0 -320 -80 145 0 -1 0 -88 -1.34375 1 0 1
plaster_plasterwall029a
0 -320 -80 145 -1 0 0 91.28125 -1.34375 1 0 1
0 -320 -80 147 -1 0 0 91.28125 -1.328125 1 0 1
0 -320 -76 147 -1 0 0 91.25 -1.328125 1 0 1
plaster_plasterwall029a
0 -320 -80 145 -1 0 0 91.28125 -1.34375 1 0 1
0 -320 -76 147 -1 0 0 91.25 -1.328125 1 0 1
0 -320 -76 145 -1 0 0 91.25 -1.34375 1 0 1
plaster_plasterwall029a
0 -272 -80 147 1 0 0 91.28125 -1.328125 1 0 1
0 -272 -80 145 1 0 0 91.28125 -1.34375 1 0 1
0 -272 -76 145 1 0 0 91.25 -1.34375 1 0 1
plaster_plasterwall029a
0 -272 -80 147 1 0 0 91.28125 -1.328125 1 0 1
0 -272 -76 145 1 0 0 91.25 -1.34375 1 0 1
0 -272 -76 147 1 0 0 91.25 -1.328125 1 0 1
plaster_plasterwall029a
0 -272 -80 145 0 0 -1 91.28125 -86.625 1 0 1
0 -320 -80 145 0 0 -1 91.28125 -87 1 0 1
0 -320 -76 145 0 0 -1 91.25 -87 1 0 1
plaster_plasterwall029a
0 -272 -80 145 0 0 -1 91.28125 -86.625 1 0 1
0 -320 -76 145 0 0 -1 91.25 -87 1 0 1
0 -272 -76 145 0 0 -1 91.25 -86.625 1 0 1
plaster_plasterwall029a
0 -320 -80 147 0 0 1 91.28125 -87 1 0 1
0 -272 -80 147 0 0 1 91.28125 -86.625 1 0 1
0 -272 -76 147 0 0 1 91.25 -86.625 1 0 1
plaster_plasterwall029a
0 -320 -80 147 0 0 1 91.28125 -87 1 0 1
0 -272 -76 147 0 0 1 91.25 -86.625 1 0 1
0 -320 -76 147 0 0 1 91.25 -87 1 0 1
wood_woodshelf002a
0 7 -76 347 0 1 0 -164.66887 -0.161754 1 0 1
0 7 -76 279 0 1 0 -164.66887 -0.765447 1 0 1
0 5 -76 279 0 1 0 -164.698918 -0.765447 1 0 1
wood_woodshelf002a
0 7 -76 347 0 1 0 -164.66887 -0.161754 1 0 1
0 5 -76 279 0 1 0 -164.698918 -0.765447 1 0 1
0 5 -76 347 0 1 0 -164.698918 -0.161754 1 0 1
wood_woodshelf002a
0 7 -84 279 0 -1 0 -164.66887 -0.765447 1 0 1
0 7 -84 347 0 -1 0 -164.66887 -0.161754 1 0 1
0 5 -84 347 0 -1 0 -164.698918 -0.161754 1 0 1
wood_woodshelf002a
0 7 -84 279 0 -1 0 -164.66887 -0.765447 1 0 1
0 5 -84 347 0 -1 0 -164.698918 -0.161754 1 0 1
0 5 -84 279 0 -1 0 -164.698918 -0.765447 1 0 1
wood_woodshelf002a
0 5 -84 279 -1 0 0 174.542819 -0.765447 1 0 1
0 5 -84 347 -1 0 0 174.542819 -0.161754 1 0 1
0 5 -76 347 -1 0 0 174.422626 -0.161754 1 0 1
wood_woodshelf002a
0 5 -84 279 -1 0 0 174.542819 -0.765447 1 0 1
0 5 -76 347 -1 0 0 174.422626 -0.161754 1 0 1
0 5 -76 279 -1 0 0 174.422626 -0.765447 1 0 1
wood_wooddoor032a
0 119 -76 229 0 1 0 169.0625 -1.15625 1 0 1
0 71 -76 229 0 1 0 169.8125 -1.15625 1 0 1
0 67 -76 233 0 1 0 169.875 -1.125 1 0 1
wood_wooddoor032a
0 119 -76 229 0 1 0 169.0625 -1.15625 1 0 1
0 67 -76 233 0 1 0 169.875 -1.125 1 0 1
0 123 -76 233 0 1 0 169 -1.125 1 0 1
wood_wooddoor032a
0 123 -84 233 0 -1 0 -169.125 -1.125 1 0 1
0 67 -84 233 0 -1 0 -170 -1.125 1 0 1
0 71 -84 229 0 -1 0 -169.9375 -1.15625 1 0 1
wood_wooddoor032a
0 123 -84 233 0 -1 0 -169.125 -1.125 1 0 1
0 71 -84 229 0 -1 0 -169.9375 -1.15625 1 0 1
0 119 -84 229 0 -1 0 -169.1875 -1.15625 1 0 1
wood_wooddoor032a
0 119 -84 229 0 0 -1 181.203125 -83.625 1 0 1
0 71 -84 229 0 0 -1 181.203125 -84 1 0 1
0 71 -76 229 0 0 -1 181.078125 -84 1 0 1
wood_wooddoor032a
0 119 -84 229 0 0 -1 181.203125 -83.625 1 0 1
0 71 -76 229 0 0 -1 181.078125 -84 1 0 1
0 119 -76 229 0 0 -1 181.078125 -83.625 1 0 1
wood_woodshelf002a
0 119 -76 349 0 1 0 -162.986178 -0.143999 1 0 1
0 119 -76 347 0 1 0 -162.986178 -0.161754 1 0 1
0 71 -76 347 0 1 0 -163.707332 -0.161754 1 0 1
wood_woodshelf002a
0 119 -76 349 0 1 0 -162.986178 -0.143999 1 0 1
0 71 -76 347 0 1 0 -163.707332 -0.161754 1 0 1
0 71 -76 349 0 1 0 -163.707332 -0.143999 1 0 1
wood_woodshelf002a
0 119 -84 347 0 -1 0 -162.986178 -0.161754 1 0 1
0 119 -84 349 0 -1 0 -162.986178 -0.143999 1 0 1
0 71 -84 349 0 -1 0 -163.707332 -0.143999 1 0 1
wood_woodshelf002a
0 119 -84 347 0 -1 0 -162.986178 -0.161754 1 0 1
0 71 -84 349 0 -1 0 -163.707332 -0.143999 1 0 1
0 71 -84 347 0 -1 0 -163.707332 -0.161754 1 0 1
wood_woodshelf002a
0 119 -84 347 0 0 -1 174.542819 -95.566406 1 0 1
0 71 -84 347 0 0 -1 174.542819 -95.992543 1 0 1
0 71 -76 347 0 0 -1 174.422626 -95.992543 1 0 1
wood_woodshelf002a
0 119 -84 347 0 0 -1 174.542819 -95.566406 1 0 1
0 71 -76 347 0 0 -1 174.422626 -95.992543 1 0 1
0 119 -76 347 0 0 -1 174.422626 -95.566406 1 0 1
wood_woodshelf002a
0 119 -76 279 0 1 0 -162.986178 -0.765447 1 0 1
0 119 -76 277 0 1 0 -162.986178 -0.783203 1 0 1
0 71 -76 277 0 1 0 -163.707332 -0.783203 1 0 1
wood_woodshelf002a
0 119 -76 279 0 1 0 -162.986178 -0.765447 1 0 1
0 71 -76 277 0 1 0 -163.707332 -0.783203 1 0 1
0 71 -76 279 0 1 0 -163.707332 -0.765447 1 0 1
wood_woodshelf002a
0 119 -84 277 0 -1 0 -162.986178 -0.783203 1 0 1
0 119 -84 279 0 -1 0 -162.986178 -0.765447 1 0 1
0 71 -84 279 0 -1 0 -163.707332 -0.765447 1 0 1
wood_woodshelf002a
0 119 -84 277 0 -1 0 -162.986178 -0.783203 1 0 1
0 71 -84 279 0 -1 0 -163.707332 -0.765447 1 0 1
0 71 -84 277 0 -1 0 -163.707332 -0.783203 1 0 1
wood_woodshelf002a
0 71 -84 279 0 0 1 174.542819 -95.992543 1 0 1
0 119 -84 279 0 0 1 174.542819 -95.566406 1 0 1
0 119 -76 279 0 0 1 174.422626 -95.566406 1 0 1
wood_woodshelf002a
0 71 -84 279 0 0 1 174.542819 -95.992543 1 0 1
0 119 -76 279 0 0 1 174.422626 -95.566406 1 0 1
0 71 -76 279 0 0 1 174.422626 -95.992543 1 0 1
wood_woodstair002a
0 -154 -140 16 0 1 0 -230.19069 -59.5 1 0 1
0 -154 -140 8 0 1 0 -230.19069 -60.5 1 0 1
0 -226 -140 8 0 1 0 -231.68989 -60.5 1 0 1
wood_woodstair002a
0 -154 -140 16 0 1 0 -230.19069 -59.5 1 0 1
0 -226 -140 8 0 1 0 -231.68989 -60.5 1 0 1
0 -226 -140 16 0 1 0 -231.68989 -59.5 1 0 1
wood_woodstair002a
0 -154 -148 8 0 -1 0 -230.19069 -60.5 1 0 1
0 -154 -148 16 0 -1 0 -230.19069 -59.5 1 0 1
0 -226 -148 16 0 -1 0 -231.68989 -59.5 1 0 1
wood_woodstair002a
0 -154 -148 8 0 -1 0 -230.19069 -60.5 1 0 1
0 -226 -148 16 0 -1 0 -231.68989 -59.5 1 0 1
0 -226 -148 8 0 -1 0 -231.68989 -60.5 1 0 1
wood_woodstair002c
0 -154 -148 8 0 0 -1 182.625 -344.765625 1 0 1
0 -226 -148 8 0 0 -1 182.625 -347.015625 1 0 1
0 -226 -140 8 0 0 -1 182.5 -347.015625 1 0 1
wood_woodstair002c
0 -154 -148 8 0 0 -1 182.625 -344.765625 1 0 1
0 -226 -140 8 0 0 -1 182.5 -347.015625 1 0 1
0 -154 -140 8 0 0 -1 182.5 -344.765625 1 0 1
wood_woodstair002c
0 -226 -148 16 0 0 1 182.625 -347.015625 1 0 1
0 -154 -148 16 0 0 1 182.625 -344.765625 1 0 1
0 -154 -140 16 0 0 1 182.5 -344.765625 1 0 1
wood_woodstair002c
0 -226 -148 16 0 0 1 182.625 -347.015625 1 0 1
0 -154 -140 16 0 0 1 182.5 -344.765625 1 0 1
0 -226 -140 16 0 0 1 182.5 -347.015625 1 0 1
wood_woodshelf002a
0 -71 -84 279 1 0 0 174.542819 -0.765447 1 0 1
0 -71 -76 279 1 0 0 174.422626 -0.765447 1 0 1
0 -71 -76 347 1 0 0 174.422626 -0.161754 1 0 1
wood_woodshelf002a
0 -71 -84 279 1 0 0 174.542819 -0.765447 1 0 1
0 -71 -76 347 1 0 0 174.422626 -0.161754 1 0 1
0 -71 -84 347 1 0 0 174.542819 -0.161754 1 0 1
wood_woodshelf002a
0 -71 -76 347 0 1 0 -165.840745 -0.161754 1 0 1
0 -71 -76 279 0 1 0 -165.840745 -0.765447 1 0 1
0 -73 -76 279 0 1 0 -165.870793 -0.765447 1 0 1
wood_woodshelf002a
0 -71 -76 347 0 1 0 -165.840745 -0.161754 1 0 1
0 -73 -76 279 0 1 0 -165.870793 -0.765447 1 0 1
0 -73 -76 347 0 1 0 -165.870793 -0.161754 1 0 1
wood_woodshelf002a
0 -71 -84 279 0 -1 0 -165.840745 -0.765447 1 0 1
0 -71 -84 347 0 -1 0 -165.840745 -0.161754 1 0 1
0 -73 -84 347 0 -1 0 -165.870793 -0.161754 1 0 1
wood_woodshelf002a
0 -71 -84 279 0 -1 0 -165.840745 -0.765447 1 0 1
0 -73 -84 347 0 -1 0 -165.870793 -0.161754 1 0 1
0 -73 -84 279 0 -1 0 -165.870793 -0.765447 1 0 1
wood_woodstair002a
0 -154 -132 257 0 1 0 -231.178971 -29.5 1 0 1
0 -154 -132 249 0 1 0 -231.178971 -30.5 1 0 1
0 -226 -132 249 0 1 0 -232.678172 -30.5 1 0 1
wood_woodstair002a
0 -154 -132 257 0 1 0 -231.178971 -29.5 1 0 1
0 -226 -132 249 0 1 0 -232.678172 -30.5 1 0 1
0 -226 -132 257 0 1 0 -232.678172 -29.5 1 0 1
wood_woodstair002a
0 -154 -140 249 0 -1 0 -231.178971 -30.5 1 0 1
0 -154 -140 257 0 -1 0 -231.178971 -29.5 1 0 1
0 -226 -140 257 0 -1 0 -232.678172 -29.5 1 0 1
wood_woodstair002a
0 -154 -140 249 0 -1 0 -231.178971 -30.5 1 0 1
0 -226 -140 257 0 -1 0 -232.678172 -29.5 1 0 1
0 -226 -140 249 0 -1 0 -232.678172 -30.5 1 0 1
wood_woodstair002c
0 -154 -140 249 0 0 -1 182.5 -345.75 1 0 1
0 -226 -140 249 0 0 -1 182.5 -348 1 0 1
0 -226 -132 249 0 0 -1 182.375 -348 1 0 1
wood_woodstair002c
0 -154 -140 249 0 0 -1 182.5 -345.75 1 0 1
0 -226 -132 249 0 0 -1 182.375 -348 1 0 1
0 -154 -132 249 0 0 -1 182.375 -345.75 1 0 1
wood_woodstair002c
0 -226 -140 257 0 0 1 182.5 -348 1 0 1
0 -154 -140 257 0 0 1 182.5 -345.75 1 0 1
0 -154 -132 257 0 0 1 182.375 -345.75 1 0 1
wood_woodstair002c
0 -226 -140 257 0 0 1 182.5 -348 1 0 1
0 -154 -132 257 0 0 1 182.375 -345.75 1 0 1
0 -226 -132 257 0 0 1 182.375 -348 1 0 1
wood_woodshelf002a
0 7 -84 219 0 0 -1 174.542819 -96.560724 1 0 1
0 -73 -84 219 0 0 -1 174.542819 -97.270952 1 0 1
0 -73 -76 219 0 0 -1 174.422626 -97.270952 1 0 1
wood_woodshelf002a
0 7 -84 219 0 0 -1 174.542819 -96.560724 1 0 1
0 -73 -76 219 0 0 -1 174.422626 -97.270952 1 0 1
0 7 -76 219 0 0 -1 174.422626 -96.560724 1 0 1
wood_woodshelf002a
0 7 -76 219 0 1 0 -164.66887 -1.298118 1 0 1
0 -73 -76 219 0 1 0 -165.870793 -1.298118 1 0 1
0 -73 -76 221 0 1 0 -165.870793 -1.280362 1 0 1
wood_woodshelf002a
0 7 -76 219 0 1 0 -164.66887 -1.298118 1 0 1
0 -73 -76 221 0 1 0 -165.870793 -1.280362 1 0 1
0 7 -76 221 0 1 0 -164.66887 -1.280362 1 0 1
wood_woodshelf002a
0 7 -84 221 0 -1 0 -164.66887 -1.280362 1 0 1
0 -73 -84 221 0 -1 0 -165.870793 -1.280362 1 0 1
0 -73 -84 219 0 -1 0 -165.870793 -1.298118 1 0 1
wood_woodshelf002a
0 7 -84 221 0 -1 0 -164.66887 -1.280362 1 0 1
0 -73 -84 219 0 -1 0 -165.870793 -1.298118 1 0 1
0 7 -84 219 0 -1 0 -164.66887 -1.298118 1 0 1
concrete_concreteceiling003a
0 -193 316 121 0 1 0 -87 -1.53125 1 0 1
0 -193 316 113 0 1 0 -87 -1.59375 1 0 1
0 -201 316 113 0 1 0 -87.0625 -1.59375 1 0 1
concrete_concreteceiling003a
0 -193 316 121 0 1 0 -87 -1.53125 1 0 1
0 -201 316 113 0 1 0 -87.0625 -1.59375 1 0 1
0 -201 316 117.003 0 1 0 -87.0625 -1.562477 1 0 1
concrete_concreteceiling003a
0 -193 316 121 0 1 0 -87 -1.53125 1 0 1
0 -201 316 117.003 0 1 0 -87.0625 -1.562477 1 0 1
0 -197 316 121 0 1 0 -87.03125 -1.53125 1 0 1
concrete_concreteceiling003a
0 -193 220 113 0 -1 0 -87 -1.59375 1 0 1
0 -193 220 121 0 -1 0 -87 -1.53125 1 0 1
0 -197 220 121 0 -1 0 -87.03125 -1.53125 1 0 1
concrete_concreteceiling003a
0 -193 220 113 0 -1 0 -87 -1.59375 1 0 1
0 -197 220 121 0 -1 0 -87.03125 -1.53125 1 0 1
0 -201 220 117.003 0 -1 0 -87.0625 -1.562477 1 0 1
concrete_concreteceiling003a
0 -193 220 113 0 -1 0 -87 -1.59375 1 0 1
0 -201 220 117.003 0 -1 0 -87.0625 -1.562477 1 0 1
0 -201 220 113 0 -1 0 -87.0625 -1.59375 1 0 1
concrete_concreteceiling003a
0 -201 220 113 -1 0 0 88.9375 -1.59375 1 0 1
0 -201 220 117.003 -1 0 0 88.9375 -1.562477 1 0 1
0 -201 316 117.003 -1 0 0 88.1875 -1.562477 1 0 1
concrete_concreteceiling003a
0 -201 220 113 -1 0 0 88.9375 -1.59375 1 0 1
0 -201 316 117.003 -1 0 0 88.1875 -1.562477 1 0 1
0 -201 316 113 -1 0 0 88.1875 -1.59375 1 0 1
concrete_concreteceiling003a
0 -193 220 121 1 0 0 88.9375 -1.53125 1 0 1
0 -193 220 113 1 0 0 88.9375 -1.59375 1 0 1
0 -193 316 113 1 0 0 88.1875 -1.59375 1 0 1
concrete_concreteceiling003a
0 -193 220 121 1 0 0 88.9375 -1.53125 1 0 1
0 -193 316 113 1 0 0 88.1875 -1.59375 1 0 1
0 -193 316 121 1 0 0 88.1875 -1.53125 1 0 1
concrete_concreteceiling003a
0 -193 220 113 0 0 -1 88.9375 -86 1 0 1
0 -201 220 113 0 0 -1 88.9375 -86.0625 1 0 1
0 -201 316 113 0 0 -1 88.1875 -86.0625 1 0 1
concrete_concreteceiling003a
0 -193 220 113 0 0 -1 88.9375 -86 1 0 1
0 -201 316 113 0 0 -1 88.1875 -86.0625 1 0 1
0 -193 316 113 0 0 -1 88.1875 -86 1 0 1
concrete_concreteceiling003a
0 -197 220 121 0 0 1 88.9375 -86.03125 1 0 1
0 -193 220 121 0 0 1 88.9375 -86 1 0 1
0 -193 316 121 0 0 1 88.1875 -86 1 0 1
concrete_concreteceiling003a
0 -197 220 121 0 0 1 88.9375 -86.03125 1 0 1
0 -193 316 121 0 0 1 88.1875 -86 1 0 1
0 -197 316 121 0 0 1 88.1875 -86.03125 1 0 1
concrete_concreteceiling003a
0 -201 220 117.003 -0.706841 0 0.707372 88.9375 -86.0625 1 0 1
0 -197 220 121 -0.706841 0 0.707372 88.9375 -86.03125 1 0 1
0 -197 316 121 -0.706841 0 0.707372 88.1875 -86.03125 1 0 1
concrete_concreteceiling003a
0 -201 220 117.003 -0.706841 0 0.707372 88.9375 -86.0625 1 0 1
0 -197 316 121 -0.706841 0 0.707372 88.1875 -86.03125 1 0 1
0 -201 316 117.003 -0.706841 0 0.707372 88.1875 -86.0625 1 0 1
wood_woodshelf002a
0 -32 -76 347 0 1 0 -165.254808 -0.161754 1 0 1
0 -32 -76 279 0 1 0 -165.254808 -0.765447 1 0 1
0 -34 -76 279 0 1 0 -165.284856 -0.765447 1 0 1
wood_woodshelf002a
0 -32 -76 347 0 1 0 -165.254808 -0.161754 1 0 1
0 -34 -76 279 0 1 0 -165.284856 -0.765447 1 0 1
0 -34 -76 347 0 1 0 -165.284856 -0.161754 1 0 1
wood_woodshelf002a
0 -32 -80 279 0 -1 0 -165.254808 -0.765447 1 0 1
0 -32 -80 347 0 -1 0 -165.254808 -0.161754 1 0 1
0 -34 -80 347 0 -1 0 -165.284856 -0.161754 1 0 1
wood_woodshelf002a
0 -32 -80 279 0 -1 0 -165.254808 -0.765447 1 0 1
0 -34 -80 347 0 -1 0 -165.284856 -0.161754 1 0 1
0 -34 -80 279 0 -1 0 -165.284856 -0.765447 1 0 1
wood_woodshelf002a
0 -34 -80 279 -1 0 0 174.482722 -0.765447 1 0 1
0 -34 -80 347 -1 0 0 174.482722 -0.161754 1 0 1
0 -34 -76 347 -1 0 0 174.422626 -0.161754 1 0 1
wood_woodshelf002a
0 -34 -80 279 -1 0 0 174.482722 -0.765447 1 0 1
0 -34 -76 347 -1 0 0 174.422626 -0.161754 1 0 1
0 -34 -76 279 -1 0 0 174.422626 -0.765447 1 0 1
wood_woodshelf002a
0 -32 -80 347 1 0 0 174.482722 -0.161754 1 0 1
0 -32 -80 279 1 0 0 174.482722 -0.765447 1 0 1
0 -32 -76 279 1 0 0 174.422626 -0.765447 1 0 1
wood_woodshelf002a
0 -32 -80 347 1 0 0 174.482722 -0.161754 1 0 1
0 -32 -76 279 1 0 0 174.422626 -0.765447 1 0 1
0 -32 -76 347 1 0 0 174.422626 -0.161754 1 0 1
wood_woodstair002a
0 -154 -212 337 0 1 0 -231.178971 -19.5 1 0 1
0 -154 -212 329 0 1 0 -231.178971 -20.5 1 0 1
0 -226 -212 329 0 1 0 -232.678172 -20.5 1 0 1
wood_woodstair002a
0 -154 -212 337 0 1 0 -231.178971 -19.5 1 0 1
0 -226 -212 329 0 1 0 -232.678172 -20.5 1 0 1
0 -226 -212 337 0 1 0 -232.678172 -19.5 1 0 1
wood_woodstair002a
0 -154 -220 329 0 -1 0 -231.178971 -20.5 1 0 1
0 -154 -220 337 0 -1 0 -231.178971 -19.5 1 0 1
0 -226 -220 337 0 -1 0 -232.678172 -19.5 1 0 1
wood_woodstair002a
0 -154 -220 329 0 -1 0 -231.178971 -20.5 1 0 1
0 -226 -220 337 0 -1 0 -232.678172 -19.5 1 0 1
0 -226 -220 329 0 -1 0 -232.678172 -20.5 1 0 1
wood_woodstair002c
0 -154 -220 329 0 0 -1 183.75 -345.75 1 0 1
0 -226 -220 329 0 0 -1 183.75 -348 1 0 1
0 -226 -212 329 0 0 -1 183.625 -348 1 0 1
wood_woodstair002c
0 -154 -220 329 0 0 -1 183.75 -345.75 1 0 1
0 -226 -212 329 0 0 -1 183.625 -348 1 0 1
0 -154 -212 329 0 0 -1 183.625 -345.75 1 0 1
wood_woodstair002c
0 -226 -220 337 0 0 1 183.75 -348 1 0 1
0 -154 -220 337 0 0 1 183.75 -345.75 1 0 1
0 -154 -212 337 0 0 1 183.625 -345.75 1 0 1
wood_woodstair002c
0 -226 -220 337 0 0 1 183.75 -348 1 0 1
0 -154 -212 337 0 0 1 183.625 -345.75 1 0 1
0 -226 -212 337 0 0 1 183.625 -348 1 0 1
wood_wooddoor032a
0 67 -76 233.001 0 1 0 169.875 -1.124992 1 0 1
0 71 -76 229.001 0 1 0 169.8125 -1.156242 1 0 1
0 71 -76 121 0 1 0 169.8125 -2 1 0 1
wood_wooddoor032a
0 67 -76 233.001 0 1 0 169.875 -1.124992 1 0 1
0 71 -76 121 0 1 0 169.8125 -2 1 0 1
0 67 -76 121 0 1 0 169.875 -2 1 0 1
wood_wooddoor032a
0 67 -84 121 0 -1 0 -170 -2 1 0 1
0 71 -84 121 0 -1 0 -169.9375 -2 1 0 1
0 71 -84 229.001 0 -1 0 -169.9375 -1.156242 1 0 1
wood_wooddoor032a
0 67 -84 121 0 -1 0 -170 -2 1 0 1
0 71 -84 229.001 0 -1 0 -169.9375 -1.156242 1 0 1
0 67 -84 233.001 0 -1 0 -170 -1.124992 1 0 1
wood_wooddoor032a
0 71 -84 121 1 0 0 181.214844 -2 1 0 1
0 71 -76 121 1 0 0 181.089844 -2 1 0 1
0 71 -76 229.001 1 0 0 181.089844 -1.156242 1 0 1
wood_wooddoor032a
0 71 -84 121 1 0 0 181.214844 -2 1 0 1
0 71 -76 229.001 1 0 0 181.089844 -1.156242 1 0 1
0 71 -84 229.001 1 0 0 181.214844 -1.156242 1 0 1
brick_brickwall053e
0 -146 -316 377 -1 0 0 93.125 0.75 1 0 1
0 -146 -316 409 -1 0 0 93.125 1 1 0 1
0 -146 -76 409 -1 0 0 91.25 1 1 0 1
brick_brickwall053e
0 -146 -316 377 -1 0 0 93.125 0.75 1 0 1
0 -146 -76 409 -1 0 0 91.25 1 1 0 1
0 -146 -76 377 -1 0 0 91.25 0.75 1 0 1
concrete_concreteceiling004a
0 -146 -316 409 0 0 1 93.125 -85.632812 1 0 1
0 -130 -316 409 0 0 1 93.125 -85.507812 1 0 1
0 -130 -76 409 0 0 1 91.25 -85.507812 1 0 1
concrete_concreteceiling004a
0 -146 -316 409 0 0 1 93.125 -85.632812 1 0 1
0 -130 -76 409 0 0 1 91.25 -85.507812 1 0 1
0 -146 -76 409 0 0 1 91.25 -85.632812 1 0 1
plaster_plasterwall029a
0 -172 -76 147 0 1 0 -86.84375 -1.328125 1 0 1
0 -172 -76 145 0 1 0 -86.84375 -1.34375 1 0 1
0 -220 -76 145 0 1 0 -87.21875 -1.34375 1 0 1
plaster_plasterwall029a
0 -172 -76 147 0 1 0 -86.84375 -1.328125 1 0 1
0 -220 -76 145 0 1 0 -87.21875 -1.34375 1 0 1
0 -220 -76 147 0 1 0 -87.21875 -1.328125 1 0 1
plaster_plasterwall029a
0 -172 -80 145 0 -1 0 -86.84375 -1.34375 1 0 1
0 -172 -80 147 0 -1 0 -86.84375 -1.328125 1 0 1
0 -220 -80 147 0 -1 0 -87.21875 -1.328125 1 0 1
plaster_plasterwall029a
0 -172 -80 145 0 -1 0 -86.84375 -1.34375 1 0 1
0 -220 -80 147 0 -1 0 -87.21875 -1.328125 1 0 1
0 -220 -80 145 0 -1 0 -87.21875 -1.34375 1 0 1
plaster_plasterwall029a
0 -220 -80 145 -1 0 0 91.28125 -1.34375 1 0 1
0 -220 -80 147 -1 0 0 91.28125 -1.328125 1 0 1
0 -220 -76 147 -1 0 0 91.25 -1.328125 1 0 1
plaster_plasterwall029a
0 -220 -80 145 -1 0 0 91.28125 -1.34375 1 0 1
0 -220 -76 147 -1 0 0 91.25 -1.328125 1 0 1
0 -220 -76 145 -1 0 0 91.25 -1.34375 1 0 1
plaster_plasterwall029a
0 -172 -80 147 1 0 0 91.28125 -1.328125 1 0 1
0 -172 -80 145 1 0 0 91.28125 -1.34375 1 0 1
0 -172 -76 145 1 0 0 91.25 -1.34375 1 0 1
plaster_plasterwall029a
0 -172 -80 147 1 0 0 91.28125 -1.328125 1 0 1
0 -172 -76 145 1 0 0 91.25 -1.34375 1 0 1
0 -172 -76 147 1 0 0 91.25 -1.328125 1 0 1
plaster_plasterwall029a
0 -172 -80 145 0 0 -1 91.28125 -85.84375 1 0 1
0 -220 -80 145 0 0 -1 91.28125 -86.21875 1 0 1
0 -220 -76 145 0 0 -1 91.25 -86.21875 1 0 1
plaster_plasterwall029a
0 -172 -80 145 0 0 -1 91.28125 -85.84375 1 0 1
0 -220 -76 145 0 0 -1 91.25 -86.21875 1 0 1
0 -172 -76 145 0 0 -1 91.25 -85.84375 1 0 1
plaster_plasterwall029a
0 -220 -80 147 0 0 1 91.28125 -86.21875 1 0 1
0 -172 -80 147 0 0 1 91.28125 -85.84375 1 0 1
0 -172 -76 147 0 0 1 91.25 -85.84375 1 0 1
plaster_plasterwall029a
0 -220 -80 147 0 0 1 91.28125 -86.21875 1 0 1
0 -172 -76 147 0 0 1 91.25 -85.84375 1 0 1
0 -220 -76 147 0 0 1 91.25 -86.21875 1 0 1
plaster_plasterwall029a
0 -272 -76 219 0 1 0 -87.859375 -1.234375 1 0 1
0 -272 -76 147 0 1 0 -87.859375 -1.796875 1 0 1
0 -274 -76 147 0 1 0 -87.875 -1.796875 1 0 1
plaster_plasterwall029a
0 -272 -76 219 0 1 0 -87.859375 -1.234375 1 0 1
0 -274 -76 147 0 1 0 -87.875 -1.796875 1 0 1
0 -274 -76 219 0 1 0 -87.875 -1.234375 1 0 1
plaster_plasterwall029a
0 -272 -80 147 0 -1 0 -87.625 -1.328125 1 0 1
0 -272 -80 219 0 -1 0 -87.625 -0.765625 1 0 1
0 -274 -80 219 0 -1 0 -87.640625 -0.765625 1 0 1
plaster_plasterwall029a
0 -272 -80 147 0 -1 0 -87.625 -1.328125 1 0 1
0 -274 -80 219 0 -1 0 -87.640625 -0.765625 1 0 1
0 -274 -80 147 0 -1 0 -87.640625 -1.328125 1 0 1
plaster_plasterwall029a
0 -274 -80 147 -1 0 0 91.28125 -1.328125 1 0 1
0 -274 -80 219 -1 0 0 91.28125 -0.765625 1 0 1
0 -274 -76 219 -1 0 0 91.25 -0.765625 1 0 1
plaster_plasterwall029a
0 -274 -80 147 -1 0 0 91.28125 -1.328125 1 0 1
0 -274 -76 219 -1 0 0 91.25 -0.765625 1 0 1
0 -274 -76 147 -1 0 0 91.25 -1.328125 1 0 1
plaster_plasterwall029a
0 -272 -80 219 1 0 0 91.28125 -0.765625 1 0 1
0 -272 -80 147 1 0 0 91.28125 -1.328125 1 0 1
0 -272 -76 147 1 0 0 91.25 -1.328125 1 0 1
plaster_plasterwall029a
0 -272 -80 219 1 0 0 91.28125 -0.765625 1 0 1
0 -272 -76 147 1 0 0 91.25 -1.328125 1 0 1
0 -272 -76 219 1 0 0 91.25 -0.765625 1 0 1
plaster_plasterwall029a
0 -272 -80 147 0 0 -1 91.28125 -86.625 1 0 1
0 -274 -80 147 0 0 -1 91.28125 -86.640625 1 0 1
0 -274 -76 147 0 0 -1 91.25 -86.640625 1 0 1
plaster_plasterwall029a
0 -272 -80 147 0 0 -1 91.28125 -86.625 1 0 1
0 -274 -76 147 0 0 -1 91.25 -86.640625 1 0 1
0 -272 -76 147 0 0 -1 91.25 -86.625 1 0 1
plaster_plasterwall029a
0 -274 -80 219 0 0 1 91.28125 -86.640625 1 0 1
0 -272 -80 219 0 0 1 91.28125 -86.625 1 0 1
0 -272 -76 219 0 0 1 91.25 -86.625 1 0 1
plaster_plasterwall029a
0 -274 -80 219 0 0 1 91.28125 -86.640625 1 0 1
0 -272 -76 219 0 0 1 91.25 -86.625 1 0 1
0 -274 -76 219 0 0 1 91.25 -86.640625 1 0 1
wood_woodstair002a
0 -154 -204 80 0 1 0 -230.19069 -51.5 1 0 1
0 -154 -204 72 0 1 0 -230.19069 -52.5 1 0 1
0 -226 -204 72 0 1 0 -231.68989 -52.5 1 0 1
wood_woodstair002a
0 -154 -204 80 0 1 0 -230.19069 -51.5 1 0 1
0 -226 -204 72 0 1 0 -231.68989 -52.5 1 0 1
0 -226 -204 80 0 1 0 -231.68989 -51.5 1 0 1
wood_woodstair002a
0 -154 -212 72 0 -1 0 -230.19069 -52.5 1 0 1
0 -154 -212 80 0 -1 0 -230.19069 -51.5 1 0 1
0 -226 -212 80 0 -1 0 -231.68989 -51.5 1 0 1
wood_woodstair002a
0 -154 -212 72 0 -1 0 -230.19069 -52.5 1 0 1
0 -226 -212 80 0 -1 0 -231.68989 -51.5 1 0 1
0 -226 -212 72 0 -1 0 -231.68989 -52.5 1 0 1
wood_woodstair002c
0 -154 -212 72 0 0 -1 183.625 -344.765625 1 0 1
0 -226 -212 72 0 0 -1 183.625 -347.015625 1 0 1
0 -226 -204 72 0 0 -1 183.5 -347.015625 1 0 1
wood_woodstair002c
0 -154 -212 72 0 0 -1 183.625 -344.765625 1 0 1
0 -226 -204 72 0 0 -1 183.5 -347.015625 1 0 1
0 -154 -204 72 0 0 -1 183.5 -344.765625 1 0 1
wood_woodstair002c
0 -226 -212 80 0 0 1 183.625 -347.015625 1 0 1
0 -154 -212 80 0 0 1 183.625 -344.765625 1 0 1
0 -154 -204 80 0 0 1 183.5 -344.765625 1 0 1
wood_woodstair002c
0 -226 -212 80 0 0 1 183.625 -347.015625 1 0 1
0 -154 -204 80 0 0 1 183.5 -344.765625 1 0 1
0 -226 -204 80 0 0 1 183.5 -347.015625 1 0 1
brick_brickwall053e
0 -153 -76 337 -1 0 0 91.25 0.4375 1 0 1
0 -153 -76 345 -1 0 0 91.25 0.5 1 0 1
0 -153 -60 345 -1 0 0 91.125 0.5 1 0 1
brick_brickwall053e
0 -130 -76 345 1 0 0 91.25 0.5 1 0 1
0 -130 -76 337 1 0 0 91.25 0.4375 1 0 1
0 -130 -60 345 1 0 0 91.125 0.5 1 0 1
concrete_concreteceiling004a
0 -130 -76 337 0 0.447214 -0.894427 91.25 -85.507812 1 0 1
0 -153 -76 337 0 0.447214 -0.894427 91.25 -85.6875 1 0 1
0 -153 -60 345 0 0.447214 -0.894427 91.125 -85.6875 1 0 1
concrete_concreteceiling004a
0 -130 -76 337 0 0.447214 -0.894427 91.25 -85.507812 1 0 1
0 -153 -60 345 0 0.447214 -0.894427 91.125 -85.6875 1 0 1
0 -130 -60 345 0 0.447214 -0.894427 91.125 -85.507812 1 0 1
wood_woodstair002a
0 -154 -220 217 0 1 0 -231.178971 -34.5 1 0 1
0 -154 -220 209 0 1 0 -231.178971 -35.5 1 0 1
0 -226 -220 209 0 1 0 -232.678172 -35.5 1 0 1
wood_woodstair002a
0 -154 -220 217 0 1 0 -231.178971 -34.5 1 0 1
0 -226 -220 209 0 1 0 -232.678172 -35.5 1 0 1
0 -226 -220 217 0 1 0 -232.678172 -34.5 1 0 1
wood_woodstair002a
0 -154 -228 209 0 -1 0 -231.178971 -35.5 1 0 1
0 -154 -228 217 0 -1 0 -231.178971 -34.5 1 0 1
0 -226 -228 217 0 -1 0 -232.678172 -34.5 1 0 1
wood_woodstair002a
0 -154 -228 209 0 -1 0 -231.178971 -35.5 1 0 1
0 -226 -228 217 0 -1 0 -232.678172 -34.5 1 0 1
0 -226 -228 209 0 -1 0 -232.678172 -35.5 1 0 1
wood_woodstair002c
0 -154 -228 209 0 0 -1 183.875 -345.75 1 0 1
0 -226 -228 209 0 0 -1 183.875 -348 1 0 1
0 -226 -220 209 0 0 -1 183.75 -348 1 0 1
wood_woodstair002c
0 -154 -228 209 0 0 -1 183.875 -345.75 1 0 1
0 -226 -220 209 0 0 -1 183.75 -348 1 0 1
0 -154 -220 209 0 0 -1 183.75 -345.75 1 0 1
wood_woodstair002c
0 -226 -228 217 0 0 1 183.875 -348 1 0 1
0 -154 -228 217 0 0 1 183.875 -345.75 1 0 1
0 -154 -220 217 0 0 1 183.75 -345.75 1 0 1
wood_woodstair002c
0 -226 -228 217 0 0 1 183.875 -348 1 0 1
0 -154 -220 217 0 0 1 183.75 -345.75 1 0 1
0 -226 -220 217 0 0 1 183.75 -348 1 0 1
wood_woodstair002a
0 -154 -132 129 0 1 0 -231.178971 -45.5 1 0 1
0 -154 -132 121 0 1 0 -231.178971 -46.5 1 0 1
0 -226 -132 121 0 1 0 -232.678172 -46.5 1 0 1
wood_woodstair002a
0 -154 -132 129 0 1 0 -231.178971 -45.5 1 0 1
0 -226 -132 121 0 1 0 -232.678172 -46.5 1 0 1
0 -226 -132 129 0 1 0 -232.678172 -45.5 1 0 1
wood_woodstair002a
0 -154 -140 121 0 -1 0 -231.178971 -46.5 1 0 1
0 -154 -140 129 0 -1 0 -231.178971 -45.5 1 0 1
0 -226 -140 129 0 -1 0 -232.678172 -45.5 1 0 1
wood_woodstair002a
0 -154 -140 121 0 -1 0 -231.178971 -46.5 1 0 1
0 -226 -140 129 0 -1 0 -232.678172 -45.5 1 0 1
0 -226 -140 121 0 -1 0 -232.678172 -46.5 1 0 1
wood_woodstair002c
0 -154 -140 121 0 0 -1 182.5 -345.75 1 0 1
0 -226 -140 121 0 0 -1 182.5 -348 1 0 1
0 -226 -132 121 0 0 -1 182.375 -348 1 0 1
wood_woodstair002c
0 -154 -140 121 0 0 -1 182.5 -345.75 1 0 1
0 -226 -132 121 0 0 -1 182.375 -348 1 0 1
0 -154 -132 121 0 0 -1 182.375 -345.75 1 0 1
wood_woodstair002c
0 -226 -140 129 0 0 1 182.5 -348 1 0 1
0 -154 -140 129 0 0 1 182.5 -345.75 1 0 1
0 -154 -132 129 0 0 1 182.375 -345.75 1 0 1
wood_woodstair002c
0 -226 -140 129 0 0 1 182.5 -348 1 0 1
0 -154 -132 129 0 0 1 182.375 -345.75 1 0 1
0 -226 -132 129 0 0 1 182.375 -348 1 0 1
wood_woodstair002a
0 -154 -196 72 0 1 0 -230.19069 -52.5 1 0 1
0 -154 -196 64 0 1 0 -230.19069 -53.5 1 0 1
0 -226 -196 64 0 1 0 -231.68989 -53.5 1 0 1
wood_woodstair002a
0 -154 -196 72 0 1 0 -230.19069 -52.5 1 0 1
0 -226 -196 64 0 1 0 -231.68989 -53.5 1 0 1
0 -226 -196 72 0 1 0 -231.68989 -52.5 1 0 1
wood_woodstair002a
0 -154 -204 64 0 -1 0 -230.19069 -53.5 1 0 1
0 -154 -204 72 0 -1 0 -230.19069 -52.5 1 0 1
0 -226 -204 72 0 -1 0 -231.68989 -52.5 1 0 1
wood_woodstair002a
0 -154 -204 64 0 -1 0 -230.19069 -53.5 1 0 1
0 -226 -204 72 0 -1 0 -231.68989 -52.5 1 0 1
0 -226 -204 64 0 -1 0 -231.68989 -53.5 1 0 1
wood_woodstair002c
0 -154 -204 64 0 0 -1 183.5 -344.765625 1 0 1
0 -226 -204 64 0 0 -1 183.5 -347.015625 1 0 1
0 -226 -196 64 0 0 -1 183.375 -347.015625 1 0 1
wood_woodstair002c
0 -154 -204 64 0 0 -1 183.5 -344.765625 1 0 1
0 -226 -196 64 0 0 -1 183.375 -347.015625 1 0 1
0 -154 -196 64 0 0 -1 183.375 -344.765625 1 0 1
wood_woodstair002c
0 -226 -204 72 0 0 1 183.5 -347.015625 1 0 1
0 -154 -204 72 0 0 1 183.5 -344.765625 1 0 1
0 -154 -196 72 0 0 1 183.375 -344.765625 1 0 1
wood_woodstair002c
0 -226 -204 72 0 0 1 183.5 -347.015625 1 0 1
0 -154 -196 72 0 0 1 183.375 -344.765625 1 0 1
0 -226 -196 72 0 0 1 183.375 -347.015625 1 0 1
plaster_plasterwall029a
0 -272 -76 347 0 1 0 -87.859375 -0.234375 1 0 1
0 -272 -76 275 0 1 0 -87.859375 -0.796875 1 0 1
0 -274 -76 275 0 1 0 -87.875 -0.796875 1 0 1
plaster_plasterwall029a
0 -272 -76 347 0 1 0 -87.859375 -0.234375 1 0 1
0 -274 -76 275 0 1 0 -87.875 -0.796875 1 0 1
0 -274 -76 347 0 1 0 -87.875 -0.234375 1 0 1
plaster_plasterwall029a
0 -272 -80 275 0 -1 0 -87.625 -0.328125 1 0 1
0 -272 -80 347 0 -1 0 -87.625 0.234375 1 0 1
0 -274 -80 347 0 -1 0 -87.640625 0.234375 1 0 1
plaster_plasterwall029a
0 -272 -80 275 0 -1 0 -87.625 -0.328125 1 0 1
0 -274 -80 347 0 -1 0 -87.640625 0.234375 1 0 1
0 -274 -80 275 0 -1 0 -87.640625 -0.328125 1 0 1
plaster_plasterwall029a
0 -274 -80 275 -1 0 0 91.28125 -0.328125 1 0 1
0 -274 -80 347 -1 0 0 91.28125 0.234375 1 0 1
0 -274 -76 347 -1 0 0 91.25 0.234375 1 0 1
plaster_plasterwall029a
0 -274 -80 275 -1 0 0 91.28125 -0.328125 1 0 1
0 -274 -76 347 -1 0 0 91.25 0.234375 1 0 1
0 -274 -76 275 -1 0 0 91.25 -0.328125 1 0 1
plaster_plasterwall029a
0 -272 -80 347 1 0 0 91.28125 0.234375 1 0 1
0 -272 -80 275 1 0 0 91.28125 -0.328125 1 0 1
0 -272 -76 275 1 0 0 91.25 -0.328125 1 0 1
plaster_plasterwall029a
0 -272 -80 347 1 0 0 91.28125 0.234375 1 0 1
0 -272 -76 275 1 0 0 91.25 -0.328125 1 0 1
0 -272 -76 347 1 0 0 91.25 0.234375 1 0 1
plaster_plasterwall029a
0 -272 -80 275 0 0 -1 91.28125 -86.625 1 0 1
0 -274 -80 275 0 0 -1 91.28125 -86.640625 1 0 1
0 -274 -76 275 0 0 -1 91.25 -86.640625 1 0 1
plaster_plasterwall029a
0 -272 -80 275 0 0 -1 91.28125 -86.625 1 0 1
0 -274 -76 275 0 0 -1 91.25 -86.640625 1 0 1
0 -272 -76 275 0 0 -1 91.25 -86.625 1 0 1
plaster_plasterwall029a
0 -274 -80 347 0 0 1 91.28125 -86.640625 1 0 1
0 -272 -80 347 0 0 1 91.28125 -86.625 1 0 1
0 -272 -76 347 0 0 1 91.25 -86.625 1 0 1
plaster_plasterwall029a
0 -274 -80 347 0 0 1 91.28125 -86.640625 1 0 1
0 -272 -76 347 0 0 1 91.25 -86.625 1 0 1
0 -274 -76 347 0 0 1 91.25 -86.640625 1 0 1
concrete_concreteceiling003a
0 -193 188 121 0 1 0 -87 -1.53125 1 0 1
0 -193 188 113 0 1 0 -87 -1.59375 1 0 1
0 -201 188 113 0 1 0 -87.0625 -1.59375 1 0 1
concrete_concreteceiling003a
0 -193 188 121 0 1 0 -87 -1.53125 1 0 1
0 -201 188 113 0 1 0 -87.0625 -1.59375 1 0 1
0 -201 188 117.003 0 1 0 -87.0625 -1.562477 1 0 1
concrete_concreteceiling003a
0 -193 188 121 0 1 0 -87 -1.53125 1 0 1
0 -201 188 117.003 0 1 0 -87.0625 -1.562477 1 0 1
0 -197 188 121 0 1 0 -87.03125 -1.53125 1 0 1
concrete_concreteceiling003a
0 -193 92 113 0 -1 0 -87 -1.59375 1 0 1
0 -193 92 121 0 -1 0 -87 -1.53125 1 0 1
0 -197 92 121 0 -1 0 -87.03125 -1.53125 1 0 1
concrete_concreteceiling003a
0 -193 92 113 0 -1 0 -87 -1.59375 1 0 1
0 -197 92 121 0 -1 0 -87.03125 -1.53125 1 0 1
0 -201 92 117.003 0 -1 0 -87.0625 -1.562477 1 0 1
concrete_concreteceiling003a
0 -193 92 113 0 -1 0 -87 -1.59375 1 0 1
0 -201 92 117.003 0 -1 0 -87.0625 -1.562477 1 0 1
0 -201 92 113 0 -1 0 -87.0625 -1.59375 1 0 1
concrete_concreteceiling003a
0 -201 92 113 -1 0 0 89.9375 -1.59375 1 0 1
0 -201 92 117.003 -1 0 0 89.9375 -1.562477 1 0 1
0 -201 188 117.003 -1 0 0 89.1875 -1.562477 1 0 1
concrete_concreteceiling003a
0 -201 92 113 -1 0 0 89.9375 -1.59375 1 0 1
0 -201 188 117.003 -1 0 0 89.1875 -1.562477 1 0 1
0 -201 188 113 -1 0 0 89.1875 -1.59375 1 0 1
concrete_concreteceiling003a
0 -193 92 121 1 0 0 89.9375 -1.53125 1 0 1
0 -193 92 113 1 0 0 89.9375 -1.59375 1 0 1
0 -193 188 113 1 0 0 89.1875 -1.59375 1 0 1
concrete_concreteceiling003a
0 -193 92 121 1 0 0 89.9375 -1.53125 1 0 1
0 -193 188 113 1 0 0 89.1875 -1.59375 1 0 1
0 -193 188 121 1 0 0 89.1875 -1.53125 1 0 1
concrete_concreteceiling003a
0 -193 92 113 0 0 -1 89.9375 -86 1 0 1
0 -201 92 113 0 0 -1 89.9375 -86.0625 1 0 1
0 -201 188 113 0 0 -1 89.1875 -86.0625 1 0 1
concrete_concreteceiling003a
0 -193 92 113 0 0 -1 89.9375 -86 1 0 1
0 -201 188 113 0 0 -1 89.1875 -86.0625 1 0 1
0 -193 188 113 0 0 -1 89.1875 -86 1 0 1
concrete_concreteceiling003a
0 -197 92 121 0 0 1 89.9375 -86.03125 1 0 1
0 -193 92 121 0 0 1 89.9375 -86 1 0 1
0 -193 188 121 0 0 1 89.1875 -86 1 0 1
concrete_concreteceiling003a
0 -197 92 121 0 0 1 89.9375 -86.03125 1 0 1
0 -193 188 121 0 0 1 89.1875 -86 1 0 1
0 -197 188 121 0 0 1 89.1875 -86.03125 1 0 1
concrete_concreteceiling003a
0 -201 92 117.003 -0.706841 0 0.707372 89.9375 -86.0625 1 0 1
0 -197 92 121 -0.706841 0 0.707372 89.9375 -86.03125 1 0 1
0 -197 188 121 -0.706841 0 0.707372 89.1875 -86.03125 1 0 1
concrete_concreteceiling003a
0 -201 92 117.003 -0.706841 0 0.707372 89.9375 -86.0625 1 0 1
0 -197 188 121 -0.706841 0 0.707372 89.1875 -86.03125 1 0 1
0 -201 188 117.003 -0.706841 0 0.707372 89.1875 -86.0625 1 0 1
wood_woodshelf002a
0 119 -76 347 0 1 0 -162.986178 -0.161754 1 0 1
0 119 -76 279 0 1 0 -162.986178 -0.765447 1 0 1
0 117 -76 279 0 1 0 -163.016226 -0.765447 1 0 1
wood_woodshelf002a
0 119 -76 347 0 1 0 -162.986178 -0.161754 1 0 1
0 117 -76 279 0 1 0 -163.016226 -0.765447 1 0 1
0 117 -76 347 0 1 0 -163.016226 -0.161754 1 0 1
wood_woodshelf002a
0 119 -84 279 0 -1 0 -162.986178 -0.765447 1 0 1
0 119 -84 347 0 -1 0 -162.986178 -0.161754 1 0 1
0 117 -84 347 0 -1 0 -163.016226 -0.161754 1 0 1
wood_woodshelf002a
0 119 -84 279 0 -1 0 -162.986178 -0.765447 1 0 1
0 117 -84 347 0 -1 0 -163.016226 -0.161754 1 0 1
0 117 -84 279 0 -1 0 -163.016226 -0.765447 1 0 1
wood_woodshelf002a
0 117 -84 279 -1 0 0 174.542819 -0.765447 1 0 1
0 117 -84 347 -1 0 0 174.542819 -0.161754 1 0 1
0 117 -76 347 -1 0 0 174.422626 -0.161754 1 0 1
wood_woodshelf002a
0 117 -84 279 -1 0 0 174.542819 -0.765447 1 0 1
0 117 -76 347 -1 0 0 174.422626 -0.161754 1 0 1
0 117 -76 279 -1 0 0 174.422626 -0.765447 1 0 1
end
