version 1
nodes
0 "root" -1
end
skeleton
time 0
0 0 0 0 0 0 0
end
triangles
wood_woodstair002a
0 -248 -80 -120 0 1 0 -231.178971 -27.5 1 0 1
0 -248 -80 -128 0 1 0 -231.178971 -28.5 1 0 1
0 -320 -80 -128 0 1 0 -232.678172 -28.5 1 0 1
wood_woodstair002a
0 -248 -80 -120 0 1 0 -231.178971 -27.5 1 0 1
0 -320 -80 -128 0 1 0 -232.678172 -28.5 1 0 1
0 -320 -80 -120 0 1 0 -232.678172 -27.5 1 0 1
wood_woodstair002a
0 -248 -88 -128 0 -1 0 -231.178971 -28.5 1 0 1
0 -248 -88 -120 0 -1 0 -231.178971 -27.5 1 0 1
0 -320 -88 -120 0 -1 0 -232.678172 -27.5 1 0 1
wood_woodstair002a
0 -248 -88 -128 0 -1 0 -231.178971 -28.5 1 0 1
0 -320 -88 -120 0 -1 0 -232.678172 -27.5 1 0 1
0 -320 -88 -128 0 -1 0 -232.678172 -28.5 1 0 1
wood_woodstair002c
0 -248 -88 -128 0 0 -1 182.75 -345.75 1 0 1
0 -320 -88 -128 0 0 -1 182.75 -348 1 0 1
0 -320 -80 -128 0 0 -1 182.625 -348 1 0 1
wood_woodstair002c
0 -248 -88 -128 0 0 -1 182.75 -345.75 1 0 1
0 -320 -80 -128 0 0 -1 182.625 -348 1 0 1
0 -248 -80 -128 0 0 -1 182.625 -345.75 1 0 1
wood_woodstair002c
0 -320 -88 -120 0 0 1 182.75 -348 1 0 1
0 -248 -88 -120 0 0 1 182.75 -345.75 1 0 1
0 -248 -80 -120 0 0 1 182.625 -345.75 1 0 1
wood_woodstair002c
0 -320 -88 -120 0 0 1 182.75 -348 1 0 1
0 -248 -80 -120 0 0 1 182.625 -345.75 1 0 1
0 -320 -80 -120 0 0 1 182.625 -348 1 0 1
wood_woodstair002a
0 -248 -80 -248 0 1 0 -231.178971 -43.5 1 0 1
0 -248 -80 -256 0 1 0 -231.178971 -44.5 1 0 1
0 -320 -80 -256 0 1 0 -232.678172 -44.5 1 0 1
wood_woodstair002a
0 -248 -80 -248 0 1 0 -231.178971 -43.5 1 0 1
0 -320 -80 -256 0 1 0 -232.678172 -44.5 1 0 1
0 -320 -80 -248 0 1 0 -232.678172 -43.5 1 0 1
wood_woodstair002a
0 -248 -88 -256 0 -1 0 -231.178971 -44.5 1 0 1
0 -248 -88 -248 0 -1 0 -231.178971 -43.5 1 0 1
0 -320 -88 -248 0 -1 0 -232.678172 -43.5 1 0 1
wood_woodstair002a
0 -248 -88 -256 0 -1 0 -231.178971 -44.5 1 0 1
0 -320 -88 -248 0 -1 0 -232.678172 -43.5 1 0 1
0 -320 -88 -256 0 -1 0 -232.678172 -44.5 1 0 1
wood_woodstair002c
0 -248 -88 -256 0 0 -1 182.75 -345.75 1 0 1
0 -320 -88 -256 0 0 -1 182.75 -348 1 0 1
0 -320 -80 -256 0 0 -1 182.625 -348 1 0 1
wood_woodstair002c
0 -248 -88 -256 0 0 -1 182.75 -345.75 1 0 1
0 -320 -80 -256 0 0 -1 182.625 -348 1 0 1
0 -248 -80 -256 0 0 -1 182.625 -345.75 1 0 1
wood_woodstair002c
0 -320 -88 -248 0 0 1 182.75 -348 1 0 1
0 -248 -88 -248 0 0 1 182.75 -345.75 1 0 1
0 -248 -80 -248 0 0 1 182.625 -345.75 1 0 1
wood_woodstair002c
0 -320 -88 -248 0 0 1 182.75 -348 1 0 1
0 -248 -80 -248 0 0 1 182.625 -345.75 1 0 1
0 -320 -80 -248 0 0 1 182.625 -348 1 0 1
plaster_plasterwall029a
0 -266 -8 -174 0 1 0 -87.078125 -1.234375 1 0 1
0 -266 -8 -246 0 1 0 -87.078125 -1.796875 1 0 1
0 -268 -8 -246 0 1 0 -87.09375 -1.796875 1 0 1
plaster_plasterwall029a
0 -266 -8 -174 0 1 0 -87.078125 -1.234375 1 0 1
0 -268 -8 -246 0 1 0 -87.09375 -1.796875 1 0 1
0 -268 -8 -174 0 1 0 -87.09375 -1.234375 1 0 1
plaster_plasterwall029a
0 -266 -12 -246 0 -1 0 -86.84375 -1.328125 1 0 1
0 -266 -12 -174 0 -1 0 -86.84375 -0.765625 1 0 1
0 -268 -12 -174 0 -1 0 -86.859375 -0.765625 1 0 1
plaster_plasterwall029a
0 -266 -12 -246 0 -1 0 -86.84375 -1.328125 1 0 1
0 -268 -12 -174 0 -1 0 -86.859375 -0.765625 1 0 1
0 -268 -12 -246 0 -1 0 -86.859375 -1.328125 1 0 1
plaster_plasterwall029a
0 -268 -12 -246 -1 0 0 91.28125 -1.328125 1 0 1
0 -268 -12 -174 -1 0 0 91.28125 -0.765625 1 0 1
0 -268 -8 -174 -1 0 0 91.25 -0.765625 1 0 1
plaster_plasterwall029a
0 -268 -12 -246 -1 0 0 91.28125 -1.328125 1 0 1
0 -268 -8 -174 -1 0 0 91.25 -0.765625 1 0 1
0 -268 -8 -246 -1 0 0 91.25 -1.328125 1 0 1
plaster_plasterwall029a
0 -266 -12 -174 1 0 0 91.28125 -0.765625 1 0 1
0 -266 -12 -246 1 0 0 91.28125 -1.328125 1 0 1
0 -266 -8 -246 1 0 0 91.25 -1.328125 1 0 1
plaster_plasterwall029a
0 -266 -12 -174 1 0 0 91.28125 -0.765625 1 0 1
0 -266 -8 -246 1 0 0 91.25 -1.328125 1 0 1
0 -266 -8 -174 1 0 0 91.25 -0.765625 1 0 1
plaster_plasterwall029a
0 -266 -12 -246 0 0 -1 91.28125 -85.84375 1 0 1
0 -268 -12 -246 0 0 -1 91.28125 -85.859375 1 0 1
0 -268 -8 -246 0 0 -1 91.25 -85.859375 1 0 1
plaster_plasterwall029a
0 -266 -12 -246 0 0 -1 91.28125 -85.84375 1 0 1
0 -268 -8 -246 0 0 -1 91.25 -85.859375 1 0 1
0 -266 -8 -246 0 0 -1 91.25 -85.84375 1 0 1
plaster_plasterwall029a
0 -268 -12 -174 0 0 1 91.28125 -85.859375 1 0 1
0 -266 -12 -174 0 0 1 91.28125 -85.84375 1 0 1
0 -266 -8 -174 0 0 1 91.25 -85.84375 1 0 1
plaster_plasterwall029a
0 -268 -12 -174 0 0 1 91.28125 -85.859375 1 0 1
0 -266 -8 -174 0 0 1 91.25 -85.84375 1 0 1
0 -268 -8 -174 0 0 1 91.25 -85.859375 1 0 1
plaster_plasterwall029a
0 -266 -8 -172 0 1 0 -87.078125 -1.21875 1 0 1
0 -266 -8 -174 0 1 0 -87.078125 -1.234375 1 0 1
0 -314 -8 -174 0 1 0 -87.453125 -1.234375 1 0 1
plaster_plasterwall029a
0 -266 -8 -172 0 1 0 -87.078125 -1.21875 1 0 1
0 -314 -8 -174 0 1 0 -87.453125 -1.234375 1 0 1
0 -314 -8 -172 0 1 0 -87.453125 -1.21875 1 0 1
plaster_plasterwall029a
0 -266 -12 -174 0 -1 0 -86.84375 -0.765625 1 0 1
0 -266 -12 -172 0 -1 0 -86.84375 -0.75 1 0 1
0 -314 -12 -172 0 -1 0 -87.21875 -0.75 1 0 1
plaster_plasterwall029a
0 -266 -12 -174 0 -1 0 -86.84375 -0.765625 1 0 1
0 -314 -12 -172 0 -1 0 -87.21875 -0.75 1 0 1
0 -314 -12 -174 0 -1 0 -87.21875 -0.765625 1 0 1
plaster_plasterwall029a
0 -314 -12 -174 -1 0 0 91.28125 -0.765625 1 0 1
0 -314 -12 -172 -1 0 0 91.28125 -0.75 1 0 1
0 -314 -8 -172 -1 0 0 91.25 -0.75 1 0 1
plaster_plasterwall029a
0 -314 -12 -174 -1 0 0 91.28125 -0.765625 1 0 1
0 -314 -8 -172 -1 0 0 91.25 -0.75 1 0 1
0 -314 -8 -174 -1 0 0 91.25 -0.765625 1 0 1
plaster_plasterwall029a
0 -266 -12 -172 1 0 0 91.28125 -0.75 1 0 1
0 -266 -12 -174 1 0 0 91.28125 -0.765625 1 0 1
0 -266 -8 -174 1 0 0 91.25 -0.765625 1 0 1
plaster_plasterwall029a
0 -266 -12 -172 1 0 0 91.28125 -0.75 1 0 1
0 -266 -8 -174 1 0 0 91.25 -0.765625 1 0 1
0 -266 -8 -172 1 0 0 91.25 -0.75 1 0 1
plaster_plasterwall029a
0 -266 -12 -174 0 0 -1 91.28125 -85.84375 1 0 1
0 -314 -12 -174 0 0 -1 91.28125 -86.21875 1 0 1
0 -314 -8 -174 0 0 -1 91.25 -86.21875 1 0 1
plaster_plasterwall029a
0 -266 -12 -174 0 0 -1 91.28125 -85.84375 1 0 1
0 -314 -8 -174 0 0 -1 91.25 -86.21875 1 0 1
0 -266 -8 -174 0 0 -1 91.25 -85.84375 1 0 1
plaster_plasterwall029a
0 -314 -12 -172 0 0 1 91.28125 -86.21875 1 0 1
0 -266 -12 -172 0 0 1 91.28125 -85.84375 1 0 1
0 -266 -8 -172 0 0 1 91.25 -85.84375 1 0 1
plaster_plasterwall029a
0 -314 -12 -172 0 0 1 91.28125 -86.21875 1 0 1
0 -266 -8 -172 0 0 1 91.25 -85.84375 1 0 1
0 -314 -8 -172 0 0 1 91.25 -86.21875 1 0 1
wood_woodstair002a
0 -248 -128 -200 0 1 0 -231.178971 -37.5 1 0 1
0 -248 -128 -208 0 1 0 -231.178971 -38.5 1 0 1
0 -320 -128 -208 0 1 0 -232.678172 -38.5 1 0 1
wood_woodstair002a
0 -248 -128 -200 0 1 0 -231.178971 -37.5 1 0 1
0 -320 -128 -208 0 1 0 -232.678172 -38.5 1 0 1
0 -320 -128 -200 0 1 0 -232.678172 -37.5 1 0 1
wood_woodstair002a
0 -248 -136 -208 0 -1 0 -231.178971 -38.5 1 0 1
0 -248 -136 -200 0 -1 0 -231.178971 -37.5 1 0 1
0 -320 -136 -200 0 -1 0 -232.678172 -37.5 1 0 1
wood_woodstair002a
0 -248 -136 -208 0 -1 0 -231.178971 -38.5 1 0 1
0 -320 -136 -200 0 -1 0 -232.678172 -37.5 1 0 1
0 -320 -136 -208 0 -1 0 -232.678172 -38.5 1 0 1
wood_woodstair002c
0 -248 -136 -208 0 0 -1 183.5 -345.75 1 0 1
0 -320 -136 -208 0 0 -1 183.5 -348 1 0 1
0 -320 -128 -208 0 0 -1 183.375 -348 1 0 1
wood_woodstair002c
0 -248 -136 -208 0 0 -1 183.5 -345.75 1 0 1
0 -320 -128 -208 0 0 -1 183.375 -348 1 0 1
0 -248 -128 -208 0 0 -1 183.375 -345.75 1 0 1
wood_woodstair002c
0 -320 -136 -200 0 0 1 183.5 -348 1 0 1
0 -248 -136 -200 0 0 1 183.5 -345.75 1 0 1
0 -248 -128 -200 0 0 1 183.375 -345.75 1 0 1
wood_woodstair002c
0 -320 -136 -200 0 0 1 183.5 -348 1 0 1
0 -248 -128 -200 0 0 1 183.375 -345.75 1 0 1
0 -320 -128 -200 0 0 1 183.375 -348 1 0 1
brick_brickwall031a
0 -224 -8 -32.001 -1 0 0 91.25 0.578117 1 0 1
0 -224 -8 -16 -1 0 0 91.25 0.703125 1 0 1
0 -224 8 -16 -1 0 0 91.125 0.703125 1 0 1
brick_brickwall031a
0 225 -8 -16 1 0 0 91.25 0.703125 1 0 1
0 225 -8 -32.001 1 0 0 91.25 0.578117 1 0 1
0 225 8 -16 1 0 0 91.125 0.703125 1 0 1
brick_brickwall031a
0 225 -8 -32.001 0 0.707129 -0.707085 -83 -89.71875 1 0 1
0 -224 -8 -32.001 0 0.707129 -0.707085 -86.507812 -89.71875 1 0 1
0 -224 8 -16 0 0.707129 -0.707085 -86.507812 -89.59375 1 0 1
brick_brickwall031a
0 225 -8 -32.001 0 0.707129 -0.707085 -83 -89.71875 1 0 1
0 -224 8 -16 0 0.707129 -0.707085 -86.507812 -89.59375 1 0 1
0 225 8 -16 0 0.707129 -0.707085 -83 -89.59375 1 0 1
brick_brickwall053e
0 -247 -8 -56 -1 0 0 91.25 0.4375 1 0 1
0 -247 -8 -48 -1 0 0 91.25 0.5 1 0 1
0 -247 8 -48 -1 0 0 91.125 0.5 1 0 1
brick_brickwall053e
0 -224 -8 -48 1 0 0 91.25 0.5 1 0 1
0 -224 -8 -56 1 0 0 91.25 0.4375 1 0 1
0 -224 8 -48 1 0 0 91.125 0.5 1 0 1
concrete_concreteceiling004a
0 -224 -8 -56 0 0.447214 -0.894427 91.25 -85.507812 1 0 1
0 -247 -8 -56 0 0.447214 -0.894427 91.25 -85.6875 1 0 1
0 -247 8 -48 0 0.447214 -0.894427 91.125 -85.6875 1 0 1
concrete_concreteceiling004a
0 -224 -8 -56 0 0.447214 -0.894427 91.25 -85.507812 1 0 1
0 -247 8 -48 0 0.447214 -0.894427 91.125 -85.6875 1 0 1
0 -224 8 -48 0 0.447214 -0.894427 91.125 -85.507812 1 0 1
wood_woodshelf002a
0 25 -8 -46 0 1 0 -162.986178 -0.161754 1 0 1
0 25 -8 -114 0 1 0 -162.986178 -0.765447 1 0 1
0 23 -8 -114 0 1 0 -163.016226 -0.765447 1 0 1
wood_woodshelf002a
0 25 -8 -46 0 1 0 -162.986178 -0.161754 1 0 1
0 23 -8 -114 0 1 0 -163.016226 -0.765447 1 0 1
0 23 -8 -46 0 1 0 -163.016226 -0.161754 1 0 1
wood_woodshelf002a
0 25 -16 -114 0 -1 0 -162.986178 -0.765447 1 0 1
0 25 -16 -46 0 -1 0 -162.986178 -0.161754 1 0 1
0 23 -16 -46 0 -1 0 -163.016226 -0.161754 1 0 1
wood_woodshelf002a
0 25 -16 -114 0 -1 0 -162.986178 -0.765447 1 0 1
0 23 -16 -46 0 -1 0 -163.016226 -0.161754 1 0 1
0 23 -16 -114 0 -1 0 -163.016226 -0.765447 1 0 1
wood_woodshelf002a
0 23 -16 -114 -1 0 0 174.542819 -0.765447 1 0 1
0 23 -16 -46 -1 0 0 174.542819 -0.161754 1 0 1
0 23 -8 -46 -1 0 0 174.422626 -0.161754 1 0 1
wood_woodshelf002a
0 23 -16 -114 -1 0 0 174.542819 -0.765447 1 0 1
0 23 -8 -46 -1 0 0 174.422626 -0.161754 1 0 1
0 23 -8 -114 -1 0 0 174.422626 -0.765447 1 0 1
wood_woodstair002a
0 -248 -64 -264 0 1 0 -231.178971 -45.5 1 0 1
0 -248 -64 -272 0 1 0 -231.178971 -46.5 1 0 1
0 -320 -64 -272 0 1 0 -232.678172 -46.5 1 0 1
wood_woodstair002a
0 -248 -64 -264 0 1 0 -231.178971 -45.5 1 0 1
0 -320 -64 -272 0 1 0 -232.678172 -46.5 1 0 1
0 -320 -64 -264 0 1 0 -232.678172 -45.5 1 0 1
wood_woodstair002a
0 -248 -72 -272 0 -1 0 -231.178971 -46.5 1 0 1
0 -248 -72 -264 0 -1 0 -231.178971 -45.5 1 0 1
0 -320 -72 -264 0 -1 0 -232.678172 -45.5 1 0 1
wood_woodstair002a
0 -248 -72 -272 0 -1 0 -231.178971 -46.5 1 0 1
0 -320 -72 -264 0 -1 0 -232.678172 -45.5 1 0 1
0 -320 -72 -272 0 -1 0 -232.678172 -46.5 1 0 1
wood_woodstair002c
0 -248 -72 -272 0 0 -1 182.5 -345.75 1 0 1
0 -320 -72 -272 0 0 -1 182.5 -348 1 0 1
0 -320 -64 -272 0 0 -1 182.375 -348 1 0 1
wood_woodstair002c
0 -248 -72 -272 0 0 -1 182.5 -345.75 1 0 1
0 -320 -64 -272 0 0 -1 182.375 -348 1 0 1
0 -248 -64 -272 0 0 -1 182.375 -345.75 1 0 1
wood_woodstair002c
0 -320 -72 -264 0 0 1 182.5 -348 1 0 1
0 -248 -72 -264 0 0 1 182.5 -345.75 1 0 1
0 -248 -64 -264 0 0 1 182.375 -345.75 1 0 1
wood_woodstair002c
0 -320 -72 -264 0 0 1 182.5 -348 1 0 1
0 -248 -64 -264 0 0 1 182.375 -345.75 1 0 1
0 -320 -64 -264 0 0 1 182.375 -348 1 0 1
wood_woodstair002a
0 -248 -64 -385 0 1 0 -230.19069 -60.5 1 0 1
0 -248 -64 -393 0 1 0 -230.19069 -61.5 1 0 1
0 -320 -64 -393 0 1 0 -231.68989 -61.5 1 0 1
wood_woodstair002a
0 -248 -64 -385 0 1 0 -230.19069 -60.5 1 0 1
0 -320 -64 -393 0 1 0 -231.68989 -61.5 1 0 1
0 -320 -64 -385 0 1 0 -231.68989 -60.5 1 0 1
wood_woodstair002a
0 -248 -72 -393 0 -1 0 -230.19069 -61.5 1 0 1
0 -248 -72 -385 0 -1 0 -230.19069 -60.5 1 0 1
0 -320 -72 -385 0 -1 0 -231.68989 -60.5 1 0 1
wood_woodstair002a
0 -248 -72 -393 0 -1 0 -230.19069 -61.5 1 0 1
0 -320 -72 -385 0 -1 0 -231.68989 -60.5 1 0 1
0 -320 -72 -393 0 -1 0 -231.68989 -61.5 1 0 1
wood_woodstair002c
0 -320 -72 -385 0 0 1 182.5 -347.015625 1 0 1
0 -248 -72 -385 0 0 1 182.5 -344.765625 1 0 1
0 -248 -64 -385 0 0 1 182.375 -344.765625 1 0 1
wood_woodstair002c
0 -320 -72 -385 0 0 1 182.5 -347.015625 1 0 1
0 -248 -64 -385 0 0 1 182.375 -344.765625 1 0 1
0 -320 -64 -385 0 0 1 182.375 -347.015625 1 0 1
plaster_plasterwall029a
0 -366 -8 -172 0 1 0 -87.859375 -1.21875 1 0 1
0 -366 -8 -174 0 1 0 -87.859375 -1.234375 1 0 1
0 -414 -8 -174 0 1 0 -88.234375 -1.234375 1 0 1
plaster_plasterwall029a
0 -366 -8 -172 0 1 0 -87.859375 -1.21875 1 0 1
0 -414 -8 -174 0 1 0 -88.234375 -1.234375 1 0 1
0 -414 -8 -172 0 1 0 -88.234375 -1.21875 1 0 1
plaster_plasterwall029a
0 -366 -12 -174 0 -1 0 -87.625 -0.765625 1 0 1
0 -366 -12 -172 0 -1 0 -87.625 -0.75 1 0 1
0 -414 -12 -172 0 -1 0 -88 -0.75 1 0 1
plaster_plasterwall029a
0 -366 -12 -174 0 -1 0 -87.625 -0.765625 1 0 1
0 -414 -12 -172 0 -1 0 -88 -0.75 1 0 1
0 -414 -12 -174 0 -1 0 -88 -0.765625 1 0 1
plaster_plasterwall029a
0 -414 -12 -174 -1 0 0 91.28125 -0.765625 1 0 1
0 -414 -12 -172 -1 0 0 91.28125 -0.75 1 0 1
0 -414 -8 -172 -1 0 0 91.25 -0.75 1 0 1
plaster_plasterwall029a
0 -414 -12 -174 -1 0 0 91.28125 -0.765625 1 0 1
0 -414 -8 -172 -1 0 0 91.25 -0.75 1 0 1
0 -414 -8 -174 -1 0 0 91.25 -0.765625 1 0 1
plaster_plasterwall029a
0 -366 -12 -172 1 0 0 91.28125 -0.75 1 0 1
0 -366 -12 -174 1 0 0 91.28125 -0.765625 1 0 1
0 -366 -8 -174 1 0 0 91.25 -0.765625 1 0 1
plaster_plasterwall029a
0 -366 -12 -172 1 0 0 91.28125 -0.75 1 0 1
0 -366 -8 -174 1 0 0 91.25 -0.765625 1 0 1
0 -366 -8 -172 1 0 0 91.25 -0.75 1 0 1
plaster_plasterwall029a
0 -366 -12 -174 0 0 -1 91.28125 -86.625 1 0 1
0 -414 -12 -174 0 0 -1 91.28125 -87 1 0 1
0 -414 -8 -174 0 0 -1 91.25 -87 1 0 1
plaster_plasterwall029a
0 -366 -12 -174 0 0 -1 91.28125 -86.625 1 0 1
0 -414 -8 -174 0 0 -1 91.25 -87 1 0 1
0 -366 -8 -174 0 0 -1 91.25 -86.625 1 0 1
plaster_plasterwall029a
0 -414 -12 -172 0 0 1 91.28125 -87 1 0 1
0 -366 -12 -172 0 0 1 91.28125 -86.625 1 0 1
0 -366 -8 -172 0 0 1 91.25 -86.625 1 0 1
plaster_plasterwall029a
0 -414 -12 -172 0 0 1 91.28125 -87 1 0 1
0 -366 -8 -172 0 0 1 91.25 -86.625 1 0 1
0 -414 -8 -172 0 0 1 91.25 -87 1 0 1
plaster_plasterwall029a
0 -366 -8 -44 0 1 0 -87.859375 -0.21875 1 0 1
0 -366 -8 -46 0 1 0 -87.859375 -0.234375 1 0 1
0 -414 -8 -46 0 1 0 -88.234375 -0.234375 1 0 1
plaster_plasterwall029a
0 -366 -8 -44 0 1 0 -87.859375 -0.21875 1 0 1
0 -414 -8 -46 0 1 0 -88.234375 -0.234375 1 0 1
0 -414 -8 -44 0 1 0 -88.234375 -0.21875 1 0 1
plaster_plasterwall029a
0 -366 -12 -46 0 -1 0 -87.625 0.234375 1 0 1
0 -366 -12 -44 0 -1 0 -87.625 0.25 1 0 1
0 -414 -12 -44 0 -1 0 -88 0.25 1 0 1
plaster_plasterwall029a
0 -366 -12 -46 0 -1 0 -87.625 0.234375 1 0 1
0 -414 -12 -44 0 -1 0 -88 0.25 1 0 1
0 -414 -12 -46 0 -1 0 -88 0.234375 1 0 1
plaster_plasterwall029a
0 -414 -12 -46 -1 0 0 91.28125 0.234375 1 0 1
0 -414 -12 -44 -1 0 0 91.28125 0.25 1 0 1
0 -414 -8 -44 -1 0 0 91.25 0.25 1 0 1
plaster_plasterwall029a
0 -414 -12 -46 -1 0 0 91.28125 0.234375 1 0 1
0 -414 -8 -44 -1 0 0 91.25 0.25 1 0 1
0 -414 -8 -46 -1 0 0 91.25 0.234375 1 0 1
plaster_plasterwall029a
0 -366 -12 -44 1 0 0 91.28125 0.25 1 0 1
0 -366 -12 -46 1 0 0 91.28125 0.234375 1 0 1
0 -366 -8 -46 1 0 0 91.25 0.234375 1 0 1
plaster_plasterwall029a
0 -366 -12 -44 1 0 0 91.28125 0.25 1 0 1
0 -366 -8 -46 1 0 0 91.25 0.234375 1 0 1
0 -366 -8 -44 1 0 0 91.25 0.25 1 0 1
plaster_plasterwall029a
0 -366 -12 -46 0 0 -1 91.28125 -86.625 1 0 1
0 -414 -12 -46 0 0 -1 91.28125 -87 1 0 1
0 -414 -8 -46 0 0 -1 91.25 -87 1 0 1
plaster_plasterwall029a
0 -366 -12 -46 0 0 -1 91.28125 -86.625 1 0 1
0 -414 -8 -46 0 0 -1 91.25 -87 1 0 1
0 -366 -8 -46 0 0 -1 91.25 -86.625 1 0 1
plaster_plasterwall029a
0 -414 -12 -44 0 0 1 91.28125 -87 1 0 1
0 -366 -12 -44 0 0 1 91.28125 -86.625 1 0 1
0 -366 -8 -44 0 0 1 91.25 -86.625 1 0 1
plaster_plasterwall029a
0 -414 -12 -44 0 0 1 91.28125 -87 1 0 1
0 -366 -8 -44 0 0 1 91.25 -86.625 1 0 1
0 -414 -8 -44 0 0 1 91.25 -87 1 0 1
plaster_plasterwall029a
0 -266 -12 -118 0 -1 0 -86.84375 -0.328125 1 0 1
0 -266 -12 -46 0 -1 0 -86.84375 0.234375 1 0 1
0 -268 -12 -46 0 -1 0 -86.859375 0.234375 1 0 1
plaster_plasterwall029a
0 -266 -12 -118 0 -1 0 -86.84375 -0.328125 1 0 1
0 -268 -12 -46 0 -1 0 -86.859375 0.234375 1 0 1
0 -268 -12 -118 0 -1 0 -86.859375 -0.328125 1 0 1
plaster_plasterwall029a
0 -268 -12 -118 -1 0 0 91.28125 -0.328125 1 0 1
0 -268 -12 -46 -1 0 0 91.28125 0.234375 1 0 1
0 -268 -8 -46 -1 0 0 91.25 0.234375 1 0 1
plaster_plasterwall029a
0 -268 -12 -118 -1 0 0 91.28125 -0.328125 1 0 1
0 -268 -8 -46 -1 0 0 91.25 0.234375 1 0 1
0 -268 -8 -118 -1 0 0 91.25 -0.328125 1 0 1
plaster_plasterwall029a
0 -266 -12 -46 1 0 0 91.28125 0.234375 1 0 1
0 -266 -12 -118 1 0 0 91.28125 -0.328125 1 0 1
0 -266 -8 -118 1 0 0 91.25 -0.328125 1 0 1
plaster_plasterwall029a
0 -266 -12 -46 1 0 0 91.28125 0.234375 1 0 1
0 -266 -8 -118 1 0 0 91.25 -0.328125 1 0 1
0 -266 -8 -46 1 0 0 91.25 0.234375 1 0 1
plaster_plasterwall029a
0 -266 -12 -118 0 0 -1 91.28125 -85.84375 1 0 1
0 -268 -12 -118 0 0 -1 91.28125 -85.859375 1 0 1
0 -268 -8 -118 0 0 -1 91.25 -85.859375 1 0 1
plaster_plasterwall029a
0 -266 -12 -118 0 0 -1 91.28125 -85.84375 1 0 1
0 -268 -8 -118 0 0 -1 91.25 -85.859375 1 0 1
0 -266 -8 -118 0 0 -1 91.25 -85.84375 1 0 1
plaster_plasterwall029a
0 -268 -12 -46 0 0 1 91.28125 -85.859375 1 0 1
0 -266 -12 -46 0 0 1 91.28125 -85.84375 1 0 1
0 -266 -8 -46 0 0 1 91.25 -85.84375 1 0 1
plaster_plasterwall029a
0 -268 -12 -46 0 0 1 91.28125 -85.859375 1 0 1
0 -266 -8 -46 0 0 1 91.25 -85.84375 1 0 1
0 -268 -8 -46 0 0 1 91.25 -85.859375 1 0 1
plaster_plasterwall029a
0 -266 -8 -46 0 1 0 -87.078125 -0.234375 1 0 1
0 -266 -8 -118 0 1 0 -87.078125 -0.796875 1 0 1
0 -268 -8 -118 0 1 0 -87.09375 -0.796875 1 0 1
plaster_plasterwall029a
0 -266 -8 -46 0 1 0 -87.078125 -0.234375 1 0 1
0 -268 -8 -118 0 1 0 -87.09375 -0.796875 1 0 1
0 -268 -8 -46 0 1 0 -87.09375 -0.234375 1 0 1
plaster_plasterwall029a
0 -266 -8 -246 0 1 0 -86.84375 -1.328125 1 0 1
0 -266 -8 -248 0 1 0 -86.84375 -1.34375 1 0 1
0 -314 -8 -248 0 1 0 -87.21875 -1.34375 1 0 1
plaster_plasterwall029a
0 -266 -8 -246 0 1 0 -86.84375 -1.328125 1 0 1
0 -314 -8 -248 0 1 0 -87.21875 -1.34375 1 0 1
0 -314 -8 -246 0 1 0 -87.21875 -1.328125 1 0 1
plaster_plasterwall029a
0 -266 -12 -248 0 -1 0 -86.84375 -1.34375 1 0 1
0 -266 -12 -246 0 -1 0 -86.84375 -1.328125 1 0 1
0 -314 -12 -246 0 -1 0 -87.21875 -1.328125 1 0 1
plaster_plasterwall029a
0 -266 -12 -248 0 -1 0 -86.84375 -1.34375 1 0 1
0 -314 -12 -246 0 -1 0 -87.21875 -1.328125 1 0 1
0 -314 -12 -248 0 -1 0 -87.21875 -1.34375 1 0 1
plaster_plasterwall029a
0 -314 -12 -248 -1 0 0 91.28125 -1.34375 1 0 1
0 -314 -12 -246 -1 0 0 91.28125 -1.328125 1 0 1
0 -314 -8 -246 -1 0 0 91.25 -1.328125 1 0 1
plaster_plasterwall029a
0 -314 -12 -248 -1 0 0 91.28125 -1.34375 1 0 1
0 -314 -8 -246 -1 0 0 91.25 -1.328125 1 0 1
0 -314 -8 -248 -1 0 0 91.25 -1.34375 1 0 1
plaster_plasterwall029a
0 -266 -12 -246 1 0 0 91.28125 -1.328125 1 0 1
0 -266 -12 -248 1 0 0 91.28125 -1.34375 1 0 1
0 -266 -8 -248 1 0 0 91.25 -1.34375 1 0 1
plaster_plasterwall029a
0 -266 -12 -246 1 0 0 91.28125 -1.328125 1 0 1
0 -266 -8 -248 1 0 0 91.25 -1.34375 1 0 1
0 -266 -8 -246 1 0 0 91.25 -1.328125 1 0 1
plaster_plasterwall029a
0 -266 -12 -248 0 0 -1 91.28125 -85.84375 1 0 1
0 -314 -12 -248 0 0 -1 91.28125 -86.21875 1 0 1
0 -314 -8 -248 0 0 -1 91.25 -86.21875 1 0 1
plaster_plasterwall029a
0 -266 -12 -248 0 0 -1 91.28125 -85.84375 1 0 1
0 -314 -8 -248 0 0 -1 91.25 -86.21875 1 0 1
0 -266 -8 -248 0 0 -1 91.25 -85.84375 1 0 1
plaster_plasterwall029a
0 -314 -12 -246 0 0 1 91.28125 -86.21875 1 0 1
0 -266 -12 -246 0 0 1 91.28125 -85.84375 1 0 1
0 -266 -8 -246 0 0 1 91.25 -85.84375 1 0 1
plaster_plasterwall029a
0 -314 -12 -246 0 0 1 91.28125 -86.21875 1 0 1
0 -266 -8 -246 0 0 1 91.25 -85.84375 1 0 1
0 -314 -8 -246 0 0 1 91.25 -86.21875 1 0 1
concrete_concreteceiling003a
0 -287 256 -272 0 1 0 -87 -1.53125 1 0 1
0 -287 256 -280 0 1 0 -87 -1.59375 1 0 1
0 -295 256 -280 0 1 0 -87.0625 -1.59375 1 0 1
concrete_concreteceiling003a
0 -287 256 -272 0 1 0 -87 -1.53125 1 0 1
0 -295 256 -280 0 1 0 -87.0625 -1.59375 1 0 1
0 -295 256 -275.997 0 1 0 -87.0625 -1.562477 1 0 1
concrete_concreteceiling003a
0 -287 256 -272 0 1 0 -87 -1.53125 1 0 1
0 -295 256 -275.997 0 1 0 -87.0625 -1.562477 1 0 1
0 -291 256 -272 0 1 0 -87.03125 -1.53125 1 0 1
concrete_concreteceiling003a
0 -287 160 -280 0 -1 0 -87 -1.59375 1 0 1
0 -287 160 -272 0 -1 0 -87 -1.53125 1 0 1
0 -291 160 -272 0 -1 0 -87.03125 -1.53125 1 0 1
concrete_concreteceiling003a
0 -287 160 -280 0 -1 0 -87 -1.59375 1 0 1
0 -291 160 -272 0 -1 0 -87.03125 -1.53125 1 0 1
0 -295 160 -275.997 0 -1 0 -87.0625 -1.562477 1 0 1
concrete_concreteceiling003a
0 -287 160 -280 0 -1 0 -87 -1.59375 1 0 1
0 -295 160 -275.997 0 -1 0 -87.0625 -1.562477 1 0 1
0 -295 160 -280 0 -1 0 -87.0625 -1.59375 1 0 1
concrete_concreteceiling003a
0 -295 160 -280 -1 0 0 89.9375 -1.59375 1 0 1
0 -295 160 -275.997 -1 0 0 89.9375 -1.562477 1 0 1
0 -295 256 -275.997 -1 0 0 89.1875 -1.562477 1 0 1
concrete_concreteceiling003a
0 -295 160 -280 -1 0 0 89.9375 -1.59375 1 0 1
0 -295 256 -275.997 -1 0 0 89.1875 -1.562477 1 0 1
0 -295 256 -280 -1 0 0 89.1875 -1.59375 1 0 1
concrete_concreteceiling003a
0 -287 160 -272 1 0 0 89.9375 -1.53125 1 0 1
0 -287 160 -280 1 0 0 89.9375 -1.59375 1 0 1
0 -287 256 -280 1 0 0 89.1875 -1.59375 1 0 1
concrete_concreteceiling003a
0 -287 160 -272 1 0 0 89.9375 -1.53125 1 0 1
0 -287 256 -280 1 0 0 89.1875 -1.59375 1 0 1
0 -287 256 -272 1 0 0 89.1875 -1.53125 1 0 1
concrete_concreteceiling003a
0 -287 160 -280 0 0 -1 89.9375 -86 1 0 1
0 -295 160 -280 0 0 -1 89.9375 -86.0625 1 0 1
0 -295 256 -280 0 0 -1 89.1875 -86.0625 1 0 1
concrete_concreteceiling003a
0 -287 160 -280 0 0 -1 89.9375 -86 1 0 1
0 -295 256 -280 0 0 -1 89.1875 -86.0625 1 0 1
0 -287 256 -280 0 0 -1 89.1875 -86 1 0 1
concrete_concreteceiling003a
0 -291 160 -272 0 0 1 89.9375 -86.03125 1 0 1
0 -287 160 -272 0 0 1 89.9375 -86 1 0 1
0 -287 256 -272 0 0 1 89.1875 -86 1 0 1
concrete_concreteceiling003a
0 -291 160 -272 0 0 1 89.9375 -86.03125 1 0 1
0 -287 256 -272 0 0 1 89.1875 -86 1 0 1
0 -291 256 -272 0 0 1 89.1875 -86.03125 1 0 1
concrete_concreteceiling003a
0 -295 160 -275.997 -0.706841 0 0.707372 89.9375 -86.0625 1 0 1
0 -291 160 -272 -0.706841 0 0.707372 89.9375 -86.03125 1 0 1
0 -291 256 -272 -0.706841 0 0.707372 89.1875 -86.03125 1 0 1
concrete_concreteceiling003a
0 -295 160 -275.997 -0.706841 0 0.707372 89.9375 -86.0625 1 0 1
0 -291 256 -272 -0.706841 0 0.707372 89.1875 -86.03125 1 0 1
0 -295 256 -275.997 -0.706841 0 0.707372 89.1875 -86.0625 1 0 1
wood_woodstair002a
0 -248 -152 -48 0 1 0 -231.178971 -18.5 1 0 1
0 -248 -152 -56 0 1 0 -231.178971 -19.5 1 0 1
0 -320 -152 -56 0 1 0 -232.678172 -19.5 1 0 1
wood_woodstair002a
0 -248 -152 -48 0 1 0 -231.178971 -18.5 1 0 1
0 -320 -152 -56 0 1 0 -232.678172 -19.5 1 0 1
0 -320 -152 -48 0 1 0 -232.678172 -18.5 1 0 1
wood_woodstair002a
0 -248 -160 -56 0 -1 0 -231.178971 -19.5 1 0 1
0 -248 -160 -48 0 -1 0 -231.178971 -18.5 1 0 1
0 -320 -160 -48 0 -1 0 -232.678172 -18.5 1 0 1
wood_woodstair002a
0 -248 -160 -56 0 -1 0 -231.178971 -19.5 1 0 1
0 -320 -160 -48 0 -1 0 -232.678172 -18.5 1 0 1
0 -320 -160 -56 0 -1 0 -232.678172 -19.5 1 0 1
wood_woodstair002c
0 -248 -160 -56 0 0 -1 183.875 -345.75 1 0 1
0 -320 -160 -56 0 0 -1 183.875 -348 1 0 1
0 -320 -152 -56 0 0 -1 183.75 -348 1 0 1
wood_woodstair002c
0 -248 -160 -56 0 0 -1 183.875 -345.75 1 0 1
0 -320 -152 -56 0 0 -1 183.75 -348 1 0 1
0 -248 -152 -56 0 0 -1 183.75 -345.75 1 0 1
wood_woodstair002c
0 -320 -160 -48 0 0 1 183.875 -348 1 0 1
0 -248 -160 -48 0 0 1 183.875 -345.75 1 0 1
0 -248 -152 -48 0 0 1 183.75 -345.75 1 0 1
wood_woodstair002c
0 -320 -160 -48 0 0 1 183.875 -348 1 0 1
0 -248 -152 -48 0 0 1 183.75 -345.75 1 0 1
0 -320 -152 -48 0 0 1 183.75 -348 1 0 1
wood_woodstair002a
0 -248 -112 -216 0 1 0 -231.178971 -39.5 1 0 1
0 -248 -112 -224 0 1 0 -231.178971 -40.5 1 0 1
0 -320 -112 -224 0 1 0 -232.678172 -40.5 1 0 1
wood_woodstair002a
0 -248 -112 -216 0 1 0 -231.178971 -39.5 1 0 1
0 -320 -112 -224 0 1 0 -232.678172 -40.5 1 0 1
0 -320 -112 -216 0 1 0 -232.678172 -39.5 1 0 1
wood_woodstair002a
0 -248 -120 -224 0 -1 0 -231.178971 -40.5 1 0 1
0 -248 -120 -216 0 -1 0 -231.178971 -39.5 1 0 1
0 -320 -120 -216 0 -1 0 -232.678172 -39.5 1 0 1
wood_woodstair002a
0 -248 -120 -224 0 -1 0 -231.178971 -40.5 1 0 1
0 -320 -120 -216 0 -1 0 -232.678172 -39.5 1 0 1
0 -320 -120 -224 0 -1 0 -232.678172 -40.5 1 0 1
wood_woodstair002c
0 -248 -120 -224 0 0 -1 183.25 -345.75 1 0 1
0 -320 -120 -224 0 0 -1 183.25 -348 1 0 1
0 -320 -112 -224 0 0 -1 183.125 -348 1 0 1
wood_woodstair002c
0 -248 -120 -224 0 0 -1 183.25 -345.75 1 0 1
0 -320 -112 -224 0 0 -1 183.125 -348 1 0 1
0 -248 -112 -224 0 0 -1 183.125 -345.75 1 0 1
wood_woodstair002c
0 -320 -120 -216 0 0 1 183.25 -348 1 0 1
0 -248 -120 -216 0 0 1 183.25 -345.75 1 0 1
0 -248 -112 -216 0 0 1 183.125 -345.75 1 0 1
wood_woodstair002c
0 -320 -120 -216 0 0 1 183.25 -348 1 0 1
0 -248 -112 -216 0 0 1 183.125 -345.75 1 0 1
0 -320 -112 -216 0 0 1 183.125 -348 1 0 1
wood_woodstair002a
0 -248 -80 -369 0 1 0 -230.19069 -58.5 1 0 1
0 -248 -80 -377 0 1 0 -230.19069 -59.5 1 0 1
0 -320 -80 -377 0 1 0 -231.68989 -59.5 1 0 1
wood_woodstair002a
0 -248 -80 -369 0 1 0 -230.19069 -58.5 1 0 1
0 -320 -80 -377 0 1 0 -231.68989 -59.5 1 0 1
0 -320 -80 -369 0 1 0 -231.68989 -58.5 1 0 1
wood_woodstair002a
0 -248 -88 -377 0 -1 0 -230.19069 -59.5 1 0 1
0 -248 -88 -369 0 -1 0 -230.19069 -58.5 1 0 1
0 -320 -88 -369 0 -1 0 -231.68989 -58.5 1 0 1
wood_woodstair002a
0 -248 -88 -377 0 -1 0 -230.19069 -59.5 1 0 1
0 -320 -88 -369 0 -1 0 -231.68989 -58.5 1 0 1
0 -320 -88 -377 0 -1 0 -231.68989 -59.5 1 0 1
wood_woodstair002c
0 -248 -88 -377 0 0 -1 182.75 -344.765625 1 0 1
0 -320 -88 -377 0 0 -1 182.75 -347.015625 1 0 1
0 -320 -80 -377 0 0 -1 182.625 -347.015625 1 0 1
wood_woodstair002c
0 -248 -88 -377 0 0 -1 182.75 -344.765625 1 0 1
0 -320 -80 -377 0 0 -1 182.625 -347.015625 1 0 1
0 -248 -80 -377 0 0 -1 182.625 -344.765625 1 0 1
wood_woodstair002c
0 -320 -88 -369 0 0 1 182.75 -347.015625 1 0 1
0 -248 -88 -369 0 0 1 182.75 -344.765625 1 0 1
0 -248 -80 -369 0 0 1 182.625 -344.765625 1 0 1
wood_woodstair002c
0 -320 -88 -369 0 0 1 182.75 -347.015625 1 0 1
0 -248 -80 -369 0 0 1 182.625 -344.765625 1 0 1
0 -320 -80 -369 0 0 1 182.625 -347.015625 1 0 1
brick_brickwall031d
0 -206 -248 16 1 0 0 93.125 0.953125 1 0 1
0 -206 -248 -16 1 0 0 93.125 0.703125 1 0 1
0 -206 -8 -16 1 0 0 91.25 0.703125 1 0 1
brick_brickwall031d
0 -206 -248 16 1 0 0 93.125 0.953125 1 0 1
0 -206 -8 -16 1 0 0 91.25 0.703125 1 0 1
0 -206 -8 16 1 0 0 91.25 0.953125 1 0 1
concrete_concretefloor005a
0 -224 -248 16 0 0 1 92.554688 -86.132812 1 0 1
0 -206 -248 16 0 0 1 92.554688 -85.992188 1 0 1
0 -206 -8 16 0 0 1 90.679688 -85.992188 1 0 1
concrete_concretefloor005a
0 -224 -248 16 0 0 1 92.554688 -86.132812 1 0 1
0 -206 -8 16 0 0 1 90.679688 -85.992188 1 0 1
0 -224 -8 16 0 0 1 90.679688 -86.132812 1 0 1
gmod_tower_cafe_cafe_brick
0 -224 -8 16 -1 0 0 -91.355469 1.210938 1 0 1
0 -224 8 16 -1 0 0 -91.230469 1.210938 1 0 1
0 -224 8 -16 -1 0 0 -91.230469 0.960938 1 0 1
gmod_tower_cafe_cafe_brick
0 -224 -8 16 -1 0 0 -91.355469 1.210938 1 0 1
0 -224 8 -16 -1 0 0 -91.230469 0.960938 1 0 1
0 -224 -8 -16 -1 0 0 -91.355469 0.960938 1 0 1
brick_brickwall031d
0 225 -8 -16 1 0 0 91.25 0.703125 1 0 1
0 225 8 -16 1 0 0 91.125 0.703125 1 0 1
0 225 8 16 1 0 0 91.125 0.953125 1 0 1
brick_brickwall031d
0 225 -8 -16 1 0 0 91.25 0.703125 1 0 1
0 225 8 16 1 0 0 91.125 0.953125 1 0 1
0 225 -8 16 1 0 0 91.25 0.953125 1 0 1
pepsi2_arch_concrete_floor_smooth01
0 -224 -8 -16 0 0 -1 -90.8125 -85.421875 1 0 1
0 -224 8 -16 0 0 -1 -90.6875 -85.421875 1 0 1
0 225 8 -16 0 0 -1 -90.6875 -81.914062 1 0 1
pepsi2_arch_concrete_floor_smooth01
0 -224 -8 -16 0 0 -1 -90.8125 -85.421875 1 0 1
0 225 8 -16 0 0 -1 -90.6875 -81.914062 1 0 1
0 225 -8 -16 0 0 -1 -90.8125 -81.914062 1 0 1
concrete_concretefloor005a
0 225 -8 16 0 0 1 90.679688 -82.625 1 0 1
0 225 8 16 0 0 1 90.554688 -82.625 1 0 1
0 -224 8 16 0 0 1 90.554688 -86.132812 1 0 1
concrete_concretefloor005a
0 225 -8 16 0 0 1 90.679688 -82.625 1 0 1
0 -224 8 16 0 0 1 90.554688 -86.132812 1 0 1
0 -224 -8 16 0 0 1 90.679688 -86.132812 1 0 1
brick_brickwall031d
0 225 8 16 0 1 0 -83 0.953125 1 0 1
0 225 8 -16 0 1 0 -83 0.703125 1 0 1
0 -224 8 -16 0 1 0 -86.507812 0.703125 1 0 1
brick_brickwall031d
0 225 8 16 0 1 0 -83 0.953125 1 0 1
0 -224 8 -16 0 1 0 -86.507812 0.703125 1 0 1
0 -224 8 16 0 1 0 -86.507812 0.953125 1 0 1
brick_brickwall031d
0 225 -8 -16 0 -1 0 -83 0.703125 1 0 1
0 225 -8 16 0 -1 0 -83 0.953125 1 0 1
0 -224 -8 16 0 -1 0 -86.507812 0.953125 1 0 1
brick_brickwall031d
0 225 -8 -16 0 -1 0 -83 0.703125 1 0 1
0 -224 -8 16 0 -1 0 -86.507812 0.953125 1 0 1
0 -224 -8 -16 0 -1 0 -86.507812 0.703125 1 0 1
wood_woodstair002a
0 -248 -104 -224 0 1 0 -231.178971 -40.5 1 0 1
0 -248 -104 -232 0 1 0 -231.178971 -41.5 1 0 1
0 -320 -104 -232 0 1 0 -232.678172 -41.5 1 0 1
wood_woodstair002a
0 -248 -104 -224 0 1 0 -231.178971 -40.5 1 0 1
0 -320 -104 -232 0 1 0 -232.678172 -41.5 1 0 1
0 -320 -104 -224 0 1 0 -232.678172 -40.5 1 0 1
wood_woodstair002a
0 -248 -112 -232 0 -1 0 -231.178971 -41.5 1 0 1
0 -248 -112 -224 0 -1 0 -231.178971 -40.5 1 0 1
0 -320 -112 -224 0 -1 0 -232.678172 -40.5 1 0 1
wood_woodstair002a
0 -248 -112 -232 0 -1 0 -231.178971 -41.5 1 0 1
0 -320 -112 -224 0 -1 0 -232.678172 -40.5 1 0 1
0 -320 -112 -232 0 -1 0 -232.678172 -41.5 1 0 1
wood_woodstair002c
0 -248 -112 -232 0 0 -1 183.125 -345.75 1 0 1
0 -320 -112 -232 0 0 -1 183.125 -348 1 0 1
0 -320 -104 -232 0 0 -1 183 -348 1 0 1
wood_woodstair002c
0 -248 -112 -232 0 0 -1 183.125 -345.75 1 0 1
0 -320 -104 -232 0 0 -1 183 -348 1 0 1
0 -248 -104 -232 0 0 -1 183 -345.75 1 0 1
wood_woodstair002c
0 -320 -112 -224 0 0 1 183.125 -348 1 0 1
0 -248 -112 -224 0 0 1 183.125 -345.75 1 0 1
0 -248 -104 -224 0 0 1 183 -345.75 1 0 1
wood_woodstair002c
0 -320 -112 -224 0 0 1 183.125 -348 1 0 1
0 -248 -104 -224 0 0 1 183 -345.75 1 0 1
0 -320 -104 -224 0 0 1 183 -348 1 0 1
plaster_plasterwall029a
0 -366 -8 -118 0 1 0 -87.625 -0.328125 1 0 1
0 -366 -8 -120 0 1 0 -87.625 -0.34375 1 0 1
0 -414 -8 -120 0 1 0 -88 -0.34375 1 0 1
plaster_plasterwall029a
0 -366 -8 -118 0 1 0 -87.625 -0.328125 1 0 1
0 -414 -8 -120 0 1 0 -88 -0.34375 1 0 1
0 -414 -8 -118 0 1 0 -88 -0.328125 1 0 1
plaster_plasterwall029a
0 -366 -12 -120 0 -1 0 -87.625 -0.34375 1 0 1
0 -366 -12 -118 0 -1 0 -87.625 -0.328125 1 0 1
0 -414 -12 -118 0 -1 0 -88 -0.328125 1 0 1
plaster_plasterwall029a
0 -366 -12 -120 0 -1 0 -87.625 -0.34375 1 0 1
0 -414 -12 -118 0 -1 0 -88 -0.328125 1 0 1
0 -414 -12 -120 0 -1 0 -88 -0.34375 1 0 1
plaster_plasterwall029a
0 -414 -12 -120 -1 0 0 91.28125 -0.34375 1 0 1
0 -414 -12 -118 -1 0 0 91.28125 -0.328125 1 0 1
0 -414 -8 -118 -1 0 0 91.25 -0.328125 1 0 1
plaster_plasterwall029a
0 -414 -12 -120 -1 0 0 91.28125 -0.34375 1 0 1
0 -414 -8 -118 -1 0 0 91.25 -0.328125 1 0 1
0 -414 -8 -120 -1 0 0 91.25 -0.34375 1 0 1
plaster_plasterwall029a
0 -366 -12 -118 1 0 0 91.28125 -0.328125 1 0 1
0 -366 -12 -120 1 0 0 91.28125 -0.34375 1 0 1
0 -366 -8 -120 1 0 0 91.25 -0.34375 1 0 1
plaster_plasterwall029a
0 -366 -12 -118 1 0 0 91.28125 -0.328125 1 0 1
0 -366 -8 -120 1 0 0 91.25 -0.34375 1 0 1
0 -366 -8 -118 1 0 0 91.25 -0.328125 1 0 1
plaster_plasterwall029a
0 -366 -12 -120 0 0 -1 91.28125 -86.625 1 0 1
0 -414 -12 -120 0 0 -1 91.28125 -87 1 0 1
0 -414 -8 -120 0 0 -1 91.25 -87 1 0 1
plaster_plasterwall029a
0 -366 -12 -120 0 0 -1 91.28125 -86.625 1 0 1
0 -414 -8 -120 0 0 -1 91.25 -87 1 0 1
0 -366 -8 -120 0 0 -1 91.25 -86.625 1 0 1
plaster_plasterwall029a
0 -414 -12 -118 0 0 1 91.28125 -87 1 0 1
0 -366 -12 -118 0 0 1 91.28125 -86.625 1 0 1
0 -366 -8 -118 0 0 1 91.25 -86.625 1 0 1
plaster_plasterwall029a
0 -414 -12 -118 0 0 1 91.28125 -87 1 0 1
0 -366 -8 -118 0 0 1 91.25 -86.625 1 0 1
0 -414 -8 -118 0 0 1 91.25 -87 1 0 1
wood_woodshelf002a
0 -87 -16 -46 0 0 -1 174.542819 -96.560724 1 0 1
0 -167 -16 -46 0 0 -1 174.542819 -97.270952 1 0 1
0 -167 -8 -46 0 0 -1 174.422626 -97.270952 1 0 1
wood_woodshelf002a
0 -87 -16 -46 0 0 -1 174.542819 -96.560724 1 0 1
0 -167 -8 -46 0 0 -1 174.422626 -97.270952 1 0 1
0 -87 -8 -46 0 0 -1 174.422626 -96.560724 1 0 1
wood_woodshelf002a
0 -87 -8 -46 0 1 0 -164.66887 -0.161754 1 0 1
0 -167 -8 -46 0 1 0 -165.870793 -0.161754 1 0 1
0 -167 -8 -44 0 1 0 -165.870793 -0.143999 1 0 1
wood_woodshelf002a
0 -87 -8 -46 0 1 0 -164.66887 -0.161754 1 0 1
0 -167 -8 -44 0 1 0 -165.870793 -0.143999 1 0 1
0 -87 -8 -44 0 1 0 -164.66887 -0.143999 1 0 1
wood_woodshelf002a
0 -87 -16 -44 0 -1 0 -164.66887 -0.143999 1 0 1
0 -167 -16 -44 0 -1 0 -165.870793 -0.143999 1 0 1
0 -167 -16 -46 0 -1 0 -165.870793 -0.161754 1 0 1
wood_woodshelf002a
0 -87 -16 -44 0 -1 0 -164.66887 -0.143999 1 0 1
0 -167 -16 -46 0 -1 0 -165.870793 -0.161754 1 0 1
0 -87 -16 -46 0 -1 0 -164.66887 -0.161754 1 0 1
wood_woodshelf002a
0 -21 -8 -114 0 1 0 -163.677284 -0.765447 1 0 1
0 -23 -8 -114 0 1 0 -163.707332 -0.765447 1 0 1
0 -23 -8 -46 0 1 0 -163.707332 -0.161754 1 0 1
wood_woodshelf002a
0 -21 -8 -114 0 1 0 -163.677284 -0.765447 1 0 1
0 -23 -8 -46 0 1 0 -163.707332 -0.161754 1 0 1
0 -21 -8 -46 0 1 0 -163.677284 -0.161754 1 0 1
wood_woodshelf002a
0 -21 -16 -46 0 -1 0 -163.677284 -0.161754 1 0 1
0 -23 -16 -46 0 -1 0 -163.707332 -0.161754 1 0 1
0 -23 -16 -114 0 -1 0 -163.707332 -0.765447 1 0 1
wood_woodshelf002a
0 -21 -16 -46 0 -1 0 -163.677284 -0.161754 1 0 1
0 -23 -16 -114 0 -1 0 -163.707332 -0.765447 1 0 1
0 -21 -16 -114 0 -1 0 -163.677284 -0.765447 1 0 1
wood_woodshelf002a
0 -21 -16 -114 1 0 0 174.542819 -0.765447 1 0 1
0 -21 -8 -114 1 0 0 174.422626 -0.765447 1 0 1
0 -21 -8 -46 1 0 0 174.422626 -0.161754 1 0 1
wood_woodshelf002a
0 -21 -16 -114 1 0 0 174.542819 -0.765447 1 0 1
0 -21 -8 -46 1 0 0 174.422626 -0.161754 1 0 1
0 -21 -16 -46 1 0 0 174.542819 -0.161754 1 0 1
wood_woodstair002c
0 -320 -96 -369 0 0 -1 182.875 -347.015625 1 0 1
0 -320 -88 -369 0 0 -1 182.75 -347.015625 1 0 1
0 -248 -88 -369 0 0 -1 182.75 -344.765625 1 0 1
wood_woodstair002c
0 -320 -96 -369 0 0 -1 182.875 -347.015625 1 0 1
0 -248 -88 -369 0 0 -1 182.75 -344.765625 1 0 1
0 -248 -96 -369 0 0 -1 182.875 -344.765625 1 0 1
wood_woodstair002c
0 -248 -96 -361 0 0 1 182.875 -344.765625 1 0 1
0 -248 -88 -361 0 0 1 182.75 -344.765625 1 0 1
0 -320 -88 -361 0 0 1 182.75 -347.015625 1 0 1
wood_woodstair002c
0 -248 -96 -361 0 0 1 182.875 -344.765625 1 0 1
0 -320 -88 -361 0 0 1 182.75 -347.015625 1 0 1
0 -320 -96 -361 0 0 1 182.875 -347.015625 1 0 1
wood_woodstair002a
0 -248 -88 -361 0 1 0 -230.19069 -57.5 1 0 1
0 -248 -88 -369 0 1 0 -230.19069 -58.5 1 0 1
0 -320 -88 -369 0 1 0 -231.68989 -58.5 1 0 1
wood_woodstair002a
0 -248 -88 -361 0 1 0 -230.19069 -57.5 1 0 1
0 -320 -88 -369 0 1 0 -231.68989 -58.5 1 0 1
0 -320 -88 -361 0 1 0 -231.68989 -57.5 1 0 1
wood_woodstair002a
0 -248 -96 -369 0 -1 0 -230.19069 -58.5 1 0 1
0 -248 -96 -361 0 -1 0 -230.19069 -57.5 1 0 1
0 -320 -96 -361 0 -1 0 -231.68989 -57.5 1 0 1
wood_woodstair002a
0 -248 -96 -369 0 -1 0 -230.19069 -58.5 1 0 1
0 -320 -96 -361 0 -1 0 -231.68989 -57.5 1 0 1
0 -320 -96 -369 0 -1 0 -231.68989 -58.5 1 0 1
wood_woodstair002a
0 -248 -88 -240 0 1 0 -231.178971 -42.5 1 0 1
0 -248 -88 -248 0 1 0 -231.178971 -43.5 1 0 1
0 -320 -88 -248 0 1 0 -232.678172 -43.5 1 0 1
wood_woodstair002a
0 -248 -88 -240 0 1 0 -231.178971 -42.5 1 0 1
0 -320 -88 -248 0 1 0 -232.678172 -43.5 1 0 1
0 -320 -88 -240 0 1 0 -232.678172 -42.5 1 0 1
wood_woodstair002a
0 -248 -96 -248 0 -1 0 -231.178971 -43.5 1 0 1
0 -248 -96 -240 0 -1 0 -231.178971 -42.5 1 0 1
0 -320 -96 -240 0 -1 0 -232.678172 -42.5 1 0 1
wood_woodstair002a
0 -248 -96 -248 0 -1 0 -231.178971 -43.5 1 0 1
0 -320 -96 -240 0 -1 0 -232.678172 -42.5 1 0 1
0 -320 -96 -248 0 -1 0 -232.678172 -43.5 1 0 1
wood_woodstair002c
0 -248 -96 -248 0 0 -1 182.875 -345.75 1 0 1
0 -320 -96 -248 0 0 -1 182.875 -348 1 0 1
0 -320 -88 -248 0 0 -1 182.75 -348 1 0 1
wood_woodstair002c
0 -248 -96 -248 0 0 -1 182.875 -345.75 1 0 1
0 -320 -88 -248 0 0 -1 182.75 -348 1 0 1
0 -248 -88 -248 0 0 -1 182.75 -345.75 1 0 1
wood_woodstair002c
0 -320 -96 -240 0 0 1 182.875 -348 1 0 1
0 -248 -96 -240 0 0 1 182.875 -345.75 1 0 1
0 -248 -88 -240 0 0 1 182.75 -345.75 1 0 1
wood_woodstair002c
0 -320 -96 -240 0 0 1 182.875 -348 1 0 1
0 -248 -88 -240 0 0 1 182.75 -345.75 1 0 1
0 -320 -88 -240 0 0 1 182.75 -348 1 0 1
wood_wooddoor032a
0 25 -8 -164 0 1 0 169.0625 -1.15625 1 0 1
0 -23 -8 -164 0 1 0 169.8125 -1.15625 1 0 1
0 -27 -8 -160 0 1 0 169.875 -1.125 1 0 1
wood_wooddoor032a
0 25 -8 -164 0 1 0 169.0625 -1.15625 1 0 1
0 -27 -8 -160 0 1 0 169.875 -1.125 1 0 1
0 29 -8 -160 0 1 0 169 -1.125 1 0 1
wood_wooddoor032a
0 29 -16 -160 0 -1 0 -169.125 -1.125 1 0 1
0 -27 -16 -160 0 -1 0 -170 -1.125 1 0 1
0 -23 -16 -164 0 -1 0 -169.9375 -1.15625 1 0 1
wood_wooddoor032a
0 29 -16 -160 0 -1 0 -169.125 -1.125 1 0 1
0 -23 -16 -164 0 -1 0 -169.9375 -1.15625 1 0 1
0 25 -16 -164 0 -1 0 -169.1875 -1.15625 1 0 1
wood_wooddoor032a
0 25 -16 -164 0 0 -1 181.203125 -83.625 1 0 1
0 -23 -16 -164 0 0 -1 181.203125 -84 1 0 1
0 -23 -8 -164 0 0 -1 181.078125 -84 1 0 1
wood_wooddoor032a
0 25 -16 -164 0 0 -1 181.203125 -83.625 1 0 1
0 -23 -8 -164 0 0 -1 181.078125 -84 1 0 1
0 25 -8 -164 0 0 -1 181.078125 -83.625 1 0 1
wood_woodshelf002a
0 25 -8 -44 0 1 0 -162.986178 -0.143999 1 0 1
0 25 -8 -46 0 1 0 -162.986178 -0.161754 1 0 1
0 -23 -8 -46 0 1 0 -163.707332 -0.161754 1 0 1
wood_woodshelf002a
0 25 -8 -44 0 1 0 -162.986178 -0.143999 1 0 1
0 -23 -8 -46 0 1 0 -163.707332 -0.161754 1 0 1
0 -23 -8 -44 0 1 0 -163.707332 -0.143999 1 0 1
wood_woodshelf002a
0 25 -16 -46 0 -1 0 -162.986178 -0.161754 1 0 1
0 25 -16 -44 0 -1 0 -162.986178 -0.143999 1 0 1
0 -23 -16 -44 0 -1 0 -163.707332 -0.143999 1 0 1
wood_woodshelf002a
0 25 -16 -46 0 -1 0 -162.986178 -0.161754 1 0 1
0 -23 -16 -44 0 -1 0 -163.707332 -0.143999 1 0 1
0 -23 -16 -46 0 -1 0 -163.707332 -0.161754 1 0 1
wood_woodshelf002a
0 25 -16 -46 0 0 -1 174.542819 -95.566406 1 0 1
0 -23 -16 -46 0 0 -1 174.542819 -95.992543 1 0 1
0 -23 -8 -46 0 0 -1 174.422626 -95.992543 1 0 1
wood_woodshelf002a
0 25 -16 -46 0 0 -1 174.542819 -95.566406 1 0 1
0 -23 -8 -46 0 0 -1 174.422626 -95.992543 1 0 1
0 25 -8 -46 0 0 -1 174.422626 -95.566406 1 0 1
wood_woodstair002c
0 -320 -80 -264 0 0 -1 182.625 -348 1 0 1
0 -320 -72 -264 0 0 -1 182.5 -348 1 0 1
0 -248 -72 -264 0 0 -1 182.5 -345.75 1 0 1
wood_woodstair002c
0 -320 -80 -264 0 0 -1 182.625 -348 1 0 1
0 -248 -72 -264 0 0 -1 182.5 -345.75 1 0 1
0 -248 -80 -264 0 0 -1 182.625 -345.75 1 0 1
wood_woodstair002c
0 -248 -80 -256 0 0 1 182.625 -345.75 1 0 1
0 -248 -72 -256 0 0 1 182.5 -345.75 1 0 1
0 -320 -72 -256 0 0 1 182.5 -348 1 0 1
wood_woodstair002c
0 -248 -80 -256 0 0 1 182.625 -345.75 1 0 1
0 -320 -72 -256 0 0 1 182.5 -348 1 0 1
0 -320 -80 -256 0 0 1 182.625 -348 1 0 1
wood_woodstair002a
0 -248 -72 -256 0 1 0 -231.178971 -44.5 1 0 1
0 -248 -72 -264 0 1 0 -231.178971 -45.5 1 0 1
0 -320 -72 -264 0 1 0 -232.678172 -45.5 1 0 1
wood_woodstair002a
0 -248 -72 -256 0 1 0 -231.178971 -44.5 1 0 1
0 -320 -72 -264 0 1 0 -232.678172 -45.5 1 0 1
0 -320 -72 -256 0 1 0 -232.678172 -44.5 1 0 1
wood_woodstair002a
0 -248 -80 -264 0 -1 0 -231.178971 -45.5 1 0 1
0 -248 -80 -256 0 -1 0 -231.178971 -44.5 1 0 1
0 -320 -80 -256 0 -1 0 -232.678172 -44.5 1 0 1
wood_woodstair002a
0 -248 -80 -264 0 -1 0 -231.178971 -45.5 1 0 1
0 -320 -80 -256 0 -1 0 -232.678172 -44.5 1 0 1
0 -320 -80 -264 0 -1 0 -232.678172 -45.5 1 0 1
plaster_plasterwall029a
0 -366 -8 -46 0 1 0 -87.859375 -0.234375 1 0 1
0 -366 -8 -118 0 1 0 -87.859375 -0.796875 1 0 1
0 -368 -8 -118 0 1 0 -87.875 -0.796875 1 0 1
plaster_plasterwall029a
0 -366 -8 -46 0 1 0 -87.859375 -0.234375 1 0 1
0 -368 -8 -118 0 1 0 -87.875 -0.796875 1 0 1
0 -368 -8 -46 0 1 0 -87.875 -0.234375 1 0 1
plaster_plasterwall029a
0 -366 -12 -118 0 -1 0 -87.625 -0.328125 1 0 1
0 -366 -12 -46 0 -1 0 -87.625 0.234375 1 0 1
0 -368 -12 -46 0 -1 0 -87.640625 0.234375 1 0 1
plaster_plasterwall029a
0 -366 -12 -118 0 -1 0 -87.625 -0.328125 1 0 1
0 -368 -12 -46 0 -1 0 -87.640625 0.234375 1 0 1
0 -368 -12 -118 0 -1 0 -87.640625 -0.328125 1 0 1
plaster_plasterwall029a
0 -368 -12 -118 -1 0 0 91.28125 -0.328125 1 0 1
0 -368 -12 -46 -1 0 0 91.28125 0.234375 1 0 1
0 -368 -8 -46 -1 0 0 91.25 0.234375 1 0 1
plaster_plasterwall029a
0 -368 -12 -118 -1 0 0 91.28125 -0.328125 1 0 1
0 -368 -8 -46 -1 0 0 91.25 0.234375 1 0 1
0 -368 -8 -118 -1 0 0 91.25 -0.328125 1 0 1
plaster_plasterwall029a
0 -366 -12 -46 1 0 0 91.28125 0.234375 1 0 1
0 -366 -12 -118 1 0 0 91.28125 -0.328125 1 0 1
0 -366 -8 -118 1 0 0 91.25 -0.328125 1 0 1
plaster_plasterwall029a
0 -366 -12 -46 1 0 0 91.28125 0.234375 1 0 1
0 -366 -8 -118 1 0 0 91.25 -0.328125 1 0 1
0 -366 -8 -46 1 0 0 91.25 0.234375 1 0 1
plaster_plasterwall029a
0 -366 -12 -118 0 0 -1 91.28125 -86.625 1 0 1
0 -368 -12 -118 0 0 -1 91.28125 -86.640625 1 0 1
0 -368 -8 -118 0 0 -1 91.25 -86.640625 1 0 1
plaster_plasterwall029a
0 -366 -12 -118 0 0 -1 91.28125 -86.625 1 0 1
0 -368 -8 -118 0 0 -1 91.25 -86.640625 1 0 1
0 -366 -8 -118 0 0 -1 91.25 -86.625 1 0 1
plaster_plasterwall029a
0 -368 -12 -46 0 0 1 91.28125 -86.640625 1 0 1
0 -366 -12 -46 0 0 1 91.28125 -86.625 1 0 1
0 -366 -8 -46 0 0 1 91.25 -86.625 1 0 1
plaster_plasterwall029a
0 -368 -12 -46 0 0 1 91.28125 -86.640625 1 0 1
0 -366 -8 -46 0 0 1 91.25 -86.625 1 0 1
0 -368 -8 -46 0 0 1 91.25 -86.640625 1 0 1
brick_brickwall053e
0 -224 8 -16 0 1 0 -86.507812 0.75 1 0 1
0 -224 8 -48 0 1 0 -86.507812 0.5 1 0 1
0 -247 8 -48 0 1 0 -86.6875 0.5 1 0 1
brick_brickwall053e
0 -224 8 -16 0 1 0 -86.507812 0.75 1 0 1
0 -247 8 -48 0 1 0 -86.6875 0.5 1 0 1
0 -247 8 -16 0 1 0 -86.6875 0.75 1 0 1
brick_brickwall053e
0 -247 -8 -48 -1 0 0 91.25 0.5 1 0 1
0 -247 -8 -16 -1 0 0 91.25 0.75 1 0 1
0 -247 8 -16 -1 0 0 91.125 0.75 1 0 1
brick_brickwall053e
0 -247 -8 -48 -1 0 0 91.25 0.5 1 0 1
0 -247 8 -16 -1 0 0 91.125 0.75 1 0 1
0 -247 8 -48 -1 0 0 91.125 0.5 1 0 1
brick_brickwall053e
0 -224 -8 -16 1 0 0 91.25 0.75 1 0 1
0 -224 -8 -48 1 0 0 91.25 0.5 1 0 1
0 -224 8 -48 1 0 0 91.125 0.5 1 0 1
brick_brickwall053e
0 -224 -8 -16 1 0 0 91.25 0.75 1 0 1
0 -224 8 -48 1 0 0 91.125 0.5 1 0 1
0 -224 8 -16 1 0 0 91.125 0.75 1 0 1
wood_woodshelf002a
0 -87 -8 -174 0 1 0 -164.66887 -1.298118 1 0 1
0 -87 -8 -242 0 1 0 -164.66887 -1.901811 1 0 1
0 -89 -8 -242 0 1 0 -164.698918 -1.901811 1 0 1
wood_woodshelf002a
0 -87 -8 -174 0 1 0 -164.66887 -1.298118 1 0 1
0 -89 -8 -242 0 1 0 -164.698918 -1.901811 1 0 1
0 -89 -8 -174 0 1 0 -164.698918 -1.298118 1 0 1
wood_woodshelf002a
0 -87 -16 -242 0 -1 0 -164.66887 -1.901811 1 0 1
0 -87 -16 -174 0 -1 0 -164.66887 -1.298118 1 0 1
0 -89 -16 -174 0 -1 0 -164.698918 -1.298118 1 0 1
wood_woodshelf002a
0 -87 -16 -242 0 -1 0 -164.66887 -1.901811 1 0 1
0 -89 -16 -174 0 -1 0 -164.698918 -1.298118 1 0 1
0 -89 -16 -242 0 -1 0 -164.698918 -1.901811 1 0 1
wood_woodshelf002a
0 -89 -16 -242 -1 0 0 174.542819 -1.901811 1 0 1
0 -89 -16 -174 -1 0 0 174.542819 -1.298118 1 0 1
0 -89 -8 -174 -1 0 0 174.422626 -1.298118 1 0 1
wood_woodshelf002a
0 -89 -16 -242 -1 0 0 174.542819 -1.901811 1 0 1
0 -89 -8 -174 -1 0 0 174.422626 -1.298118 1 0 1
0 -89 -8 -242 -1 0 0 174.422626 -1.901811 1 0 1
wood_woodstair002a
0 -248 -96 -353 0 1 0 -230.19069 -56.5 1 0 1
0 -248 -96 -361 0 1 0 -230.19069 -57.5 1 0 1
0 -320 -96 -361 0 1 0 -231.68989 -57.5 1 0 1
wood_woodstair002a
0 -248 -96 -353 0 1 0 -230.19069 -56.5 1 0 1
0 -320 -96 -361 0 1 0 -231.68989 -57.5 1 0 1
0 -320 -96 -353 0 1 0 -231.68989 -56.5 1 0 1
wood_woodstair002a
0 -248 -104 -361 0 -1 0 -230.19069 -57.5 1 0 1
0 -248 -104 -353 0 -1 0 -230.19069 -56.5 1 0 1
0 -320 -104 -353 0 -1 0 -231.68989 -56.5 1 0 1
wood_woodstair002a
0 -248 -104 -361 0 -1 0 -230.19069 -57.5 1 0 1
0 -320 -104 -353 0 -1 0 -231.68989 -56.5 1 0 1
0 -320 -104 -361 0 -1 0 -231.68989 -57.5 1 0 1
wood_woodstair002c
0 -248 -104 -361 0 0 -1 183 -344.765625 1 0 1
0 -320 -104 -361 0 0 -1 183 -347.015625 1 0 1
0 -320 -96 -361 0 0 -1 182.875 -347.015625 1 0 1
wood_woodstair002c
0 -248 -104 -361 0 0 -1 183 -344.765625 1 0 1
0 -320 -96 -361 0 0 -1 182.875 -347.015625 1 0 1
0 -248 -96 -361 0 0 -1 182.875 -344.765625 1 0 1
wood_woodstair002c
0 -320 -104 -353 0 0 1 183 -347.015625 1 0 1
0 -248 -104 -353 0 0 1 183 -344.765625 1 0 1
0 -248 -96 -353 0 0 1 182.875 -344.765625 1 0 1
wood_woodstair002c
0 -320 -104 -353 0 0 1 183 -347.015625 1 0 1
0 -248 -96 -353 0 0 1 182.875 -344.765625 1 0 1
0 -320 -96 -353 0 0 1 182.875 -347.015625 1 0 1
plaster_plasterwall029a
0 -314 -12 -174 -1 0 0 91.28125 -0.765625 1 0 1
0 -314 -8 -174 -1 0 0 91.25 -0.765625 1 0 1
0 -314 -8 -246 -1 0 0 91.25 -1.328125 1 0 1
plaster_plasterwall029a
0 -314 -12 -174 -1 0 0 91.28125 -0.765625 1 0 1
0 -314 -8 -246 -1 0 0 91.25 -1.328125 1 0 1
0 -314 -12 -246 -1 0 0 91.28125 -1.328125 1 0 1
plaster_plasterwall029a
0 -312 -12 -246 1 0 0 91.28125 -1.328125 1 0 1
0 -312 -8 -246 1 0 0 91.25 -1.328125 1 0 1
0 -312 -8 -174 1 0 0 91.25 -0.765625 1 0 1
plaster_plasterwall029a
0 -312 -12 -246 1 0 0 91.28125 -1.328125 1 0 1
0 -312 -8 -174 1 0 0 91.25 -0.765625 1 0 1
0 -312 -12 -174 1 0 0 91.28125 -0.765625 1 0 1
plaster_plasterwall029a
0 -314 -12 -246 0 0 -1 91.28125 -86.21875 1 0 1
0 -314 -8 -246 0 0 -1 91.25 -86.21875 1 0 1
0 -312 -8 -246 0 0 -1 91.25 -86.203125 1 0 1
plaster_plasterwall029a
0 -314 -12 -246 0 0 -1 91.28125 -86.21875 1 0 1
0 -312 -8 -246 0 0 -1 91.25 -86.203125 1 0 1
0 -312 -12 -246 0 0 -1 91.28125 -86.203125 1 0 1
plaster_plasterwall029a
0 -312 -12 -174 0 0 1 91.28125 -86.203125 1 0 1
0 -312 -8 -174 0 0 1 91.25 -86.203125 1 0 1
0 -314 -8 -174 0 0 1 91.25 -86.21875 1 0 1
plaster_plasterwall029a
0 -312 -12 -174 0 0 1 91.28125 -86.203125 1 0 1
0 -314 -8 -174 0 0 1 91.25 -86.21875 1 0 1
0 -314 -12 -174 0 0 1 91.28125 -86.21875 1 0 1
plaster_plasterwall029a
0 -312 -8 -174 0 1 0 -87.203125 -0.765625 1 0 1
0 -312 -8 -246 0 1 0 -87.203125 -1.328125 1 0 1
0 -314 -8 -246 0 1 0 -87.21875 -1.328125 1 0 1
plaster_plasterwall029a
0 -312 -8 -174 0 1 0 -87.203125 -0.765625 1 0 1
0 -314 -8 -246 0 1 0 -87.21875 -1.328125 1 0 1
0 -314 -8 -174 0 1 0 -87.21875 -0.765625 1 0 1
plaster_plasterwall029a
0 -312 -12 -246 0 -1 0 -87.203125 -1.328125 1 0 1
0 -312 -12 -174 0 -1 0 -87.203125 -0.765625 1 0 1
0 -314 -12 -174 0 -1 0 -87.21875 -0.765625 1 0 1
plaster_plasterwall029a
0 -312 -12 -246 0 -1 0 -87.203125 -1.328125 1 0 1
0 -314 -12 -174 0 -1 0 -87.21875 -0.765625 1 0 1
0 -314 -12 -246 0 -1 0 -87.21875 -1.328125 1 0 1
wood_woodstair002a
0 -248 -144 -305 0 1 0 -230.19069 -50.5 1 0 1
0 -248 -144 -313 0 1 0 -230.19069 -51.5 1 0 1
0 -320 -144 -313 0 1 0 -231.68989 -51.5 1 0 1
wood_woodstair002a
0 -248 -144 -305 0 1 0 -230.19069 -50.5 1 0 1
0 -320 -144 -313 0 1 0 -231.68989 -51.5 1 0 1
0 -320 -144 -305 0 1 0 -231.68989 -50.5 1 0 1
wood_woodstair002a
0 -248 -152 -313 0 -1 0 -230.19069 -51.5 1 0 1
0 -248 -152 -305 0 -1 0 -230.19069 -50.5 1 0 1
0 -320 -152 -305 0 -1 0 -231.68989 -50.5 1 0 1
wood_woodstair002a
0 -248 -152 -313 0 -1 0 -230.19069 -51.5 1 0 1
0 -320 -152 -305 0 -1 0 -231.68989 -50.5 1 0 1
0 -320 -152 -313 0 -1 0 -231.68989 -51.5 1 0 1
wood_woodstair002c
0 -248 -152 -313 0 0 -1 183.375 -344.765625 1 0 1
0 -320 -152 -313 0 0 -1 183.375 -347.015625 1 0 1
0 -320 -144 -313 0 0 -1 183.25 -347.015625 1 0 1
wood_woodstair002c
0 -248 -152 -313 0 0 -1 183.375 -344.765625 1 0 1
0 -320 -144 -313 0 0 -1 183.25 -347.015625 1 0 1
0 -248 -144 -313 0 0 -1 183.25 -344.765625 1 0 1
wood_woodstair002c
0 -320 -152 -305 0 0 1 183.375 -347.015625 1 0 1
0 -248 -152 -305 0 0 1 183.375 -344.765625 1 0 1
0 -248 -144 -305 0 0 1 183.25 -344.765625 1 0 1
wood_woodstair002c
0 -320 -152 -305 0 0 1 183.375 -347.015625 1 0 1
0 -248 -144 -305 0 0 1 183.25 -344.765625 1 0 1
0 -320 -144 -305 0 0 1 183.25 -347.015625 1 0 1
wood_woodstair002a
0 -248 -128 -72 0 1 0 -231.178971 -21.5 1 0 1
0 -248 -128 -80 0 1 0 -231.178971 -22.5 1 0 1
0 -320 -128 -80 0 1 0 -232.678172 -22.5 1 0 1
wood_woodstair002a
0 -248 -128 -72 0 1 0 -231.178971 -21.5 1 0 1
0 -320 -128 -80 0 1 0 -232.678172 -22.5 1 0 1
0 -320 -128 -72 0 1 0 -232.678172 -21.5 1 0 1
wood_woodstair002a
0 -248 -136 -80 0 -1 0 -231.178971 -22.5 1 0 1
0 -248 -136 -72 0 -1 0 -231.178971 -21.5 1 0 1
0 -320 -136 -72 0 -1 0 -232.678172 -21.5 1 0 1
wood_woodstair002a
0 -248 -136 -80 0 -1 0 -231.178971 -22.5 1 0 1
0 -320 -136 -72 0 -1 0 -232.678172 -21.5 1 0 1
0 -320 -136 -80 0 -1 0 -232.678172 -22.5 1 0 1
wood_woodstair002c
0 -248 -136 -80 0 0 -1 183.5 -345.75 1 0 1
0 -320 -136 -80 0 0 -1 183.5 -348 1 0 1
0 -320 -128 -80 0 0 -1 183.375 -348 1 0 1
wood_woodstair002c
0 -248 -136 -80 0 0 -1 183.5 -345.75 1 0 1
0 -320 -128 -80 0 0 -1 183.375 -348 1 0 1
0 -248 -128 -80 0 0 -1 183.375 -345.75 1 0 1
wood_woodstair002c
0 -320 -136 -72 0 0 1 183.5 -348 1 0 1
0 -248 -136 -72 0 0 1 183.5 -345.75 1 0 1
0 -248 -128 -72 0 0 1 183.375 -345.75 1 0 1
wood_woodstair002c
0 -320 -136 -72 0 0 1 183.5 -348 1 0 1
0 -248 -128 -72 0 0 1 183.375 -345.75 1 0 1
0 -320 -128 -72 0 0 1 183.375 -348 1 0 1
wood_woodstair002c
0 -248 -120 -96 0 0 -1 183.25 -345.75 1 0 1
0 -320 -120 -96 0 0 -1 183.25 -348 1 0 1
0 -320 -112 -96 0 0 -1 183.125 -348 1 0 1
wood_woodstair002c
0 -248 -120 -96 0 0 -1 183.25 -345.75 1 0 1
0 -320 -112 -96 0 0 -1 183.125 -348 1 0 1
0 -248 -112 -96 0 0 -1 183.125 -345.75 1 0 1
wood_woodstair002c
0 -320 -120 -88 0 0 1 183.25 -348 1 0 1
0 -248 -120 -88 0 0 1 183.25 -345.75 1 0 1
0 -248 -112 -88 0 0 1 183.125 -345.75 1 0 1
wood_woodstair002c
0 -320 -120 -88 0 0 1 183.25 -348 1 0 1
0 -248 -112 -88 0 0 1 183.125 -345.75 1 0 1
0 -320 -112 -88 0 0 1 183.125 -348 1 0 1
wood_woodstair002a
0 -248 -112 -96 0 1 0 -231.178971 -24.5 1 0 1
0 -320 -112 -96 0 1 0 -232.678172 -24.5 1 0 1
0 -320 -112 -88 0 1 0 -232.678172 -23.5 1 0 1
wood_woodstair002a
0 -248 -112 -96 0 1 0 -231.178971 -24.5 1 0 1
0 -320 -112 -88 0 1 0 -232.678172 -23.5 1 0 1
0 -248 -112 -88 0 1 0 -231.178971 -23.5 1 0 1
wood_woodstair002a
0 -248 -120 -88 0 -1 0 -231.178971 -23.5 1 0 1
0 -320 -120 -88 0 -1 0 -232.678172 -23.5 1 0 1
0 -320 -120 -96 0 -1 0 -232.678172 -24.5 1 0 1
wood_woodstair002a
0 -248 -120 -88 0 -1 0 -231.178971 -23.5 1 0 1
0 -320 -120 -96 0 -1 0 -232.678172 -24.5 1 0 1
0 -248 -120 -96 0 -1 0 -231.178971 -24.5 1 0 1
wood_woodshelf002a
0 -87 -16 -114 0 0 1 174.542819 -96.560724 1 0 1
0 -87 -8 -114 0 0 1 174.422626 -96.560724 1 0 1
0 -167 -8 -114 0 0 1 174.422626 -97.270952 1 0 1
wood_woodshelf002a
0 -87 -16 -114 0 0 1 174.542819 -96.560724 1 0 1
0 -167 -8 -114 0 0 1 174.422626 -97.270952 1 0 1
0 -167 -16 -114 0 0 1 174.542819 -97.270952 1 0 1
wood_woodshelf002a
0 -87 -8 -114 0 1 0 -164.66887 -0.765447 1 0 1
0 -87 -8 -116 0 1 0 -164.66887 -0.783203 1 0 1
0 -167 -8 -116 0 1 0 -165.870793 -0.783203 1 0 1
wood_woodshelf002a
0 -87 -8 -114 0 1 0 -164.66887 -0.765447 1 0 1
0 -167 -8 -116 0 1 0 -165.870793 -0.783203 1 0 1
0 -167 -8 -114 0 1 0 -165.870793 -0.765447 1 0 1
wood_woodshelf002a
0 -87 -16 -116 0 -1 0 -164.66887 -0.783203 1 0 1
0 -87 -16 -114 0 -1 0 -164.66887 -0.765447 1 0 1
0 -167 -16 -114 0 -1 0 -165.870793 -0.765447 1 0 1
wood_woodshelf002a
0 -87 -16 -116 0 -1 0 -164.66887 -0.783203 1 0 1
0 -167 -16 -114 0 -1 0 -165.870793 -0.765447 1 0 1
0 -167 -16 -116 0 -1 0 -165.870793 -0.783203 1 0 1
wood_woodshelf002a
0 -126 -8 -46 0 1 0 -165.254808 -0.161754 1 0 1
0 -126 -8 -114 0 1 0 -165.254808 -0.765447 1 0 1
0 -128 -8 -114 0 1 0 -165.284856 -0.765447 1 0 1
wood_woodshelf002a
0 -126 -8 -46 0 1 0 -165.254808 -0.161754 1 0 1
0 -128 -8 -114 0 1 0 -165.284856 -0.765447 1 0 1
0 -128 -8 -46 0 1 0 -165.284856 -0.161754 1 0 1
wood_woodshelf002a
0 -126 -12 -114 0 -1 0 -165.254808 -0.765447 1 0 1
0 -126 -12 -46 0 -1 0 -165.254808 -0.161754 1 0 1
0 -128 -12 -46 0 -1 0 -165.284856 -0.161754 1 0 1
wood_woodshelf002a
0 -126 -12 -114 0 -1 0 -165.254808 -0.765447 1 0 1
0 -128 -12 -46 0 -1 0 -165.284856 -0.161754 1 0 1
0 -128 -12 -114 0 -1 0 -165.284856 -0.765447 1 0 1
wood_woodshelf002a
0 -128 -12 -114 -1 0 0 174.482722 -0.765447 1 0 1
0 -128 -12 -46 -1 0 0 174.482722 -0.161754 1 0 1
0 -128 -8 -46 -1 0 0 174.422626 -0.161754 1 0 1
wood_woodshelf002a
0 -128 -12 -114 -1 0 0 174.482722 -0.765447 1 0 1
0 -128 -8 -46 -1 0 0 174.422626 -0.161754 1 0 1
0 -128 -8 -114 -1 0 0 174.422626 -0.765447 1 0 1
wood_woodshelf002a
0 -126 -12 -46 1 0 0 174.482722 -0.161754 1 0 1
0 -126 -12 -114 1 0 0 174.482722 -0.765447 1 0 1
0 -126 -8 -114 1 0 0 174.422626 -0.765447 1 0 1
wood_woodshelf002a
0 -126 -12 -46 1 0 0 174.482722 -0.161754 1 0 1
0 -126 -8 -114 1 0 0 174.422626 -0.765447 1 0 1
0 -126 -8 -46 1 0 0 174.422626 -0.161754 1 0 1
wood_woodshelf002a
0 -165 -8 -174 0 1 0 -165.840745 -1.298118 1 0 1
0 -165 -8 -242 0 1 0 -165.840745 -1.901811 1 0 1
0 -167 -8 -242 0 1 0 -165.870793 -1.901811 1 0 1
wood_woodshelf002a
0 -165 -8 -174 0 1 0 -165.840745 -1.298118 1 0 1
0 -167 -8 -242 0 1 0 -165.870793 -1.901811 1 0 1
0 -167 -8 -174 0 1 0 -165.870793 -1.298118 1 0 1
wood_woodshelf002a
0 -165 -16 -242 0 -1 0 -165.840745 -1.901811 1 0 1
0 -165 -16 -174 0 -1 0 -165.840745 -1.298118 1 0 1
0 -167 -16 -174 0 -1 0 -165.870793 -1.298118 1 0 1
wood_woodshelf002a
0 -165 -16 -242 0 -1 0 -165.840745 -1.901811 1 0 1
0 -167 -16 -174 0 -1 0 -165.870793 -1.298118 1 0 1
0 -167 -16 -242 0 -1 0 -165.870793 -1.901811 1 0 1
wood_woodshelf002a
0 -165 -16 -174 1 0 0 174.542819 -1.298118 1 0 1
0 -165 -16 -242 1 0 0 174.542819 -1.901811 1 0 1
0 -165 -8 -242 1 0 0 174.422626 -1.901811 1 0 1
wood_woodshelf002a
0 -165 -16 -174 1 0 0 174.542819 -1.298118 1 0 1
0 -165 -8 -242 1 0 0 174.422626 -1.901811 1 0 1
0 -165 -8 -174 1 0 0 174.422626 -1.298118 1 0 1
plaster_plasterwall029a
0 -366 -8 -246 0 1 0 -87.625 -1.328125 1 0 1
0 -366 -8 -248 0 1 0 -87.625 -1.34375 1 0 1
0 -414 -8 -248 0 1 0 -88 -1.34375 1 0 1
plaster_plasterwall029a
0 -366 -8 -246 0 1 0 -87.625 -1.328125 1 0 1
0 -414 -8 -248 0 1 0 -88 -1.34375 1 0 1
0 -414 -8 -246 0 1 0 -88 -1.328125 1 0 1
plaster_plasterwall029a
0 -366 -12 -248 0 -1 0 -87.625 -1.34375 1 0 1
0 -366 -12 -246 0 -1 0 -87.625 -1.328125 1 0 1
0 -414 -12 -246 0 -1 0 -88 -1.328125 1 0 1
plaster_plasterwall029a
0 -366 -12 -248 0 -1 0 -87.625 -1.34375 1 0 1
0 -414 -12 -246 0 -1 0 -88 -1.328125 1 0 1
0 -414 -12 -248 0 -1 0 -88 -1.34375 1 0 1
plaster_plasterwall029a
0 -414 -12 -248 -1 0 0 91.28125 -1.34375 1 0 1
0 -414 -12 -246 -1 0 0 91.28125 -1.328125 1 0 1
0 -414 -8 -246 -1 0 0 91.25 -1.328125 1 0 1
plaster_plasterwall029a
0 -414 -12 -248 -1 0 0 91.28125 -1.34375 1 0 1
0 -414 -8 -246 -1 0 0 91.25 -1.328125 1 0 1
0 -414 -8 -248 -1 0 0 91.25 -1.34375 1 0 1
plaster_plasterwall029a
0 -366 -12 -246 1 0 0 91.28125 -1.328125 1 0 1
0 -366 -12 -248 1 0 0 91.28125 -1.34375 1 0 1
0 -366 -8 -248 1 0 0 91.25 -1.34375 1 0 1
plaster_plasterwall029a
0 -366 -12 -246 1 0 0 91.28125 -1.328125 1 0 1
0 -366 -8 -248 1 0 0 91.25 -1.34375 1 0 1
0 -366 -8 -246 1 0 0 91.25 -1.328125 1 0 1
plaster_plasterwall029a
0 -366 -12 -248 0 0 -1 91.28125 -86.625 1 0 1
0 -414 -12 -248 0 0 -1 91.28125 -87 1 0 1
0 -414 -8 -248 0 0 -1 91.25 -87 1 0 1
plaster_plasterwall029a
0 -366 -12 -248 0 0 -1 91.28125 -86.625 1 0 1
0 -414 -8 -248 0 0 -1 91.25 -87 1 0 1
0 -366 -8 -248 0 0 -1 91.25 -86.625 1 0 1
plaster_plasterwall029a
0 -414 -12 -246 0 0 1 91.28125 -87 1 0 1
0 -366 -12 -246 0 0 1 91.28125 -86.625 1 0 1
0 -366 -8 -246 0 0 1 91.25 -86.625 1 0 1
plaster_plasterwall029a
0 -414 -12 -246 0 0 1 91.28125 -87 1 0 1
0 -366 -8 -246 0 0 1 91.25 -86.625 1 0 1
0 -414 -8 -246 0 0 1 91.25 -87 1 0 1
wood_woodshelf002a
0 -87 -8 -46 0 1 0 -164.66887 -0.161754 1 0 1
0 -87 -8 -114 0 1 0 -164.66887 -0.765447 1 0 1
0 -89 -8 -114 0 1 0 -164.698918 -0.765447 1 0 1
wood_woodshelf002a
0 -87 -8 -46 0 1 0 -164.66887 -0.161754 1 0 1
0 -89 -8 -114 0 1 0 -164.698918 -0.765447 1 0 1
0 -89 -8 -46 0 1 0 -164.698918 -0.161754 1 0 1
wood_woodshelf002a
0 -87 -16 -114 0 -1 0 -164.66887 -0.765447 1 0 1
0 -87 -16 -46 0 -1 0 -164.66887 -0.161754 1 0 1
0 -89 -16 -46 0 -1 0 -164.698918 -0.161754 1 0 1
wood_woodshelf002a
0 -87 -16 -114 0 -1 0 -164.66887 -0.765447 1 0 1
0 -89 -16 -46 0 -1 0 -164.698918 -0.161754 1 0 1
0 -89 -16 -114 0 -1 0 -164.698918 -0.765447 1 0 1
wood_woodshelf002a
0 -89 -16 -114 -1 0 0 174.542819 -0.765447 1 0 1
0 -89 -16 -46 -1 0 0 174.542819 -0.161754 1 0 1
0 -89 -8 -46 -1 0 0 174.422626 -0.161754 1 0 1
wood_woodshelf002a
0 -89 -16 -114 -1 0 0 174.542819 -0.765447 1 0 1
0 -89 -8 -46 -1 0 0 174.422626 -0.161754 1 0 1
0 -89 -8 -114 -1 0 0 174.422626 -0.765447 1 0 1
wood_woodshelf002a
0 25 -8 -114 0 1 0 -162.986178 -0.765447 1 0 1
0 25 -8 -116 0 1 0 -162.986178 -0.783203 1 0 1
0 -23 -8 -116 0 1 0 -163.707332 -0.783203 1 0 1
wood_woodshelf002a
0 25 -8 -114 0 1 0 -162.986178 -0.765447 1 0 1
0 -23 -8 -116 0 1 0 -163.707332 -0.783203 1 0 1
0 -23 -8 -114 0 1 0 -163.707332 -0.765447 1 0 1
wood_woodshelf002a
0 25 -16 -116 0 -1 0 -162.986178 -0.783203 1 0 1
0 25 -16 -114 0 -1 0 -162.986178 -0.765447 1 0 1
0 -23 -16 -114 0 -1 0 -163.707332 -0.765447 1 0 1
wood_woodshelf002a
0 25 -16 -116 0 -1 0 -162.986178 -0.783203 1 0 1
0 -23 -16 -114 0 -1 0 -163.707332 -0.765447 1 0 1
0 -23 -16 -116 0 -1 0 -163.707332 -0.783203 1 0 1
wood_woodshelf002a
0 -23 -16 -114 0 0 1 174.542819 -95.992543 1 0 1
0 25 -16 -114 0 0 1 174.542819 -95.566406 1 0 1
0 25 -8 -114 0 0 1 174.422626 -95.566406 1 0 1
wood_woodshelf002a
0 -23 -16 -114 0 0 1 174.542819 -95.992543 1 0 1
0 25 -8 -114 0 0 1 174.422626 -95.566406 1 0 1
0 -23 -8 -114 0 0 1 174.422626 -95.992543 1 0 1
wood_woodstair002a
0 -248 -120 -80 0 1 0 -231.178971 -22.5 1 0 1
0 -248 -120 -88 0 1 0 -231.178971 -23.5 1 0 1
0 -320 -120 -88 0 1 0 -232.678172 -23.5 1 0 1
wood_woodstair002a
0 -248 -120 -80 0 1 0 -231.178971 -22.5 1 0 1
0 -320 -120 -88 0 1 0 -232.678172 -23.5 1 0 1
0 -320 -120 -80 0 1 0 -232.678172 -22.5 1 0 1
wood_woodstair002a
0 -248 -128 -88 0 -1 0 -231.178971 -23.5 1 0 1
0 -248 -128 -80 0 -1 0 -231.178971 -22.5 1 0 1
0 -320 -128 -80 0 -1 0 -232.678172 -22.5 1 0 1
wood_woodstair002a
0 -248 -128 -88 0 -1 0 -231.178971 -23.5 1 0 1
0 -320 -128 -80 0 -1 0 -232.678172 -22.5 1 0 1
0 -320 -128 -88 0 -1 0 -232.678172 -23.5 1 0 1
wood_woodstair002c
0 -248 -128 -88 0 0 -1 183.375 -345.75 1 0 1
0 -320 -128 -88 0 0 -1 183.375 -348 1 0 1
0 -320 -120 -88 0 0 -1 183.25 -348 1 0 1
wood_woodstair002c
0 -248 -128 -88 0 0 -1 183.375 -345.75 1 0 1
0 -320 -120 -88 0 0 -1 183.25 -348 1 0 1
0 -248 -120 -88 0 0 -1 183.25 -345.75 1 0 1
wood_woodstair002c
0 -320 -128 -80 0 0 1 183.375 -348 1 0 1
0 -248 -128 -80 0 0 1 183.375 -345.75 1 0 1
0 -248 -120 -80 0 0 1 183.25 -345.75 1 0 1
wood_woodstair002c
0 -320 -128 -80 0 0 1 183.375 -348 1 0 1
0 -248 -120 -80 0 0 1 183.25 -345.75 1 0 1
0 -320 -120 -80 0 0 1 183.25 -348 1 0 1
wood_woodstair002c
0 -248 -120 -345 0 0 -1 183.25 -344.765625 1 0 1
0 -320 -120 -345 0 0 -1 183.25 -347.015625 1 0 1
0 -320 -112 -345 0 0 -1 183.125 -347.015625 1 0 1
wood_woodstair002c
0 -248 -120 -345 0 0 -1 183.25 -344.765625 1 0 1
0 -320 -112 -345 0 0 -1 183.125 -347.015625 1 0 1
0 -248 -112 -345 0 0 -1 183.125 -344.765625 1 0 1
wood_woodstair002c
0 -320 -120 -337 0 0 1 183.25 -347.015625 1 0 1
0 -248 -120 -337 0 0 1 183.25 -344.765625 1 0 1
0 -248 -112 -337 0 0 1 183.125 -344.765625 1 0 1
wood_woodstair002c
0 -320 -120 -337 0 0 1 183.25 -347.015625 1 0 1
0 -248 -112 -337 0 0 1 183.125 -344.765625 1 0 1
0 -320 -112 -337 0 0 1 183.125 -347.015625 1 0 1
wood_woodstair002a
0 -248 -112 -345 0 1 0 -230.19069 -55.5 1 0 1
0 -320 -112 -345 0 1 0 -231.68989 -55.5 1 0 1
0 -320 -112 -337 0 1 0 -231.68989 -54.5 1 0 1
wood_woodstair002a
0 -248 -112 -345 0 1 0 -230.19069 -55.5 1 0 1
0 -320 -112 -337 0 1 0 -231.68989 -54.5 1 0 1
0 -248 -112 -337 0 1 0 -230.19069 -54.5 1 0 1
wood_woodstair002a
0 -248 -120 -337 0 -1 0 -230.19069 -54.5 1 0 1
0 -320 -120 -337 0 -1 0 -231.68989 -54.5 1 0 1
0 -320 -120 -345 0 -1 0 -231.68989 -55.5 1 0 1
wood_woodstair002a
0 -248 -120 -337 0 -1 0 -230.19069 -54.5 1 0 1
0 -320 -120 -345 0 -1 0 -231.68989 -55.5 1 0 1
0 -248 -120 -345 0 -1 0 -230.19069 -55.5 1 0 1
brick_brickwall053e
0 -338 8 -16 0 1 0 -87.390625 0.75 1 0 1
0 -338 8 -24 0 1 0 -87.390625 0.6875 1 0 1
0 -346 8 -24 0 1 0 -87.453125 0.6875 1 0 1
brick_brickwall053e
0 -338 8 -16 0 1 0 -87.390625 0.75 1 0 1
0 -346 8 -24 0 1 0 -87.453125 0.6875 1 0 1
0 -346 8 -16 0 1 0 -87.453125 0.75 1 0 1
brick_brickwall053e
0 -346 -8 -32 -1 0 0 91.25 0.625 1 0 1
0 -346 -8 -16 -1 0 0 91.25 0.75 1 0 1
0 -346 8 -16 -1 0 0 91.125 0.75 1 0 1
brick_brickwall053e
0 -346 -8 -32 -1 0 0 91.25 0.625 1 0 1
0 -346 8 -16 -1 0 0 91.125 0.75 1 0 1
0 -346 8 -24 -1 0 0 91.125 0.6875 1 0 1
brick_brickwall053e
0 -338 -8 -16 1 0 0 91.25 0.75 1 0 1
0 -338 -8 -32 1 0 0 91.25 0.625 1 0 1
0 -338 8 -24 1 0 0 91.125 0.6875 1 0 1
brick_brickwall053e
0 -338 -8 -16 1 0 0 91.25 0.75 1 0 1
0 -338 8 -24 1 0 0 91.125 0.6875 1 0 1
0 -338 8 -16 1 0 0 91.125 0.75 1 0 1
concrete_concreteceiling004a
0 -338 -8 -32 0 0.447214 -0.894427 91.25 -86.390625 1 0 1
0 -346 -8 -32 0 0.447214 -0.894427 91.25 -86.453125 1 0 1
0 -346 8 -24 0 0.447214 -0.894427 91.125 -86.453125 1 0 1
concrete_concreteceiling004a
0 -338 -8 -32 0 0.447214 -0.894427 91.25 -86.390625 1 0 1
0 -346 8 -24 0 0.447214 -0.894427 91.125 -86.453125 1 0 1
0 -338 8 -24 0 0.447214 -0.894427 91.125 -86.390625 1 0 1
brick_brickwall053e
0 -240 -248 -16 -1 0 0 93.125 0.75 1 0 1
0 -240 -248 16 -1 0 0 93.125 1 1 0 1
0 -240 -8 16 -1 0 0 91.25 1 1 0 1
brick_brickwall053e
0 -240 -248 -16 -1 0 0 93.125 0.75 1 0 1
0 -240 -8 16 -1 0 0 91.25 1 1 0 1
0 -240 -8 -16 -1 0 0 91.25 0.75 1 0 1
concrete_concreteceiling004a
0 -240 -248 16 0 0 1 93.125 -85.632812 1 0 1
0 -224 -248 16 0 0 1 93.125 -85.507812 1 0 1
0 -224 -8 16 0 0 1 91.25 -85.507812 1 0 1
concrete_concreteceiling004a
0 -240 -248 16 0 0 1 93.125 -85.632812 1 0 1
0 -224 -8 16 0 0 1 91.25 -85.507812 1 0 1
0 -240 -8 16 0 0 1 91.25 -85.632812 1 0 1
plaster_plasterwall029a
0 -312 -12 -118 1 0 0 91.28125 -0.328125 1 0 1
0 -312 -8 -118 1 0 0 91.25 -0.328125 1 0 1
0 -312 -8 -46 1 0 0 91.25 0.234375 1 0 1
plaster_plasterwall029a
0 -312 -12 -118 1 0 0 91.28125 -0.328125 1 0 1
0 -312 -8 -46 1 0 0 91.25 0.234375 1 0 1
0 -312 -12 -46 1 0 0 91.28125 0.234375 1 0 1
plaster_plasterwall029a
0 -314 -8 -118 0 0 -1 91.25 -86.21875 1 0 1
0 -312 -8 -118 0 0 -1 91.25 -86.203125 1 0 1
0 -312 -12 -118 0 0 -1 91.28125 -86.203125 1 0 1
plaster_plasterwall029a
0 -314 -8 -118 0 0 -1 91.25 -86.21875 1 0 1
0 -312 -12 -118 0 0 -1 91.28125 -86.203125 1 0 1
0 -314 -12 -118 0 0 -1 91.28125 -86.21875 1 0 1
plaster_plasterwall029a
0 -314 -12 -46 0 0 1 91.28125 -86.21875 1 0 1
0 -312 -12 -46 0 0 1 91.28125 -86.203125 1 0 1
0 -312 -8 -46 0 0 1 91.25 -86.203125 1 0 1
plaster_plasterwall029a
0 -314 -12 -46 0 0 1 91.28125 -86.21875 1 0 1
0 -312 -8 -46 0 0 1 91.25 -86.203125 1 0 1
0 -314 -8 -46 0 0 1 91.25 -86.21875 1 0 1
plaster_plasterwall029a
0 -312 -8 -46 0 1 0 -87.203125 0.234375 1 0 1
0 -312 -8 -118 0 1 0 -87.203125 -0.328125 1 0 1
0 -314 -8 -118 0 1 0 -87.21875 -0.328125 1 0 1
plaster_plasterwall029a
0 -312 -8 -46 0 1 0 -87.203125 0.234375 1 0 1
0 -314 -8 -118 0 1 0 -87.21875 -0.328125 1 0 1
0 -314 -8 -46 0 1 0 -87.21875 0.234375 1 0 1
plaster_plasterwall029a
0 -312 -12 -118 0 -1 0 -87.203125 -0.328125 1 0 1
0 -312 -12 -46 0 -1 0 -87.203125 0.234375 1 0 1
0 -314 -12 -46 0 -1 0 -87.21875 0.234375 1 0 1
plaster_plasterwall029a
0 -312 -12 -118 0 -1 0 -87.203125 -0.328125 1 0 1
0 -314 -12 -46 0 -1 0 -87.21875 0.234375 1 0 1
0 -314 -12 -118 0 -1 0 -87.21875 -0.328125 1 0 1
plaster_plasterwall029a
0 -314 -12 -46 -1 0 0 91.28125 0.234375 1 0 1
0 -314 -8 -46 -1 0 0 91.25 0.234375 1 0 1
0 -314 -8 -118 -1 0 0 91.25 -0.328125 1 0 1
plaster_plasterwall029a
0 -314 -12 -46 -1 0 0 91.28125 0.234375 1 0 1
0 -314 -8 -118 -1 0 0 91.25 -0.328125 1 0 1
0 -314 -12 -118 -1 0 0 91.28125 -0.328125 1 0 1
wood_woodshelf002a
0 -126 -8 -174 0 1 0 -165.254808 -1.298118 1 0 1
0 -126 -8 -242 0 1 0 -165.254808 -1.901811 1 0 1
0 -128 -8 -242 0 1 0 -165.284856 -1.901811 1 0 1
wood_woodshelf002a
0 -126 -8 -174 0 1 0 -165.254808 -1.298118 1 0 1
0 -128 -8 -242 0 1 0 -165.284856 -1.901811 1 0 1
0 -128 -8 -174 0 1 0 -165.284856 -1.298118 1 0 1
wood_woodshelf002a
0 -126 -12 -242 0 -1 0 -165.254808 -1.901811 1 0 1
0 -126 -12 -174 0 -1 0 -165.254808 -1.298118 1 0 1
0 -128 -12 -174 0 -1 0 -165.284856 -1.298118 1 0 1
wood_woodshelf002a
0 -126 -12 -242 0 -1 0 -165.254808 -1.901811 1 0 1
0 -128 -12 -174 0 -1 0 -165.284856 -1.298118 1 0 1
0 -128 -12 -242 0 -1 0 -165.284856 -1.901811 1 0 1
wood_woodshelf002a
0 -128 -12 -242 -1 0 0 174.482722 -1.901811 1 0 1
0 -128 -12 -174 -1 0 0 174.482722 -1.298118 1 0 1
0 -128 -8 -174 -1 0 0 174.422626 -1.298118 1 0 1
wood_woodshelf002a
0 -128 -12 -242 -1 0 0 174.482722 -1.901811 1 0 1
0 -128 -8 -174 -1 0 0 174.422626 -1.298118 1 0 1
0 -128 -8 -242 -1 0 0 174.422626 -1.901811 1 0 1
wood_woodshelf002a
0 -126 -12 -174 1 0 0 174.482722 -1.298118 1 0 1
0 -126 -12 -242 1 0 0 174.482722 -1.901811 1 0 1
0 -126 -8 -242 1 0 0 174.422626 -1.901811 1 0 1
wood_woodshelf002a
0 -126 -12 -174 1 0 0 174.482722 -1.298118 1 0 1
0 -126 -8 -242 1 0 0 174.422626 -1.901811 1 0 1
0 -126 -8 -174 1 0 0 174.422626 -1.298118 1 0 1
plaster_plasterwall029a
0 -366 -8 -174 0 1 0 -87.859375 -1.234375 1 0 1
0 -366 -8 -246 0 1 0 -87.859375 -1.796875 1 0 1
0 -368 -8 -246 0 1 0 -87.875 -1.796875 1 0 1
plaster_plasterwall029a
0 -366 -8 -174 0 1 0 -87.859375 -1.234375 1 0 1
0 -368 -8 -246 0 1 0 -87.875 -1.796875 1 0 1
0 -368 -8 -174 0 1 0 -87.875 -1.234375 1 0 1
plaster_plasterwall029a
0 -366 -12 -246 0 -1 0 -87.625 -1.328125 1 0 1
0 -366 -12 -174 0 -1 0 -87.625 -0.765625 1 0 1
0 -368 -12 -174 0 -1 0 -87.640625 -0.765625 1 0 1
plaster_plasterwall029a
0 -366 -12 -246 0 -1 0 -87.625 -1.328125 1 0 1
0 -368 -12 -174 0 -1 0 -87.640625 -0.765625 1 0 1
0 -368 -12 -246 0 -1 0 -87.640625 -1.328125 1 0 1
plaster_plasterwall029a
0 -368 -12 -246 -1 0 0 91.28125 -1.328125 1 0 1
0 -368 -12 -174 -1 0 0 91.28125 -0.765625 1 0 1
0 -368 -8 -174 -1 0 0 91.25 -0.765625 1 0 1
plaster_plasterwall029a
0 -368 -12 -246 -1 0 0 91.28125 -1.328125 1 0 1
0 -368 -8 -174 -1 0 0 91.25 -0.765625 1 0 1
0 -368 -8 -246 -1 0 0 91.25 -1.328125 1 0 1
plaster_plasterwall029a
0 -366 -12 -174 1 0 0 91.28125 -0.765625 1 0 1
0 -366 -12 -246 1 0 0 91.28125 -1.328125 1 0 1
0 -366 -8 -246 1 0 0 91.25 -1.328125 1 0 1
plaster_plasterwall029a
0 -366 -12 -174 1 0 0 91.28125 -0.765625 1 0 1
0 -366 -8 -246 1 0 0 91.25 -1.328125 1 0 1
0 -366 -8 -174 1 0 0 91.25 -0.765625 1 0 1
plaster_plasterwall029a
0 -366 -12 -246 0 0 -1 91.28125 -86.625 1 0 1
0 -368 -12 -246 0 0 -1 91.28125 -86.640625 1 0 1
0 -368 -8 -246 0 0 -1 91.25 -86.640625 1 0 1
plaster_plasterwall029a
0 -366 -12 -246 0 0 -1 91.28125 -86.625 1 0 1
0 -368 -8 -246 0 0 -1 91.25 -86.640625 1 0 1
0 -366 -8 -246 0 0 -1 91.25 -86.625 1 0 1
plaster_plasterwall029a
0 -368 -12 -174 0 0 1 91.28125 -86.640625 1 0 1
0 -366 -12 -174 0 0 1 91.28125 -86.625 1 0 1
0 -366 -8 -174 0 0 1 91.25 -86.625 1 0 1
plaster_plasterwall029a
0 -368 -12 -174 0 0 1 91.28125 -86.640625 1 0 1
0 -366 -8 -174 0 0 1 91.25 -86.625 1 0 1
0 -368 -8 -174 0 0 1 91.25 -86.640625 1 0 1
wood_woodstair002a
0 -248 -136 -313 0 1 0 -230.19069 -51.5 1 0 1
0 -248 -136 -321 0 1 0 -230.19069 -52.5 1 0 1
0 -320 -136 -321 0 1 0 -231.68989 -52.5 1 0 1
wood_woodstair002a
0 -248 -136 -313 0 1 0 -230.19069 -51.5 1 0 1
0 -320 -136 -321 0 1 0 -231.68989 -52.5 1 0 1
0 -320 -136 -313 0 1 0 -231.68989 -51.5 1 0 1
wood_woodstair002a
0 -248 -144 -321 0 -1 0 -230.19069 -52.5 1 0 1
0 -248 -144 -313 0 -1 0 -230.19069 -51.5 1 0 1
0 -320 -144 -313 0 -1 0 -231.68989 -51.5 1 0 1
wood_woodstair002a
0 -248 -144 -321 0 -1 0 -230.19069 -52.5 1 0 1
0 -320 -144 -313 0 -1 0 -231.68989 -51.5 1 0 1
0 -320 -144 -321 0 -1 0 -231.68989 -52.5 1 0 1
wood_woodstair002c
0 -248 -144 -321 0 0 -1 183.625 -344.765625 1 0 1
0 -320 -144 -321 0 0 -1 183.625 -347.015625 1 0 1
0 -320 -136 -321 0 0 -1 183.5 -347.015625 1 0 1
wood_woodstair002c
0 -248 -144 -321 0 0 -1 183.625 -344.765625 1 0 1
0 -320 -136 -321 0 0 -1 183.5 -347.015625 1 0 1
0 -248 -136 -321 0 0 -1 183.5 -344.765625 1 0 1
wood_woodstair002c
0 -320 -144 -313 0 0 1 183.625 -347.015625 1 0 1
0 -248 -144 -313 0 0 1 183.625 -344.765625 1 0 1
0 -248 -136 -313 0 0 1 183.5 -344.765625 1 0 1
wood_woodstair002c
0 -320 -144 -313 0 0 1 183.625 -347.015625 1 0 1
0 -248 -136 -313 0 0 1 183.5 -344.765625 1 0 1
0 -320 -136 -313 0 0 1 183.5 -347.015625 1 0 1
wood_woodstair002a
0 -248 -72 -377 0 1 0 -230.19069 -59.5 1 0 1
0 -248 -72 -385 0 1 0 -230.19069 -60.5 1 0 1
0 -320 -72 -385 0 1 0 -231.68989 -60.5 1 0 1
wood_woodstair002a
0 -248 -72 -377 0 1 0 -230.19069 -59.5 1 0 1
0 -320 -72 -385 0 1 0 -231.68989 -60.5 1 0 1
0 -320 -72 -377 0 1 0 -231.68989 -59.5 1 0 1
wood_woodstair002a
0 -248 -80 -385 0 -1 0 -230.19069 -60.5 1 0 1
0 -248 -80 -377 0 -1 0 -230.19069 -59.5 1 0 1
0 -320 -80 -377 0 -1 0 -231.68989 -59.5 1 0 1
wood_woodstair002a
0 -248 -80 -385 0 -1 0 -230.19069 -60.5 1 0 1
0 -320 -80 -377 0 -1 0 -231.68989 -59.5 1 0 1
0 -320 -80 -385 0 -1 0 -231.68989 -60.5 1 0 1
wood_woodstair002c
0 -248 -80 -385 0 0 -1 182.625 -344.765625 1 0 1
0 -320 -80 -385 0 0 -1 182.625 -347.015625 1 0 1
0 -320 -72 -385 0 0 -1 182.5 -347.015625 1 0 1
wood_woodstair002c
0 -248 -80 -385 0 0 -1 182.625 -344.765625 1 0 1
0 -320 -72 -385 0 0 -1 182.5 -347.015625 1 0 1
0 -248 -72 -385 0 0 -1 182.5 -344.765625 1 0 1
wood_woodstair002c
0 -320 -80 -377 0 0 1 182.625 -347.015625 1 0 1
0 -248 -80 -377 0 0 1 182.625 -344.765625 1 0 1
0 -248 -72 -377 0 0 1 182.5 -344.765625 1 0 1
wood_woodstair002c
0 -320 -80 -377 0 0 1 182.625 -347.015625 1 0 1
0 -248 -72 -377 0 0 1 182.5 -344.765625 1 0 1
0 -320 -72 -377 0 0 1 182.5 -347.015625 1 0 1
wood_woodshelf001a
0 -412 -9 -118 0 1 0 -256.004009 -2.000754 1 0 1
0 -412 -9 -46 0 1 0 -256.004009 -1.000932 1 0 1
0 -368 -9 -46 0 1 0 -255.004154 -1.000932 1 0 1
wood_woodshelf001a
0 -412 -9 -118 0 1 0 -256.004009 -2.000754 1 0 1
0 -368 -9 -46 0 1 0 -255.004154 -1.000932 1 0 1
0 -368 -9 -118 0 1 0 -255.004154 -2.000754 1 0 1
wood_woodshelf001a
0 -368 -10 -118 0 -1 0 -255.004154 -2.000754 1 0 1
0 -368 -10 -46 0 -1 0 -255.004154 -1.000932 1 0 1
0 -412 -10 -46 0 -1 0 -256.004009 -1.000932 1 0 1
wood_woodshelf001a
0 -368 -10 -118 0 -1 0 -255.004154 -2.000754 1 0 1
0 -412 -10 -46 0 -1 0 -256.004009 -1.000932 1 0 1
0 -412 -10 -118 0 -1 0 -256.004009 -2.000754 1 0 1
wood_woodstair002a
0 -248 -104 -345 0 1 0 -230.19069 -55.5 1 0 1
0 -248 -104 -353 0 1 0 -230.19069 -56.5 1 0 1
0 -320 -104 -353 0 1 0 -231.68989 -56.5 1 0 1
wood_woodstair002a
0 -248 -104 -345 0 1 0 -230.19069 -55.5 1 0 1
0 -320 -104 -353 0 1 0 -231.68989 -56.5 1 0 1
0 -320 -104 -345 0 1 0 -231.68989 -55.5 1 0 1
wood_woodstair002a
0 -248 -112 -353 0 -1 0 -230.19069 -56.5 1 0 1
0 -248 -112 -345 0 -1 0 -230.19069 -55.5 1 0 1
0 -320 -112 -345 0 -1 0 -231.68989 -55.5 1 0 1
wood_woodstair002a
0 -248 -112 -353 0 -1 0 -230.19069 -56.5 1 0 1
0 -320 -112 -345 0 -1 0 -231.68989 -55.5 1 0 1
0 -320 -112 -353 0 -1 0 -231.68989 -56.5 1 0 1
wood_woodstair002c
0 -248 -112 -353 0 0 -1 183.125 -344.765625 1 0 1
0 -320 -112 -353 0 0 -1 183.125 -347.015625 1 0 1
0 -320 -104 -353 0 0 -1 183 -347.015625 1 0 1
wood_woodstair002c
0 -248 -112 -353 0 0 -1 183.125 -344.765625 1 0 1
0 -320 -104 -353 0 0 -1 183 -347.015625 1 0 1
0 -248 -104 -353 0 0 -1 183 -344.765625 1 0 1
wood_woodstair002c
0 -320 -112 -345 0 0 1 183.125 -347.015625 1 0 1
0 -248 -112 -345 0 0 1 183.125 -344.765625 1 0 1
0 -248 -104 -345 0 0 1 183 -344.765625 1 0 1
wood_woodstair002c
0 -320 -112 -345 0 0 1 183.125 -347.015625 1 0 1
0 -248 -104 -345 0 0 1 183 -344.765625 1 0 1
0 -320 -104 -345 0 0 1 183 -347.015625 1 0 1
wood_wooddoor032a
0 -27 -8 -159.999 0 1 0 169.875 -1.124992 1 0 1
0 -23 -8 -163.999 0 1 0 169.8125 -1.156242 1 0 1
0 -23 -8 -272 0 1 0 169.8125 -2 1 0 1
wood_wooddoor032a
0 -27 -8 -159.999 0 1 0 169.875 -1.124992 1 0 1
0 -23 -8 -272 0 1 0 169.8125 -2 1 0 1
0 -27 -8 -272 0 1 0 169.875 -2 1 0 1
wood_wooddoor032a
0 -27 -16 -272 0 -1 0 -170 -2 1 0 1
0 -23 -16 -272 0 -1 0 -169.9375 -2 1 0 1
0 -23 -16 -163.999 0 -1 0 -169.9375 -1.156242 1 0 1
wood_wooddoor032a
0 -27 -16 -272 0 -1 0 -170 -2 1 0 1
0 -23 -16 -163.999 0 -1 0 -169.9375 -1.156242 1 0 1
0 -27 -16 -159.999 0 -1 0 -170 -1.124992 1 0 1
wood_wooddoor032a
0 -23 -16 -272 1 0 0 181.214844 -2 1 0 1
0 -23 -8 -272 1 0 0 181.089844 -2 1 0 1
0 -23 -8 -163.999 1 0 0 181.089844 -1.156242 1 0 1
wood_wooddoor032a
0 -23 -16 -272 1 0 0 181.214844 -2 1 0 1
0 -23 -8 -163.999 1 0 0 181.089844 -1.156242 1 0 1
0 -23 -16 -163.999 1 0 0 181.214844 -1.156242 1 0 1
wood_woodstair002a
0 -248 -64 -136 0 1 0 -231.178971 -29.5 1 0 1
0 -248 -64 -144 0 1 0 -231.178971 -30.5 1 0 1
0 -320 -64 -144 0 1 0 -232.678172 -30.5 1 0 1
wood_woodstair002a
0 -248 -64 -136 0 1 0 -231.178971 -29.5 1 0 1
0 -320 -64 -144 0 1 0 -232.678172 -30.5 1 0 1
0 -320 -64 -136 0 1 0 -232.678172 -29.5 1 0 1
wood_woodstair002a
0 -248 -72 -144 0 -1 0 -231.178971 -30.5 1 0 1
0 -248 -72 -136 0 -1 0 -231.178971 -29.5 1 0 1
0 -320 -72 -136 0 -1 0 -232.678172 -29.5 1 0 1
wood_woodstair002a
0 -248 -72 -144 0 -1 0 -231.178971 -30.5 1 0 1
0 -320 -72 -136 0 -1 0 -232.678172 -29.5 1 0 1
0 -320 -72 -144 0 -1 0 -232.678172 -30.5 1 0 1
wood_woodstair002c
0 -248 -72 -144 0 0 -1 182.5 -345.75 1 0 1
0 -320 -72 -144 0 0 -1 182.5 -348 1 0 1
0 -320 -64 -144 0 0 -1 182.375 -348 1 0 1
wood_woodstair002c
0 -248 -72 -144 0 0 -1 182.5 -345.75 1 0 1
0 -320 -64 -144 0 0 -1 182.375 -348 1 0 1
0 -248 -64 -144 0 0 -1 182.375 -345.75 1 0 1
wood_woodstair002c
0 -320 -72 -136 0 0 1 182.5 -348 1 0 1
0 -248 -72 -136 0 0 1 182.5 -345.75 1 0 1
0 -248 -64 -136 0 0 1 182.375 -345.75 1 0 1
wood_woodstair002c
0 -320 -72 -136 0 0 1 182.5 -348 1 0 1
0 -248 -64 -136 0 0 1 182.375 -345.75 1 0 1
0 -320 -64 -136 0 0 1 182.375 -348 1 0 1
wood_woodstair002a
0 -248 -96 -104 0 1 0 -231.178971 -25.5 1 0 1
0 -248 -96 -112 0 1 0 -231.178971 -26.5 1 0 1
0 -320 -96 -112 0 1 0 -232.678172 -26.5 1 0 1
wood_woodstair002a
0 -248 -96 -104 0 1 0 -231.178971 -25.5 1 0 1
0 -320 -96 -112 0 1 0 -232.678172 -26.5 1 0 1
0 -320 -96 -104 0 1 0 -232.678172 -25.5 1 0 1
wood_woodstair002a
0 -248 -104 -112 0 -1 0 -231.178971 -26.5 1 0 1
0 -248 -104 -104 0 -1 0 -231.178971 -25.5 1 0 1
0 -320 -104 -104 0 -1 0 -232.678172 -25.5 1 0 1
wood_woodstair002a
0 -248 -104 -112 0 -1 0 -231.178971 -26.5 1 0 1
0 -320 -104 -104 0 -1 0 -232.678172 -25.5 1 0 1
0 -320 -104 -112 0 -1 0 -232.678172 -26.5 1 0 1
wood_woodstair002c
0 -248 -104 -112 0 0 -1 183 -345.75 1 0 1
0 -320 -104 -112 0 0 -1 183 -348 1 0 1
0 -320 -96 -112 0 0 -1 182.875 -348 1 0 1
wood_woodstair002c
0 -248 -104 -112 0 0 -1 183 -345.75 1 0 1
0 -320 -96 -112 0 0 -1 182.875 -348 1 0 1
0 -248 -96 -112 0 0 -1 182.875 -345.75 1 0 1
wood_woodstair002c
0 -320 -104 -104 0 0 1 183 -348 1 0 1
0 -248 -104 -104 0 0 1 183 -345.75 1 0 1
0 -248 -96 -104 0 0 1 182.875 -345.75 1 0 1
wood_woodstair002c
0 -320 -104 -104 0 0 1 183 -348 1 0 1
0 -248 -96 -104 0 0 1 182.875 -345.75 1 0 1
0 -320 -96 -104 0 0 1 182.875 -348 1 0 1
wood_woodshelf002a
0 -167 -16 -242 0 0 1 174.542819 -97.270952 1 0 1
0 -87 -16 -242 0 0 1 174.542819 -96.560724 1 0 1
0 -87 -8 -242 0 0 1 174.422626 -96.560724 1 0 1
wood_woodshelf002a
0 -167 -16 -242 0 0 1 174.542819 -97.270952 1 0 1
0 -87 -8 -242 0 0 1 174.422626 -96.560724 1 0 1
0 -167 -8 -242 0 0 1 174.422626 -97.270952 1 0 1
wood_woodshelf002a
0 -87 -8 -242 0 1 0 -164.66887 -1.901811 1 0 1
0 -87 -8 -244 0 1 0 -164.66887 -1.919567 1 0 1
0 -167 -8 -244 0 1 0 -165.870793 -1.919567 1 0 1
wood_woodshelf002a
0 -87 -8 -242 0 1 0 -164.66887 -1.901811 1 0 1
0 -167 -8 -244 0 1 0 -165.870793 -1.919567 1 0 1
0 -167 -8 -242 0 1 0 -165.870793 -1.901811 1 0 1
wood_woodshelf002a
0 -87 -16 -244 0 -1 0 -164.66887 -1.919567 1 0 1
0 -87 -16 -242 0 -1 0 -164.66887 -1.901811 1 0 1
0 -167 -16 -242 0 -1 0 -165.870793 -1.901811 1 0 1
wood_woodshelf002a
0 -87 -16 -244 0 -1 0 -164.66887 -1.919567 1 0 1
0 -167 -16 -242 0 -1 0 -165.870793 -1.901811 1 0 1
0 -167 -16 -244 0 -1 0 -165.870793 -1.919567 1 0 1
wood_woodstair002a
0 -248 -144 -184 0 1 0 -231.178971 -35.5 1 0 1
0 -248 -144 -192 0 1 0 -231.178971 -36.5 1 0 1
0 -320 -144 -192 0 1 0 -232.678172 -36.5 1 0 1
wood_woodstair002a
0 -248 -144 -184 0 1 0 -231.178971 -35.5 1 0 1
0 -320 -144 -192 0 1 0 -232.678172 -36.5 1 0 1
0 -320 -144 -184 0 1 0 -232.678172 -35.5 1 0 1
wood_woodstair002a
0 -248 -152 -192 0 -1 0 -231.178971 -36.5 1 0 1
0 -248 -152 -184 0 -1 0 -231.178971 -35.5 1 0 1
0 -320 -152 -184 0 -1 0 -232.678172 -35.5 1 0 1
wood_woodstair002a
0 -248 -152 -192 0 -1 0 -231.178971 -36.5 1 0 1
0 -320 -152 -184 0 -1 0 -232.678172 -35.5 1 0 1
0 -320 -152 -192 0 -1 0 -232.678172 -36.5 1 0 1
wood_woodstair002c
0 -248 -152 -192 0 0 -1 183.75 -345.75 1 0 1
0 -320 -152 -192 0 0 -1 183.75 -348 1 0 1
0 -320 -144 -192 0 0 -1 183.625 -348 1 0 1
wood_woodstair002c
0 -248 -152 -192 0 0 -1 183.75 -345.75 1 0 1
0 -320 -144 -192 0 0 -1 183.625 -348 1 0 1
0 -248 -144 -192 0 0 -1 183.625 -345.75 1 0 1
wood_woodstair002c
0 -320 -152 -184 0 0 1 183.75 -348 1 0 1
0 -248 -152 -184 0 0 1 183.75 -345.75 1 0 1
0 -248 -144 -184 0 0 1 183.625 -345.75 1 0 1
wood_woodstair002c
0 -320 -152 -184 0 0 1 183.75 -348 1 0 1
0 -248 -144 -184 0 0 1 183.625 -345.75 1 0 1
0 -320 -144 -184 0 0 1 183.625 -348 1 0 1
wood_woodstair002a
0 -248 -120 -208 0 1 0 -231.178971 -38.5 1 0 1
0 -248 -120 -216 0 1 0 -231.178971 -39.5 1 0 1
0 -320 -120 -216 0 1 0 -232.678172 -39.5 1 0 1
wood_woodstair002a
0 -248 -120 -208 0 1 0 -231.178971 -38.5 1 0 1
0 -320 -120 -216 0 1 0 -232.678172 -39.5 1 0 1
0 -320 -120 -208 0 1 0 -232.678172 -38.5 1 0 1
wood_woodstair002a
0 -248 -128 -216 0 -1 0 -231.178971 -39.5 1 0 1
0 -248 -128 -208 0 -1 0 -231.178971 -38.5 1 0 1
0 -320 -128 -208 0 -1 0 -232.678172 -38.5 1 0 1
wood_woodstair002a
0 -248 -128 -216 0 -1 0 -231.178971 -39.5 1 0 1
0 -320 -128 -208 0 -1 0 -232.678172 -38.5 1 0 1
0 -320 -128 -216 0 -1 0 -232.678172 -39.5 1 0 1
wood_woodstair002c
0 -248 -128 -216 0 0 -1 183.375 -345.75 1 0 1
0 -320 -128 -216 0 0 -1 183.375 -348 1 0 1
0 -320 -120 -216 0 0 -1 183.25 -348 1 0 1
wood_woodstair002c
0 -248 -128 -216 0 0 -1 183.375 -345.75 1 0 1
0 -320 -120 -216 0 0 -1 183.25 -348 1 0 1
0 -248 -120 -216 0 0 -1 183.25 -345.75 1 0 1
wood_woodstair002c
0 -320 -128 -208 0 0 1 183.375 -348 1 0 1
0 -248 -128 -208 0 0 1 183.375 -345.75 1 0 1
0 -248 -120 -208 0 0 1 183.25 -345.75 1 0 1
wood_woodstair002c
0 -320 -128 -208 0 0 1 183.375 -348 1 0 1
0 -248 -120 -208 0 0 1 183.25 -345.75 1 0 1
0 -320 -120 -208 0 0 1 183.25 -348 1 0 1
wood_woodshelf002a
0 -87 -16 -174 0 0 -1 174.542819 -96.560724 1 0 1
0 -167 -16 -174 0 0 -1 174.542819 -97.270952 1 0 1
0 -167 -8 -174 0 0 -1 174.422626 -97.270952 1 0 1
wood_woodshelf002a
0 -87 -16 -174 0 0 -1 174.542819 -96.560724 1 0 1
0 -167 -8 -174 0 0 -1 174.422626 -97.270952 1 0 1
0 -87 -8 -174 0 0 -1 174.422626 -96.560724 1 0 1
wood_woodshelf002a
0 -87 -8 -174 0 1 0 -164.66887 -1.298118 1 0 1
0 -167 -8 -174 0 1 0 -165.870793 -1.298118 1 0 1
0 -167 -8 -172 0 1 0 -165.870793 -1.280362 1 0 1
wood_woodshelf002a
0 -87 -8 -174 0 1 0 -164.66887 -1.298118 1 0 1
0 -167 -8 -172 0 1 0 -165.870793 -1.280362 1 0 1
0 -87 -8 -172 0 1 0 -164.66887 -1.280362 1 0 1
wood_woodshelf002a
0 -87 -16 -172 0 -1 0 -164.66887 -1.280362 1 0 1
0 -167 -16 -172 0 -1 0 -165.870793 -1.280362 1 0 1
0 -167 -16 -174 0 -1 0 -165.870793 -1.298118 1 0 1
wood_woodshelf002a
0 -87 -16 -172 0 -1 0 -164.66887 -1.280362 1 0 1
0 -167 -16 -174 0 -1 0 -165.870793 -1.298118 1 0 1
0 -87 -16 -174 0 -1 0 -164.66887 -1.298118 1 0 1
plaster_plasterwall029a
0 -266 -8 -44 0 1 0 -87.078125 -0.21875 1 0 1
0 -266 -8 -46 0 1 0 -87.078125 -0.234375 1 0 1
0 -314 -8 -46 0 1 0 -87.453125 -0.234375 1 0 1
plaster_plasterwall029a
0 -266 -8 -44 0 1 0 -87.078125 -0.21875 1 0 1
0 -314 -8 -46 0 1 0 -87.453125 -0.234375 1 0 1
0 -314 -8 -44 0 1 0 -87.453125 -0.21875 1 0 1
plaster_plasterwall029a
0 -266 -12 -46 0 -1 0 -86.84375 0.234375 1 0 1
0 -266 -12 -44 0 -1 0 -86.84375 0.25 1 0 1
0 -314 -12 -44 0 -1 0 -87.21875 0.25 1 0 1
plaster_plasterwall029a
0 -266 -12 -46 0 -1 0 -86.84375 0.234375 1 0 1
0 -314 -12 -44 0 -1 0 -87.21875 0.25 1 0 1
0 -314 -12 -46 0 -1 0 -87.21875 0.234375 1 0 1
plaster_plasterwall029a
0 -314 -12 -46 -1 0 0 91.28125 0.234375 1 0 1
0 -314 -12 -44 -1 0 0 91.28125 0.25 1 0 1
0 -314 -8 -44 -1 0 0 91.25 0.25 1 0 1
plaster_plasterwall029a
0 -314 -12 -46 -1 0 0 91.28125 0.234375 1 0 1
0 -314 -8 -44 -1 0 0 91.25 0.25 1 0 1
0 -314 -8 -46 -1 0 0 91.25 0.234375 1 0 1
plaster_plasterwall029a
0 -266 -12 -44 1 0 0 91.28125 0.25 1 0 1
0 -266 -12 -46 1 0 0 91.28125 0.234375 1 0 1
0 -266 -8 -46 1 0 0 91.25 0.234375 1 0 1
plaster_plasterwall029a
0 -266 -12 -44 1 0 0 91.28125 0.25 1 0 1
0 -266 -8 -46 1 0 0 91.25 0.234375 1 0 1
0 -266 -8 -44 1 0 0 91.25 0.25 1 0 1
plaster_plasterwall029a
0 -266 -12 -46 0 0 -1 91.28125 -85.84375 1 0 1
0 -314 -12 -46 0 0 -1 91.28125 -86.21875 1 0 1
0 -314 -8 -46 0 0 -1 91.25 -86.21875 1 0 1
plaster_plasterwall029a
0 -266 -12 -46 0 0 -1 91.28125 -85.84375 1 0 1
0 -314 -8 -46 0 0 -1 91.25 -86.21875 1 0 1
0 -266 -8 -46 0 0 -1 91.25 -85.84375 1 0 1
plaster_plasterwall029a
0 -314 -12 -44 0 0 1 91.28125 -86.21875 1 0 1
0 -266 -12 -44 0 0 1 91.28125 -85.84375 1 0 1
0 -266 -8 -44 0 0 1 91.25 -85.84375 1 0 1
plaster_plasterwall029a
0 -314 -12 -44 0 0 1 91.28125 -86.21875 1 0 1
0 -266 -8 -44 0 0 1 91.25 -85.84375 1 0 1
0 -314 -8 -44 0 0 1 91.25 -86.21875 1 0 1
concrete_concreteceiling003a
0 -287 384 -272 0 1 0 -87 -1.53125 1 0 1
0 -287 384 -280 0 1 0 -87 -1.59375 1 0 1
0 -295 384 -280 0 1 0 -87.0625 -1.59375 1 0 1
concrete_concreteceiling003a
0 -287 384 -272 0 1 0 -87 -1.53125 1 0 1
0 -295 384 -280 0 1 0 -87.0625 -1.59375 1 0 1
0 -295 384 -275.997 0 1 0 -87.0625 -1.562477 1 0 1
concrete_concreteceiling003a
0 -287 384 -272 0 1 0 -87 -1.53125 1 0 1
0 -295 384 -275.997 0 1 0 -87.0625 -1.562477 1 0 1
0 -291 384 -272 0 1 0 -87.03125 -1.53125 1 0 1
concrete_concreteceiling003a
0 -287 288 -280 0 -1 0 -87 -1.59375 1 0 1
0 -287 288 -272 0 -1 0 -87 -1.53125 1 0 1
0 -291 288 -272 0 -1 0 -87.03125 -1.53125 1 0 1
concrete_concreteceiling003a
0 -287 288 -280 0 -1 0 -87 -1.59375 1 0 1
0 -291 288 -272 0 -1 0 -87.03125 -1.53125 1 0 1
0 -295 288 -275.997 0 -1 0 -87.0625 -1.562477 1 0 1
concrete_concreteceiling003a
0 -287 288 -280 0 -1 0 -87 -1.59375 1 0 1
0 -295 288 -275.997 0 -1 0 -87.0625 -1.562477 1 0 1
0 -295 288 -280 0 -1 0 -87.0625 -1.59375 1 0 1
concrete_concreteceiling003a
0 -295 288 -280 -1 0 0 88.9375 -1.59375 1 0 1
0 -295 288 -275.997 -1 0 0 88.9375 -1.562477 1 0 1
0 -295 384 -275.997 -1 0 0 88.1875 -1.562477 1 0 1
concrete_concreteceiling003a
0 -295 288 -280 -1 0 0 88.9375 -1.59375 1 0 1
0 -295 384 -275.997 -1 0 0 88.1875 -1.562477 1 0 1
0 -295 384 -280 -1 0 0 88.1875 -1.59375 1 0 1
concrete_concreteceiling003a
0 -287 288 -272 1 0 0 88.9375 -1.53125 1 0 1
0 -287 288 -280 1 0 0 88.9375 -1.59375 1 0 1
0 -287 384 -280 1 0 0 88.1875 -1.59375 1 0 1
concrete_concreteceiling003a
0 -287 288 -272 1 0 0 88.9375 -1.53125 1 0 1
0 -287 384 -280 1 0 0 88.1875 -1.59375 1 0 1
0 -287 384 -272 1 0 0 88.1875 -1.53125 1 0 1
concrete_concreteceiling003a
0 -287 288 -280 0 0 -1 88.9375 -86 1 0 1
0 -295 288 -280 0 0 -1 88.9375 -86.0625 1 0 1
0 -295 384 -280 0 0 -1 88.1875 -86.0625 1 0 1
concrete_concreteceiling003a
0 -287 288 -280 0 0 -1 88.9375 -86 1 0 1
0 -295 384 -280 0 0 -1 88.1875 -86.0625 1 0 1
0 -287 384 -280 0 0 -1 88.1875 -86 1 0 1
concrete_concreteceiling003a
0 -291 288 -272 0 0 1 88.9375 -86.03125 1 0 1
0 -287 288 -272 0 0 1 88.9375 -86 1 0 1
0 -287 384 -272 0 0 1 88.1875 -86 1 0 1
concrete_concreteceiling003a
0 -291 288 -272 0 0 1 88.9375 -86.03125 1 0 1
0 -287 384 -272 0 0 1 88.1875 -86 1 0 1
0 -291 384 -272 0 0 1 88.1875 -86.03125 1 0 1
concrete_concreteceiling003a
0 -295 288 -275.997 -0.706841 0 0.707372 88.9375 -86.0625 1 0 1
0 -291 288 -272 -0.706841 0 0.707372 88.9375 -86.03125 1 0 1
0 -291 384 -272 -0.706841 0 0.707372 88.1875 -86.03125 1 0 1
concrete_concreteceiling003a
0 -295 288 -275.997 -0.706841 0 0.707372 88.9375 -86.0625 1 0 1
0 -291 384 -272 -0.706841 0 0.707372 88.1875 -86.03125 1 0 1
0 -295 384 -275.997 -0.706841 0 0.707372 88.1875 -86.0625 1 0 1
wood_woodstair002c
0 -248 -104 -240 0 0 -1 183 -345.75 1 0 1
0 -320 -104 -240 0 0 -1 183 -348 1 0 1
0 -320 -96 -240 0 0 -1 182.875 -348 1 0 1
wood_woodstair002c
0 -248 -104 -240 0 0 -1 183 -345.75 1 0 1
0 -320 -96 -240 0 0 -1 182.875 -348 1 0 1
0 -248 -96 -240 0 0 -1 182.875 -345.75 1 0 1
wood_woodstair002c
0 -320 -104 -232 0 0 1 183 -348 1 0 1
0 -248 -104 -232 0 0 1 183 -345.75 1 0 1
0 -248 -96 -232 0 0 1 182.875 -345.75 1 0 1
wood_woodstair002c
0 -320 -104 -232 0 0 1 183 -348 1 0 1
0 -248 -96 -232 0 0 1 182.875 -345.75 1 0 1
0 -320 -96 -232 0 0 1 182.875 -348 1 0 1
wood_woodstair002a
0 -248 -96 -240 0 1 0 -231.178971 -42.5 1 0 1
0 -320 -96 -240 0 1 0 -232.678172 -42.5 1 0 1
0 -320 -96 -232 0 1 0 -232.678172 -41.5 1 0 1
wood_woodstair002a
0 -248 -96 -240 0 1 0 -231.178971 -42.5 1 0 1
0 -320 -96 -232 0 1 0 -232.678172 -41.5 1 0 1
0 -248 -96 -232 0 1 0 -231.178971 -41.5 1 0 1
wood_woodstair002a
0 -248 -104 -232 0 -1 0 -231.178971 -41.5 1 0 1
0 -320 -104 -232 0 -1 0 -232.678172 -41.5 1 0 1
0 -320 -104 -240 0 -1 0 -232.678172 -42.5 1 0 1
wood_woodstair002a
0 -248 -104 -232 0 -1 0 -231.178971 -41.5 1 0 1
0 -320 -104 -240 0 -1 0 -232.678172 -42.5 1 0 1
0 -248 -104 -240 0 -1 0 -231.178971 -42.5 1 0 1
wood_woodstair002a
0 -248 -104 -96 0 1 0 -231.178971 -24.5 1 0 1
0 -248 -104 -104 0 1 0 -231.178971 -25.5 1 0 1
0 -320 -104 -104 0 1 0 -232.678172 -25.5 1 0 1
wood_woodstair002a
0 -248 -104 -96 0 1 0 -231.178971 -24.5 1 0 1
0 -320 -104 -104 0 1 0 -232.678172 -25.5 1 0 1
0 -320 -104 -96 0 1 0 -232.678172 -24.5 1 0 1
wood_woodstair002a
0 -248 -112 -104 0 -1 0 -231.178971 -25.5 1 0 1
0 -248 -112 -96 0 -1 0 -231.178971 -24.5 1 0 1
0 -320 -112 -96 0 -1 0 -232.678172 -24.5 1 0 1
wood_woodstair002a
0 -248 -112 -104 0 -1 0 -231.178971 -25.5 1 0 1
0 -320 -112 -96 0 -1 0 -232.678172 -24.5 1 0 1
0 -320 -112 -104 0 -1 0 -232.678172 -25.5 1 0 1
wood_woodstair002c
0 -248 -112 -104 0 0 -1 183.125 -345.75 1 0 1
0 -320 -112 -104 0 0 -1 183.125 -348 1 0 1
0 -320 -104 -104 0 0 -1 183 -348 1 0 1
wood_woodstair002c
0 -248 -112 -104 0 0 -1 183.125 -345.75 1 0 1
0 -320 -104 -104 0 0 -1 183 -348 1 0 1
0 -248 -104 -104 0 0 -1 183 -345.75 1 0 1
wood_woodstair002c
0 -320 -112 -96 0 0 1 183.125 -348 1 0 1
0 -248 -112 -96 0 0 1 183.125 -345.75 1 0 1
0 -248 -104 -96 0 0 1 183 -345.75 1 0 1
wood_woodstair002c
0 -320 -112 -96 0 0 1 183.125 -348 1 0 1
0 -248 -104 -96 0 0 1 183 -345.75 1 0 1
0 -320 -104 -96 0 0 1 183 -348 1 0 1
wood_woodstair002a
0 -248 -144 -56 0 1 0 -231.178971 -19.5 1 0 1
0 -248 -144 -64 0 1 0 -231.178971 -20.5 1 0 1
0 -320 -144 -64 0 1 0 -232.678172 -20.5 1 0 1
wood_woodstair002a
0 -248 -144 -56 0 1 0 -231.178971 -19.5 1 0 1
0 -320 -144 -64 0 1 0 -232.678172 -20.5 1 0 1
0 -320 -144 -56 0 1 0 -232.678172 -19.5 1 0 1
wood_woodstair002a
0 -248 -152 -64 0 -1 0 -231.178971 -20.5 1 0 1
0 -248 -152 -56 0 -1 0 -231.178971 -19.5 1 0 1
0 -320 -152 -56 0 -1 0 -232.678172 -19.5 1 0 1
wood_woodstair002a
0 -248 -152 -64 0 -1 0 -231.178971 -20.5 1 0 1
0 -320 -152 -56 0 -1 0 -232.678172 -19.5 1 0 1
0 -320 -152 -64 0 -1 0 -232.678172 -20.5 1 0 1
wood_woodstair002c
0 -248 -152 -64 0 0 -1 183.75 -345.75 1 0 1
0 -320 -152 -64 0 0 -1 183.75 -348 1 0 1
0 -320 -144 -64 0 0 -1 183.625 -348 1 0 1
wood_woodstair002c
0 -248 -152 -64 0 0 -1 183.75 -345.75 1 0 1
0 -320 -144 -64 0 0 -1 183.625 -348 1 0 1
0 -248 -144 -64 0 0 -1 183.625 -345.75 1 0 1
wood_woodstair002c
0 -320 -152 -56 0 0 1 183.75 -348 1 0 1
0 -248 -152 -56 0 0 1 183.75 -345.75 1 0 1
0 -248 -144 -56 0 0 1 183.625 -345.75 1 0 1
wood_woodstair002c
0 -320 -152 -56 0 0 1 183.75 -348 1 0 1
0 -248 -144 -56 0 0 1 183.625 -345.75 1 0 1
0 -320 -144 -56 0 0 1 183.625 -348 1 0 1
wood_wooddoor032a
0 25 -8 -272 0 1 0 169.0625 -2 1 0 1
0 25 -8 -164.001 0 1 0 169.0625 -1.156258 1 0 1
0 29 -8 -160.001 0 1 0 169 -1.125008 1 0 1
wood_wooddoor032a
0 25 -8 -272 0 1 0 169.0625 -2 1 0 1
0 29 -8 -160.001 0 1 0 169 -1.125008 1 0 1
0 29 -8 -272 0 1 0 169 -2 1 0 1
wood_wooddoor032a
0 29 -16 -272 0 -1 0 -169.125 -2 1 0 1
0 29 -16 -160.001 0 -1 0 -169.125 -1.125008 1 0 1
0 25 -16 -164.001 0 -1 0 -169.1875 -1.156258 1 0 1
wood_wooddoor032a
0 29 -16 -272 0 -1 0 -169.125 -2 1 0 1
0 25 -16 -164.001 0 -1 0 -169.1875 -1.156258 1 0 1
0 25 -16 -272 0 -1 0 -169.1875 -2 1 0 1
wood_wooddoor032a
0 25 -16 -272 -1 0 0 181.214844 -2 1 0 1
0 25 -16 -164.001 -1 0 0 181.214844 -1.156258 1 0 1
0 25 -8 -164.001 -1 0 0 181.089844 -1.156258 1 0 1
wood_wooddoor032a
0 25 -16 -272 -1 0 0 181.214844 -2 1 0 1
0 25 -8 -164.001 -1 0 0 181.089844 -1.156258 1 0 1
0 25 -8 -272 -1 0 0 181.089844 -2 1 0 1
wood_woodstair002c
0 -320 -144 -72 0 0 -1 183.625 -348 1 0 1
0 -320 -136 -72 0 0 -1 183.5 -348 1 0 1
0 -248 -136 -72 0 0 -1 183.5 -345.75 1 0 1
wood_woodstair002c
0 -320 -144 -72 0 0 -1 183.625 -348 1 0 1
0 -248 -136 -72 0 0 -1 183.5 -345.75 1 0 1
0 -248 -144 -72 0 0 -1 183.625 -345.75 1 0 1
wood_woodstair002c
0 -248 -144 -64 0 0 1 183.625 -345.75 1 0 1
0 -248 -136 -64 0 0 1 183.5 -345.75 1 0 1
0 -320 -136 -64 0 0 1 183.5 -348 1 0 1
wood_woodstair002c
0 -248 -144 -64 0 0 1 183.625 -345.75 1 0 1
0 -320 -136 -64 0 0 1 183.5 -348 1 0 1
0 -320 -144 -64 0 0 1 183.625 -348 1 0 1
wood_woodstair002a
0 -248 -136 -64 0 1 0 -231.178971 -20.5 1 0 1
0 -248 -136 -72 0 1 0 -231.178971 -21.5 1 0 1
0 -320 -136 -72 0 1 0 -232.678172 -21.5 1 0 1
wood_woodstair002a
0 -248 -136 -64 0 1 0 -231.178971 -20.5 1 0 1
0 -320 -136 -72 0 1 0 -232.678172 -21.5 1 0 1
0 -320 -136 -64 0 1 0 -232.678172 -20.5 1 0 1
wood_woodstair002a
0 -248 -144 -72 0 -1 0 -231.178971 -21.5 1 0 1
0 -248 -144 -64 0 -1 0 -231.178971 -20.5 1 0 1
0 -320 -144 -64 0 -1 0 -232.678172 -20.5 1 0 1
wood_woodstair002a
0 -248 -144 -72 0 -1 0 -231.178971 -21.5 1 0 1
0 -320 -144 -64 0 -1 0 -232.678172 -20.5 1 0 1
0 -320 -144 -72 0 -1 0 -232.678172 -21.5 1 0 1
plaster_plasterwall029a
0 -412 -8 -46 0 1 0 -87.984375 0.234375 1 0 1
0 -412 -8 -118 0 1 0 -87.984375 -0.328125 1 0 1
0 -414 -8 -118 0 1 0 -88 -0.328125 1 0 1
plaster_plasterwall029a
0 -412 -8 -46 0 1 0 -87.984375 0.234375 1 0 1
0 -414 -8 -118 0 1 0 -88 -0.328125 1 0 1
0 -414 -8 -46 0 1 0 -88 0.234375 1 0 1
plaster_wallpaper002b
0 -412 -12 -118 0 -1 0 -87.984375 -0.796875 1 0 1
0 -412 -12 -46 0 -1 0 -87.984375 -0.234375 1 0 1
0 -414 -12 -46 0 -1 0 -88 -0.234375 1 0 1
plaster_wallpaper002b
0 -412 -12 -118 0 -1 0 -87.984375 -0.796875 1 0 1
0 -414 -12 -46 0 -1 0 -88 -0.234375 1 0 1
0 -414 -12 -118 0 -1 0 -88 -0.796875 1 0 1
plaster_plasterwall029a
0 -414 -12 -118 -1 0 0 91.28125 -0.328125 1 0 1
0 -414 -12 -46 -1 0 0 91.28125 0.234375 1 0 1
0 -414 -8 -46 -1 0 0 91.25 0.234375 1 0 1
plaster_plasterwall029a
0 -414 -12 -118 -1 0 0 91.28125 -0.328125 1 0 1
0 -414 -8 -46 -1 0 0 91.25 0.234375 1 0 1
0 -414 -8 -118 -1 0 0 91.25 -0.328125 1 0 1
plaster_plasterwall029a
0 -412 -12 -46 1 0 0 91.28125 0.234375 1 0 1
0 -412 -12 -118 1 0 0 91.28125 -0.328125 1 0 1
0 -412 -8 -118 1 0 0 91.25 -0.328125 1 0 1
plaster_plasterwall029a
0 -412 -12 -46 1 0 0 91.28125 0.234375 1 0 1
0 -412 -8 -118 1 0 0 91.25 -0.328125 1 0 1
0 -412 -8 -46 1 0 0 91.25 0.234375 1 0 1
plaster_plasterwall029a
0 -412 -12 -118 0 0 -1 91.28125 -86.984375 1 0 1
0 -414 -12 -118 0 0 -1 91.28125 -87 1 0 1
0 -414 -8 -118 0 0 -1 91.25 -87 1 0 1
plaster_plasterwall029a
0 -412 -12 -118 0 0 -1 91.28125 -86.984375 1 0 1
0 -414 -8 -118 0 0 -1 91.25 -87 1 0 1
0 -412 -8 -118 0 0 -1 91.25 -86.984375 1 0 1
plaster_plasterwall029a
0 -414 -12 -46 0 0 1 91.28125 -87 1 0 1
0 -412 -12 -46 0 0 1 91.28125 -86.984375 1 0 1
0 -412 -8 -46 0 0 1 91.25 -86.984375 1 0 1
plaster_plasterwall029a
0 -414 -12 -46 0 0 1 91.28125 -87 1 0 1
0 -412 -8 -46 0 0 1 91.25 -86.984375 1 0 1
0 -414 -8 -46 0 0 1 91.25 -87 1 0 1
wood_woodstair002a
0 -248 -152 -176 0 1 0 -231.178971 -34.5 1 0 1
0 -248 -152 -184 0 1 0 -231.178971 -35.5 1 0 1
0 -320 -152 -184 0 1 0 -232.678172 -35.5 1 0 1
wood_woodstair002a
0 -248 -152 -176 0 1 0 -231.178971 -34.5 1 0 1
0 -320 -152 -184 0 1 0 -232.678172 -35.5 1 0 1
0 -320 -152 -176 0 1 0 -232.678172 -34.5 1 0 1
wood_woodstair002a
0 -248 -160 -184 0 -1 0 -231.178971 -35.5 1 0 1
0 -248 -160 -176 0 -1 0 -231.178971 -34.5 1 0 1
0 -320 -160 -176 0 -1 0 -232.678172 -34.5 1 0 1
wood_woodstair002a
0 -248 -160 -184 0 -1 0 -231.178971 -35.5 1 0 1
0 -320 -160 -176 0 -1 0 -232.678172 -34.5 1 0 1
0 -320 -160 -184 0 -1 0 -232.678172 -35.5 1 0 1
wood_woodstair002c
0 -248 -160 -184 0 0 -1 183.875 -345.75 1 0 1
0 -320 -160 -184 0 0 -1 183.875 -348 1 0 1
0 -320 -152 -184 0 0 -1 183.75 -348 1 0 1
wood_woodstair002c
0 -248 -160 -184 0 0 -1 183.875 -345.75 1 0 1
0 -320 -152 -184 0 0 -1 183.75 -348 1 0 1
0 -248 -152 -184 0 0 -1 183.75 -345.75 1 0 1
wood_woodstair002c
0 -320 -160 -176 0 0 1 183.875 -348 1 0 1
0 -248 -160 -176 0 0 1 183.875 -345.75 1 0 1
0 -248 -152 -176 0 0 1 183.75 -345.75 1 0 1
wood_woodstair002c
0 -320 -160 -176 0 0 1 183.875 -348 1 0 1
0 -248 -152 -176 0 0 1 183.75 -345.75 1 0 1
0 -320 -152 -176 0 0 1 183.75 -348 1 0 1
wood_woodstair002a
0 -248 -88 -112 0 1 0 -231.178971 -26.5 1 0 1
0 -248 -88 -120 0 1 0 -231.178971 -27.5 1 0 1
0 -320 -88 -120 0 1 0 -232.678172 -27.5 1 0 1
wood_woodstair002a
0 -248 -88 -112 0 1 0 -231.178971 -26.5 1 0 1
0 -320 -88 -120 0 1 0 -232.678172 -27.5 1 0 1
0 -320 -88 -112 0 1 0 -232.678172 -26.5 1 0 1
wood_woodstair002a
0 -248 -96 -120 0 -1 0 -231.178971 -27.5 1 0 1
0 -248 -96 -112 0 -1 0 -231.178971 -26.5 1 0 1
0 -320 -96 -112 0 -1 0 -232.678172 -26.5 1 0 1
wood_woodstair002a
0 -248 -96 -120 0 -1 0 -231.178971 -27.5 1 0 1
0 -320 -96 -112 0 -1 0 -232.678172 -26.5 1 0 1
0 -320 -96 -120 0 -1 0 -232.678172 -27.5 1 0 1
wood_woodstair002c
0 -248 -96 -120 0 0 -1 182.875 -345.75 1 0 1
0 -320 -96 -120 0 0 -1 182.875 -348 1 0 1
0 -320 -88 -120 0 0 -1 182.75 -348 1 0 1
wood_woodstair002c
0 -248 -96 -120 0 0 -1 182.875 -345.75 1 0 1
0 -320 -88 -120 0 0 -1 182.75 -348 1 0 1
0 -248 -88 -120 0 0 -1 182.75 -345.75 1 0 1
wood_woodstair002c
0 -320 -96 -112 0 0 1 182.875 -348 1 0 1
0 -248 -96 -112 0 0 1 182.875 -345.75 1 0 1
0 -248 -88 -112 0 0 1 182.75 -345.75 1 0 1
wood_woodstair002c
0 -320 -96 -112 0 0 1 182.875 -348 1 0 1
0 -248 -88 -112 0 0 1 182.75 -345.75 1 0 1
0 -320 -88 -112 0 0 1 182.75 -348 1 0 1
wood_woodstair002a
0 -248 -128 -321 0 1 0 -230.19069 -52.5 1 0 1
0 -248 -128 -329 0 1 0 -230.19069 -53.5 1 0 1
0 -320 -128 -329 0 1 0 -231.68989 -53.5 1 0 1
wood_woodstair002a
0 -248 -128 -321 0 1 0 -230.19069 -52.5 1 0 1
0 -320 -128 -329 0 1 0 -231.68989 -53.5 1 0 1
0 -320 -128 -321 0 1 0 -231.68989 -52.5 1 0 1
wood_woodstair002a
0 -248 -136 -329 0 -1 0 -230.19069 -53.5 1 0 1
0 -248 -136 -321 0 -1 0 -230.19069 -52.5 1 0 1
0 -320 -136 -321 0 -1 0 -231.68989 -52.5 1 0 1
wood_woodstair002a
0 -248 -136 -329 0 -1 0 -230.19069 -53.5 1 0 1
0 -320 -136 -321 0 -1 0 -231.68989 -52.5 1 0 1
0 -320 -136 -329 0 -1 0 -231.68989 -53.5 1 0 1
wood_woodstair002c
0 -248 -136 -329 0 0 -1 183.5 -344.765625 1 0 1
0 -320 -136 -329 0 0 -1 183.5 -347.015625 1 0 1
0 -320 -128 -329 0 0 -1 183.375 -347.015625 1 0 1
wood_woodstair002c
0 -248 -136 -329 0 0 -1 183.5 -344.765625 1 0 1
0 -320 -128 -329 0 0 -1 183.375 -347.015625 1 0 1
0 -248 -128 -329 0 0 -1 183.375 -344.765625 1 0 1
wood_woodstair002c
0 -320 -136 -321 0 0 1 183.5 -347.015625 1 0 1
0 -248 -136 -321 0 0 1 183.5 -344.765625 1 0 1
0 -248 -128 -321 0 0 1 183.375 -344.765625 1 0 1
wood_woodstair002c
0 -320 -136 -321 0 0 1 183.5 -347.015625 1 0 1
0 -248 -128 -321 0 0 1 183.375 -344.765625 1 0 1
0 -320 -128 -321 0 0 1 183.375 -347.015625 1 0 1
wood_woodstair002c
0 -320 -144 -200 0 0 -1 183.625 -348 1 0 1
0 -320 -136 -200 0 0 -1 183.5 -348 1 0 1
0 -248 -136 -200 0 0 -1 183.5 -345.75 1 0 1
wood_woodstair002c
0 -320 -144 -200 0 0 -1 183.625 -348 1 0 1
0 -248 -136 -200 0 0 -1 183.5 -345.75 1 0 1
0 -248 -144 -200 0 0 -1 183.625 -345.75 1 0 1
wood_woodstair002c
0 -248 -144 -192 0 0 1 183.625 -345.75 1 0 1
0 -248 -136 -192 0 0 1 183.5 -345.75 1 0 1
0 -320 -136 -192 0 0 1 183.5 -348 1 0 1
wood_woodstair002c
0 -248 -144 -192 0 0 1 183.625 -345.75 1 0 1
0 -320 -136 -192 0 0 1 183.5 -348 1 0 1
0 -320 -144 -192 0 0 1 183.625 -348 1 0 1
wood_woodstair002a
0 -248 -136 -192 0 1 0 -231.178971 -36.5 1 0 1
0 -248 -136 -200 0 1 0 -231.178971 -37.5 1 0 1
0 -320 -136 -200 0 1 0 -232.678172 -37.5 1 0 1
wood_woodstair002a
0 -248 -136 -192 0 1 0 -231.178971 -36.5 1 0 1
0 -320 -136 -200 0 1 0 -232.678172 -37.5 1 0 1
0 -320 -136 -192 0 1 0 -232.678172 -36.5 1 0 1
wood_woodstair002a
0 -248 -144 -200 0 -1 0 -231.178971 -37.5 1 0 1
0 -248 -144 -192 0 -1 0 -231.178971 -36.5 1 0 1
0 -320 -144 -192 0 -1 0 -232.678172 -36.5 1 0 1
wood_woodstair002a
0 -248 -144 -200 0 -1 0 -231.178971 -37.5 1 0 1
0 -320 -144 -192 0 -1 0 -232.678172 -36.5 1 0 1
0 -320 -144 -200 0 -1 0 -232.678172 -37.5 1 0 1
wood_woodstair002c
0 -320 -160 -305 0 0 -1 183.5 -347.015625 1 0 1
0 -320 -152 -305 0 0 -1 183.375 -347.015625 1 0 1
0 -248 -152 -305 0 0 -1 183.375 -344.765625 1 0 1
wood_woodstair002c
0 -320 -160 -305 0 0 -1 183.5 -347.015625 1 0 1
0 -248 -152 -305 0 0 -1 183.375 -344.765625 1 0 1
0 -248 -160 -305 0 0 -1 183.5 -344.765625 1 0 1
wood_woodstair002c
0 -248 -160 -297 0 0 1 183.5 -344.765625 1 0 1
0 -248 -152 -297 0 0 1 183.375 -344.765625 1 0 1
0 -320 -152 -297 0 0 1 183.375 -347.015625 1 0 1
wood_woodstair002c
0 -248 -160 -297 0 0 1 183.5 -344.765625 1 0 1
0 -320 -152 -297 0 0 1 183.375 -347.015625 1 0 1
0 -320 -160 -297 0 0 1 183.5 -347.015625 1 0 1
wood_woodstair002a
0 -248 -152 -297 0 1 0 -230.19069 -49.5 1 0 1
0 -248 -152 -305 0 1 0 -230.19069 -50.5 1 0 1
0 -320 -152 -305 0 1 0 -231.68989 -50.5 1 0 1
wood_woodstair002a
0 -248 -152 -297 0 1 0 -230.19069 -49.5 1 0 1
0 -320 -152 -305 0 1 0 -231.68989 -50.5 1 0 1
0 -320 -152 -297 0 1 0 -231.68989 -49.5 1 0 1
wood_woodstair002a
0 -248 -160 -305 0 -1 0 -230.19069 -50.5 1 0 1
0 -248 -160 -297 0 -1 0 -230.19069 -49.5 1 0 1
0 -320 -160 -297 0 -1 0 -231.68989 -49.5 1 0 1
wood_woodstair002a
0 -248 -160 -305 0 -1 0 -230.19069 -50.5 1 0 1
0 -320 -160 -297 0 -1 0 -231.68989 -49.5 1 0 1
0 -320 -160 -305 0 -1 0 -231.68989 -50.5 1 0 1
wood_woodshelf002a
0 -165 -16 -114 1 0 0 174.542819 -0.765447 1 0 1
0 -165 -8 -114 1 0 0 174.422626 -0.765447 1 0 1
0 -165 -8 -46 1 0 0 174.422626 -0.161754 1 0 1
wood_woodshelf002a
0 -165 -16 -114 1 0 0 174.542819 -0.765447 1 0 1
0 -165 -8 -46 1 0 0 174.422626 -0.161754 1 0 1
0 -165 -16 -46 1 0 0 174.542819 -0.161754 1 0 1
wood_woodshelf002a
0 -165 -8 -46 0 1 0 -165.840745 -0.161754 1 0 1
0 -165 -8 -114 0 1 0 -165.840745 -0.765447 1 0 1
0 -167 -8 -114 0 1 0 -165.870793 -0.765447 1 0 1
wood_woodshelf002a
0 -165 -8 -46 0 1 0 -165.840745 -0.161754 1 0 1
0 -167 -8 -114 0 1 0 -165.870793 -0.765447 1 0 1
0 -167 -8 -46 0 1 0 -165.870793 -0.161754 1 0 1
wood_woodshelf002a
0 -165 -16 -114 0 -1 0 -165.840745 -0.765447 1 0 1
0 -165 -16 -46 0 -1 0 -165.840745 -0.161754 1 0 1
0 -167 -16 -46 0 -1 0 -165.870793 -0.161754 1 0 1
wood_woodshelf002a
0 -165 -16 -114 0 -1 0 -165.840745 -0.765447 1 0 1
0 -167 -16 -46 0 -1 0 -165.870793 -0.161754 1 0 1
0 -167 -16 -114 0 -1 0 -165.870793 -0.765447 1 0 1
wood_woodstair002a
0 -248 -72 -128 0 1 0 -231.178971 -28.5 1 0 1
0 -248 -72 -136 0 1 0 -231.178971 -29.5 1 0 1
0 -320 -72 -136 0 1 0 -232.678172 -29.5 1 0 1
wood_woodstair002a
0 -248 -72 -128 0 1 0 -231.178971 -28.5 1 0 1
0 -320 -72 -136 0 1 0 -232.678172 -29.5 1 0 1
0 -320 -72 -128 0 1 0 -232.678172 -28.5 1 0 1
wood_woodstair002a
0 -248 -80 -136 0 -1 0 -231.178971 -29.5 1 0 1
0 -248 -80 -128 0 -1 0 -231.178971 -28.5 1 0 1
0 -320 -80 -128 0 -1 0 -232.678172 -28.5 1 0 1
wood_woodstair002a
0 -248 -80 -136 0 -1 0 -231.178971 -29.5 1 0 1
0 -320 -80 -128 0 -1 0 -232.678172 -28.5 1 0 1
0 -320 -80 -136 0 -1 0 -232.678172 -29.5 1 0 1
wood_woodstair002c
0 -248 -80 -136 0 0 -1 182.625 -345.75 1 0 1
0 -320 -80 -136 0 0 -1 182.625 -348 1 0 1
0 -320 -72 -136 0 0 -1 182.5 -348 1 0 1
wood_woodstair002c
0 -248 -80 -136 0 0 -1 182.625 -345.75 1 0 1
0 -320 -72 -136 0 0 -1 182.5 -348 1 0 1
0 -248 -72 -136 0 0 -1 182.5 -345.75 1 0 1
wood_woodstair002c
0 -320 -80 -128 0 0 1 182.625 -348 1 0 1
0 -248 -80 -128 0 0 1 182.625 -345.75 1 0 1
0 -248 -72 -128 0 0 1 182.5 -345.75 1 0 1
wood_woodstair002c
0 -320 -80 -128 0 0 1 182.625 -348 1 0 1
0 -248 -72 -128 0 0 1 182.5 -345.75 1 0 1
0 -320 -72 -128 0 0 1 182.5 -348 1 0 1
wood_woodstair002a
0 -248 -120 -329 0 1 0 -230.19069 -53.5 1 0 1
0 -248 -120 -337 0 1 0 -230.19069 -54.5 1 0 1
0 -320 -120 -337 0 1 0 -231.68989 -54.5 1 0 1
wood_woodstair002a
0 -248 -120 -329 0 1 0 -230.19069 -53.5 1 0 1
0 -320 -120 -337 0 1 0 -231.68989 -54.5 1 0 1
0 -320 -120 -329 0 1 0 -231.68989 -53.5 1 0 1
wood_woodstair002a
0 -248 -128 -337 0 -1 0 -230.19069 -54.5 1 0 1
0 -248 -128 -329 0 -1 0 -230.19069 -53.5 1 0 1
0 -320 -128 -329 0 -1 0 -231.68989 -53.5 1 0 1
wood_woodstair002a
0 -248 -128 -337 0 -1 0 -230.19069 -54.5 1 0 1
0 -320 -128 -329 0 -1 0 -231.68989 -53.5 1 0 1
0 -320 -128 -337 0 -1 0 -231.68989 -54.5 1 0 1
wood_woodstair002c
0 -248 -128 -337 0 0 -1 183.375 -344.765625 1 0 1
0 -320 -128 -337 0 0 -1 183.375 -347.015625 1 0 1
0 -320 -120 -337 0 0 -1 183.25 -347.015625 1 0 1
wood_woodstair002c
0 -248 -128 -337 0 0 -1 183.375 -344.765625 1 0 1
0 -320 -120 -337 0 0 -1 183.25 -347.015625 1 0 1
0 -248 -120 -337 0 0 -1 183.25 -344.765625 1 0 1
wood_woodstair002c
0 -320 -128 -329 0 0 1 183.375 -347.015625 1 0 1
0 -248 -128 -329 0 0 1 183.375 -344.765625 1 0 1
0 -248 -120 -329 0 0 1 183.25 -344.765625 1 0 1
wood_woodstair002c
0 -320 -128 -329 0 0 1 183.375 -347.015625 1 0 1
0 -248 -120 -329 0 0 1 183.25 -344.765625 1 0 1
0 -320 -120 -329 0 0 1 183.25 -347.015625 1 0 1
plaster_plasterwall029a
0 -414 -12 -174 0 0 1 91.28125 -87 1 0 1
0 -412 -12 -174 0 0 1 91.28125 -86.984375 1 0 1
0 -412 -8 -174 0 0 1 91.25 -86.984375 1 0 1
plaster_plasterwall029a
0 -414 -12 -174 0 0 1 91.28125 -87 1 0 1
0 -412 -8 -174 0 0 1 91.25 -86.984375 1 0 1
0 -414 -8 -174 0 0 1 91.25 -87 1 0 1
plaster_plasterwall029a
0 -414 -8 -246 0 1 0 -88 -1.328125 1 0 1
0 -414 -8 -174 0 1 0 -88 -0.765625 1 0 1
0 -412 -8 -174 0 1 0 -87.984375 -0.765625 1 0 1
plaster_plasterwall029a
0 -414 -8 -246 0 1 0 -88 -1.328125 1 0 1
0 -412 -8 -174 0 1 0 -87.984375 -0.765625 1 0 1
0 -412 -8 -246 0 1 0 -87.984375 -1.328125 1 0 1
plaster_plasterwall029a
0 -412 -12 -246 0 -1 0 -87.984375 -1.328125 1 0 1
0 -412 -12 -174 0 -1 0 -87.984375 -0.765625 1 0 1
0 -414 -12 -174 0 -1 0 -88 -0.765625 1 0 1
plaster_plasterwall029a
0 -412 -12 -246 0 -1 0 -87.984375 -1.328125 1 0 1
0 -414 -12 -174 0 -1 0 -88 -0.765625 1 0 1
0 -414 -12 -246 0 -1 0 -88 -1.328125 1 0 1
plaster_plasterwall029a
0 -414 -12 -246 -1 0 0 91.28125 -1.328125 1 0 1
0 -414 -12 -174 -1 0 0 91.28125 -0.765625 1 0 1
0 -414 -8 -174 -1 0 0 91.25 -0.765625 1 0 1
plaster_plasterwall029a
0 -414 -12 -246 -1 0 0 91.28125 -1.328125 1 0 1
0 -414 -8 -174 -1 0 0 91.25 -0.765625 1 0 1
0 -414 -8 -246 -1 0 0 91.25 -1.328125 1 0 1
plaster_plasterwall029a
0 -412 -8 -246 1 0 0 91.25 -1.328125 1 0 1
0 -412 -8 -174 1 0 0 91.25 -0.765625 1 0 1
0 -412 -12 -174 1 0 0 91.28125 -0.765625 1 0 1
plaster_plasterwall029a
0 -412 -8 -246 1 0 0 91.25 -1.328125 1 0 1
0 -412 -12 -174 1 0 0 91.28125 -0.765625 1 0 1
0 -412 -12 -246 1 0 0 91.28125 -1.328125 1 0 1
plaster_plasterwall029a
0 -412 -12 -246 0 0 -1 91.28125 -86.984375 1 0 1
0 -414 -12 -246 0 0 -1 91.28125 -87 1 0 1
0 -414 -8 -246 0 0 -1 91.25 -87 1 0 1
plaster_plasterwall029a
0 -412 -12 -246 0 0 -1 91.28125 -86.984375 1 0 1
0 -414 -8 -246 0 0 -1 91.25 -87 1 0 1
0 -412 -8 -246 0 0 -1 91.25 -86.984375 1 0 1
plaster_plasterwall029a
0 -266 -12 -120 0 0 -1 91.28125 -85.84375 1 0 1
0 -314 -12 -120 0 0 -1 91.28125 -86.21875 1 0 1
0 -314 -8 -120 0 0 -1 91.25 -86.21875 1 0 1
plaster_plasterwall029a
0 -266 -12 -120 0 0 -1 91.28125 -85.84375 1 0 1
0 -314 -8 -120 0 0 -1 91.25 -86.21875 1 0 1
0 -266 -8 -120 0 0 -1 91.25 -85.84375 1 0 1
plaster_plasterwall029a
0 -314 -12 -118 0 0 1 91.28125 -86.21875 1 0 1
0 -266 -12 -118 0 0 1 91.28125 -85.84375 1 0 1
0 -266 -8 -118 0 0 1 91.25 -85.84375 1 0 1
plaster_plasterwall029a
0 -314 -12 -118 0 0 1 91.28125 -86.21875 1 0 1
0 -266 -8 -118 0 0 1 91.25 -85.84375 1 0 1
0 -314 -8 -118 0 0 1 91.25 -86.21875 1 0 1
plaster_plasterwall029a
0 -266 -8 -120 0 1 0 -86.84375 -0.34375 1 0 1
0 -314 -8 -120 0 1 0 -87.21875 -0.34375 1 0 1
0 -314 -8 -118 0 1 0 -87.21875 -0.328125 1 0 1
plaster_plasterwall029a
0 -266 -8 -120 0 1 0 -86.84375 -0.34375 1 0 1
0 -314 -8 -118 0 1 0 -87.21875 -0.328125 1 0 1
0 -266 -8 -118 0 1 0 -86.84375 -0.328125 1 0 1
plaster_plasterwall029a
0 -266 -12 -118 0 -1 0 -86.84375 -0.328125 1 0 1
0 -314 -12 -118 0 -1 0 -87.21875 -0.328125 1 0 1
0 -314 -12 -120 0 -1 0 -87.21875 -0.34375 1 0 1
plaster_plasterwall029a
0 -266 -12 -118 0 -1 0 -86.84375 -0.328125 1 0 1
0 -314 -12 -120 0 -1 0 -87.21875 -0.34375 1 0 1
0 -266 -12 -120 0 -1 0 -86.84375 -0.34375 1 0 1
plaster_plasterwall029a
0 -314 -12 -118 -1 0 0 91.28125 -0.328125 1 0 1
0 -314 -8 -118 -1 0 0 91.25 -0.328125 1 0 1
0 -314 -8 -120 -1 0 0 91.25 -0.34375 1 0 1
plaster_plasterwall029a
0 -314 -12 -118 -1 0 0 91.28125 -0.328125 1 0 1
0 -314 -8 -120 -1 0 0 91.25 -0.34375 1 0 1
0 -314 -12 -120 -1 0 0 91.28125 -0.34375 1 0 1
plaster_plasterwall029a
0 -266 -12 -120 1 0 0 91.28125 -0.34375 1 0 1
0 -266 -8 -120 1 0 0 91.25 -0.34375 1 0 1
0 -266 -8 -118 1 0 0 91.25 -0.328125 1 0 1
plaster_plasterwall029a
0 -266 -12 -120 1 0 0 91.28125 -0.34375 1 0 1
0 -266 -8 -118 1 0 0 91.25 -0.328125 1 0 1
0 -266 -12 -118 1 0 0 91.28125 -0.328125 1 0 1
end
