version 1
nodes
0 "root" -1
end
skeleton
time 0
0 0 0 0 0 0 0
end
triangles
phys
0 1 -142 29 0 0 1 1 0 1 0 1
0 -11 -142 29 0 0 1 1 0 1 0 1
0 -11 -130 29 0 0 1 1 0 1 0 1
phys
0 1 -142 29 0 0 1 1 0 1 0 1
0 -11 -130 29 0 0 1 1 0 1 0 1
0 1 -130 29 0 0 1 1 0 1 0 1
phys
0 -11 -142 31 0 0 1 1 0 1 0 1
0 1 -142 31 0 0 1 1 0 1 0 1
0 1 -130 31 0 0 1 1 0 1 0 1
phys
0 -11 -142 31 0 0 1 1 0 1 0 1
0 1 -130 31 0 0 1 1 0 1 0 1
0 -11 -130 31 0 0 1 1 0 1 0 1
phys
0 1 -130 29 0 0 1 1 0 1 0 1
0 -11 -130 29 0 0 1 1 0 1 0 1
0 -11 -130 31 0 0 1 1 0 1 0 1
phys
0 1 -130 29 0 0 1 1 0 1 0 1
0 -11 -130 31 0 0 1 1 0 1 0 1
0 1 -130 31 0 0 1 1 0 1 0 1
phys
0 1 -142 31 0 0 1 1 0 1 0 1
0 -11 -142 31 0 0 1 1 0 1 0 1
0 -11 -142 29 0 0 1 1 0 1 0 1
phys
0 1 -142 31 0 0 1 1 0 1 0 1
0 -11 -142 29 0 0 1 1 0 1 0 1
0 1 -142 29 0 0 1 1 0 1 0 1
phys
0 1 -142 29 0 0 1 1 0 1 0 1
0 1 -130 29 0 0 1 1 0 1 0 1
0 1 -130 31 0 0 1 1 0 1 0 1
phys
0 1 -142 29 0 0 1 1 0 1 0 1
0 1 -130 31 0 0 1 1 0 1 0 1
0 1 -142 31 0 0 1 1 0 1 0 1
phys
0 -11 -142 31 0 0 1 1 0 1 0 1
0 -11 -130 31 0 0 1 1 0 1 0 1
0 -11 -130 29 0 0 1 1 0 1 0 1
phys
0 -11 -142 31 0 0 1 1 0 1 0 1
0 -11 -130 29 0 0 1 1 0 1 0 1
0 -11 -142 29 0 0 1 1 0 1 0 1
phys
0 3 -128 31 0 0 1 2 0 1 0 1
0 -13 -128 31 0 0 1 2 0 1 0 1
0 -13 -112 31 0 0 1 2 0 1 0 1
phys
0 3 -128 31 0 0 1 2 0 1 0 1
0 -13 -112 31 0 0 1 2 0 1 0 1
0 3 -112 31 0 0 1 2 0 1 0 1
phys
0 -13 -128 35 0 0 1 2 0 1 0 1
0 3 -128 35 0 0 1 2 0 1 0 1
0 3 -112 35 0 0 1 2 0 1 0 1
phys
0 -13 -128 35 0 0 1 2 0 1 0 1
0 3 -112 35 0 0 1 2 0 1 0 1
0 -13 -112 35 0 0 1 2 0 1 0 1
phys
0 3 -112 31 0 0 1 2 0 1 0 1
0 -13 -112 31 0 0 1 2 0 1 0 1
0 -13 -112 35 0 0 1 2 0 1 0 1
phys
0 3 -112 31 0 0 1 2 0 1 0 1
0 -13 -112 35 0 0 1 2 0 1 0 1
0 3 -112 35 0 0 1 2 0 1 0 1
phys
0 3 -128 35 0 0 1 2 0 1 0 1
0 -13 -128 35 0 0 1 2 0 1 0 1
0 -13 -128 31 0 0 1 2 0 1 0 1
phys
0 3 -128 35 0 0 1 2 0 1 0 1
0 -13 -128 31 0 0 1 2 0 1 0 1
0 3 -128 31 0 0 1 2 0 1 0 1
phys
0 3 -128 31 0 0 1 2 0 1 0 1
0 3 -112 31 0 0 1 2 0 1 0 1
0 3 -112 35 0 0 1 2 0 1 0 1
phys
0 3 -128 31 0 0 1 2 0 1 0 1
0 3 -112 35 0 0 1 2 0 1 0 1
0 3 -128 35 0 0 1 2 0 1 0 1
phys
0 -13 -128 35 0 0 1 2 0 1 0 1
0 -13 -112 35 0 0 1 2 0 1 0 1
0 -13 -112 31 0 0 1 2 0 1 0 1
phys
0 -13 -128 35 0 0 1 2 0 1 0 1
0 -13 -112 31 0 0 1 2 0 1 0 1
0 -13 -128 31 0 0 1 2 0 1 0 1
phys
0 -9 -124 29 0 0 1 3 0 1 0 1
0 -1 -124 29 0 0 1 3 0 1 0 1
0 -1 -116 29 0 0 1 3 0 1 0 1
phys
0 -9 -124 29 0 0 1 3 0 1 0 1
0 -1 -116 29 0 0 1 3 0 1 0 1
0 -9 -116 29 0 0 1 3 0 1 0 1
phys
0 -1 -124 12 0 0 1 3 0 1 0 1
0 -9 -124 12 0 0 1 3 0 1 0 1
0 -9 -116 12 0 0 1 3 0 1 0 1
phys
0 -1 -124 12 0 0 1 3 0 1 0 1
0 -9 -116 12 0 0 1 3 0 1 0 1
0 -1 -116 12 0 0 1 3 0 1 0 1
phys
0 -1 -116 12 0 0 1 3 0 1 0 1
0 -9 -116 12 0 0 1 3 0 1 0 1
0 -9 -116 29 0 0 1 3 0 1 0 1
phys
0 -1 -116 12 0 0 1 3 0 1 0 1
0 -9 -116 29 0 0 1 3 0 1 0 1
0 -1 -116 29 0 0 1 3 0 1 0 1
phys
0 -1 -124 29 0 0 1 3 0 1 0 1
0 -9 -124 29 0 0 1 3 0 1 0 1
0 -9 -124 12 0 0 1 3 0 1 0 1
phys
0 -1 -124 29 0 0 1 3 0 1 0 1
0 -9 -124 12 0 0 1 3 0 1 0 1
0 -1 -124 12 0 0 1 3 0 1 0 1
phys
0 -1 -124 12 0 0 1 3 0 1 0 1
0 -1 -116 12 0 0 1 3 0 1 0 1
0 -1 -116 29 0 0 1 3 0 1 0 1
phys
0 -1 -124 12 0 0 1 3 0 1 0 1
0 -1 -116 29 0 0 1 3 0 1 0 1
0 -1 -124 29 0 0 1 3 0 1 0 1
phys
0 -9 -124 29 0 0 1 3 0 1 0 1
0 -9 -116 29 0 0 1 3 0 1 0 1
0 -9 -116 12 0 0 1 3 0 1 0 1
phys
0 -9 -124 29 0 0 1 3 0 1 0 1
0 -9 -116 12 0 0 1 3 0 1 0 1
0 -9 -124 12 0 0 1 3 0 1 0 1
phys
0 1 -126 29 0 0 1 4 0 1 0 1
0 -11 -126 29 0 0 1 4 0 1 0 1
0 -11 -114 29 0 0 1 4 0 1 0 1
phys
0 1 -126 29 0 0 1 4 0 1 0 1
0 -11 -114 29 0 0 1 4 0 1 0 1
0 1 -114 29 0 0 1 4 0 1 0 1
phys
0 -11 -126 31 0 0 1 4 0 1 0 1
0 1 -126 31 0 0 1 4 0 1 0 1
0 1 -114 31 0 0 1 4 0 1 0 1
phys
0 -11 -126 31 0 0 1 4 0 1 0 1
0 1 -114 31 0 0 1 4 0 1 0 1
0 -11 -114 31 0 0 1 4 0 1 0 1
phys
0 1 -114 29 0 0 1 4 0 1 0 1
0 -11 -114 29 0 0 1 4 0 1 0 1
0 -11 -114 31 0 0 1 4 0 1 0 1
phys
0 1 -114 29 0 0 1 4 0 1 0 1
0 -11 -114 31 0 0 1 4 0 1 0 1
0 1 -114 31 0 0 1 4 0 1 0 1
phys
0 1 -126 31 0 0 1 4 0 1 0 1
0 -11 -126 31 0 0 1 4 0 1 0 1
0 -11 -126 29 0 0 1 4 0 1 0 1
phys
0 1 -126 31 0 0 1 4 0 1 0 1
0 -11 -126 29 0 0 1 4 0 1 0 1
0 1 -126 29 0 0 1 4 0 1 0 1
phys
0 1 -126 29 0 0 1 4 0 1 0 1
0 1 -114 29 0 0 1 4 0 1 0 1
0 1 -114 31 0 0 1 4 0 1 0 1
phys
0 1 -126 29 0 0 1 4 0 1 0 1
0 1 -114 31 0 0 1 4 0 1 0 1
0 1 -126 31 0 0 1 4 0 1 0 1
phys
0 -11 -126 31 0 0 1 4 0 1 0 1
0 -11 -114 31 0 0 1 4 0 1 0 1
0 -11 -114 29 0 0 1 4 0 1 0 1
phys
0 -11 -126 31 0 0 1 4 0 1 0 1
0 -11 -114 29 0 0 1 4 0 1 0 1
0 -11 -126 29 0 0 1 4 0 1 0 1
phys
0 1 -126 10 0 0 1 5 0 1 0 1
0 -11 -126 10 0 0 1 5 0 1 0 1
0 -11 -114 10 0 0 1 5 0 1 0 1
phys
0 1 -126 10 0 0 1 5 0 1 0 1
0 -11 -114 10 0 0 1 5 0 1 0 1
0 1 -114 10 0 0 1 5 0 1 0 1
phys
0 -11 -126 12 0 0 1 5 0 1 0 1
0 1 -126 12 0 0 1 5 0 1 0 1
0 1 -114 12 0 0 1 5 0 1 0 1
phys
0 -11 -126 12 0 0 1 5 0 1 0 1
0 1 -114 12 0 0 1 5 0 1 0 1
0 -11 -114 12 0 0 1 5 0 1 0 1
phys
0 1 -114 10 0 0 1 5 0 1 0 1
0 -11 -114 10 0 0 1 5 0 1 0 1
0 -11 -114 12 0 0 1 5 0 1 0 1
phys
0 1 -114 10 0 0 1 5 0 1 0 1
0 -11 -114 12 0 0 1 5 0 1 0 1
0 1 -114 12 0 0 1 5 0 1 0 1
phys
0 1 -126 12 0 0 1 5 0 1 0 1
0 -11 -126 12 0 0 1 5 0 1 0 1
0 -11 -126 10 0 0 1 5 0 1 0 1
phys
0 1 -126 12 0 0 1 5 0 1 0 1
0 -11 -126 10 0 0 1 5 0 1 0 1
0 1 -126 10 0 0 1 5 0 1 0 1
phys
0 1 -126 10 0 0 1 5 0 1 0 1
0 1 -114 10 0 0 1 5 0 1 0 1
0 1 -114 12 0 0 1 5 0 1 0 1
phys
0 1 -126 10 0 0 1 5 0 1 0 1
0 1 -114 12 0 0 1 5 0 1 0 1
0 1 -126 12 0 0 1 5 0 1 0 1
phys
0 -11 -126 12 0 0 1 5 0 1 0 1
0 -11 -114 12 0 0 1 5 0 1 0 1
0 -11 -114 10 0 0 1 5 0 1 0 1
phys
0 -11 -126 12 0 0 1 5 0 1 0 1
0 -11 -114 10 0 0 1 5 0 1 0 1
0 -11 -126 10 0 0 1 5 0 1 0 1
phys
0 3 -128 6 0 0 1 6 0 1 0 1
0 -13 -128 6 0 0 1 6 0 1 0 1
0 -13 -112 6 0 0 1 6 0 1 0 1
phys
0 3 -128 6 0 0 1 6 0 1 0 1
0 -13 -112 6 0 0 1 6 0 1 0 1
0 3 -112 6 0 0 1 6 0 1 0 1
phys
0 -13 -128 10 0 0 1 6 0 1 0 1
0 3 -128 10 0 0 1 6 0 1 0 1
0 3 -112 10 0 0 1 6 0 1 0 1
phys
0 -13 -128 10 0 0 1 6 0 1 0 1
0 3 -112 10 0 0 1 6 0 1 0 1
0 -13 -112 10 0 0 1 6 0 1 0 1
phys
0 3 -112 6 0 0 1 6 0 1 0 1
0 -13 -112 6 0 0 1 6 0 1 0 1
0 -13 -112 10 0 0 1 6 0 1 0 1
phys
0 3 -112 6 0 0 1 6 0 1 0 1
0 -13 -112 10 0 0 1 6 0 1 0 1
0 3 -112 10 0 0 1 6 0 1 0 1
phys
0 3 -128 10 0 0 1 6 0 1 0 1
0 -13 -128 10 0 0 1 6 0 1 0 1
0 -13 -128 6 0 0 1 6 0 1 0 1
phys
0 3 -128 10 0 0 1 6 0 1 0 1
0 -13 -128 6 0 0 1 6 0 1 0 1
0 3 -128 6 0 0 1 6 0 1 0 1
phys
0 3 -128 6 0 0 1 6 0 1 0 1
0 3 -112 6 0 0 1 6 0 1 0 1
0 3 -112 10 0 0 1 6 0 1 0 1
phys
0 3 -128 6 0 0 1 6 0 1 0 1
0 3 -112 10 0 0 1 6 0 1 0 1
0 3 -128 10 0 0 1 6 0 1 0 1
phys
0 -13 -128 10 0 0 1 6 0 1 0 1
0 -13 -112 10 0 0 1 6 0 1 0 1
0 -13 -112 6 0 0 1 6 0 1 0 1
phys
0 -13 -128 10 0 0 1 6 0 1 0 1
0 -13 -112 6 0 0 1 6 0 1 0 1
0 -13 -128 6 0 0 1 6 0 1 0 1
phys
0 3 -112 31 0 0 1 7 0 1 0 1
0 -13 -112 31 0 0 1 7 0 1 0 1
0 -13 -96 31 0 0 1 7 0 1 0 1
phys
0 3 -112 31 0 0 1 7 0 1 0 1
0 -13 -96 31 0 0 1 7 0 1 0 1
0 3 -96 31 0 0 1 7 0 1 0 1
phys
0 -13 -112 35 0 0 1 7 0 1 0 1
0 3 -112 35 0 0 1 7 0 1 0 1
0 3 -96 35 0 0 1 7 0 1 0 1
phys
0 -13 -112 35 0 0 1 7 0 1 0 1
0 3 -96 35 0 0 1 7 0 1 0 1
0 -13 -96 35 0 0 1 7 0 1 0 1
phys
0 3 -96 31 0 0 1 7 0 1 0 1
0 -13 -96 31 0 0 1 7 0 1 0 1
0 -13 -96 35 0 0 1 7 0 1 0 1
phys
0 3 -96 31 0 0 1 7 0 1 0 1
0 -13 -96 35 0 0 1 7 0 1 0 1
0 3 -96 35 0 0 1 7 0 1 0 1
phys
0 3 -112 35 0 0 1 7 0 1 0 1
0 -13 -112 35 0 0 1 7 0 1 0 1
0 -13 -112 31 0 0 1 7 0 1 0 1
phys
0 3 -112 35 0 0 1 7 0 1 0 1
0 -13 -112 31 0 0 1 7 0 1 0 1
0 3 -112 31 0 0 1 7 0 1 0 1
phys
0 3 -112 31 0 0 1 7 0 1 0 1
0 3 -96 31 0 0 1 7 0 1 0 1
0 3 -96 35 0 0 1 7 0 1 0 1
phys
0 3 -112 31 0 0 1 7 0 1 0 1
0 3 -96 35 0 0 1 7 0 1 0 1
0 3 -112 35 0 0 1 7 0 1 0 1
phys
0 -13 -112 35 0 0 1 7 0 1 0 1
0 -13 -96 35 0 0 1 7 0 1 0 1
0 -13 -96 31 0 0 1 7 0 1 0 1
phys
0 -13 -112 35 0 0 1 7 0 1 0 1
0 -13 -96 31 0 0 1 7 0 1 0 1
0 -13 -112 31 0 0 1 7 0 1 0 1
phys
0 1 -110 10 0 0 1 8 0 1 0 1
0 -11 -110 10 0 0 1 8 0 1 0 1
0 -11 -98 10 0 0 1 8 0 1 0 1
phys
0 1 -110 10 0 0 1 8 0 1 0 1
0 -11 -98 10 0 0 1 8 0 1 0 1
0 1 -98 10 0 0 1 8 0 1 0 1
phys
0 -11 -110 12 0 0 1 8 0 1 0 1
0 1 -110 12 0 0 1 8 0 1 0 1
0 1 -98 12 0 0 1 8 0 1 0 1
phys
0 -11 -110 12 0 0 1 8 0 1 0 1
0 1 -98 12 0 0 1 8 0 1 0 1
0 -11 -98 12 0 0 1 8 0 1 0 1
phys
0 1 -98 10 0 0 1 8 0 1 0 1
0 -11 -98 10 0 0 1 8 0 1 0 1
0 -11 -98 12 0 0 1 8 0 1 0 1
phys
0 1 -98 10 0 0 1 8 0 1 0 1
0 -11 -98 12 0 0 1 8 0 1 0 1
0 1 -98 12 0 0 1 8 0 1 0 1
phys
0 1 -110 12 0 0 1 8 0 1 0 1
0 -11 -110 12 0 0 1 8 0 1 0 1
0 -11 -110 10 0 0 1 8 0 1 0 1
phys
0 1 -110 12 0 0 1 8 0 1 0 1
0 -11 -110 10 0 0 1 8 0 1 0 1
0 1 -110 10 0 0 1 8 0 1 0 1
phys
0 1 -110 10 0 0 1 8 0 1 0 1
0 1 -98 10 0 0 1 8 0 1 0 1
0 1 -98 12 0 0 1 8 0 1 0 1
phys
0 1 -110 10 0 0 1 8 0 1 0 1
0 1 -98 12 0 0 1 8 0 1 0 1
0 1 -110 12 0 0 1 8 0 1 0 1
phys
0 -11 -110 12 0 0 1 8 0 1 0 1
0 -11 -98 12 0 0 1 8 0 1 0 1
0 -11 -98 10 0 0 1 8 0 1 0 1
phys
0 -11 -110 12 0 0 1 8 0 1 0 1
0 -11 -98 10 0 0 1 8 0 1 0 1
0 -11 -110 10 0 0 1 8 0 1 0 1
phys
0 3 -112 6 0 0 1 9 0 1 0 1
0 -13 -112 6 0 0 1 9 0 1 0 1
0 -13 -96 6 0 0 1 9 0 1 0 1
phys
0 3 -112 6 0 0 1 9 0 1 0 1
0 -13 -96 6 0 0 1 9 0 1 0 1
0 3 -96 6 0 0 1 9 0 1 0 1
phys
0 -13 -112 10 0 0 1 9 0 1 0 1
0 3 -112 10 0 0 1 9 0 1 0 1
0 3 -96 10 0 0 1 9 0 1 0 1
phys
0 -13 -112 10 0 0 1 9 0 1 0 1
0 3 -96 10 0 0 1 9 0 1 0 1
0 -13 -96 10 0 0 1 9 0 1 0 1
phys
0 3 -96 6 0 0 1 9 0 1 0 1
0 -13 -96 6 0 0 1 9 0 1 0 1
0 -13 -96 10 0 0 1 9 0 1 0 1
phys
0 3 -96 6 0 0 1 9 0 1 0 1
0 -13 -96 10 0 0 1 9 0 1 0 1
0 3 -96 10 0 0 1 9 0 1 0 1
phys
0 3 -112 10 0 0 1 9 0 1 0 1
0 -13 -112 10 0 0 1 9 0 1 0 1
0 -13 -112 6 0 0 1 9 0 1 0 1
phys
0 3 -112 10 0 0 1 9 0 1 0 1
0 -13 -112 6 0 0 1 9 0 1 0 1
0 3 -112 6 0 0 1 9 0 1 0 1
phys
0 3 -112 6 0 0 1 9 0 1 0 1
0 3 -96 6 0 0 1 9 0 1 0 1
0 3 -96 10 0 0 1 9 0 1 0 1
phys
0 3 -112 6 0 0 1 9 0 1 0 1
0 3 -96 10 0 0 1 9 0 1 0 1
0 3 -112 10 0 0 1 9 0 1 0 1
phys
0 -13 -112 10 0 0 1 9 0 1 0 1
0 -13 -96 10 0 0 1 9 0 1 0 1
0 -13 -96 6 0 0 1 9 0 1 0 1
phys
0 -13 -112 10 0 0 1 9 0 1 0 1
0 -13 -96 6 0 0 1 9 0 1 0 1
0 -13 -112 6 0 0 1 9 0 1 0 1
phys
0 -9 -108 29 0 0 1 10 0 1 0 1
0 -1 -108 29 0 0 1 10 0 1 0 1
0 -1 -100 29 0 0 1 10 0 1 0 1
phys
0 -9 -108 29 0 0 1 10 0 1 0 1
0 -1 -100 29 0 0 1 10 0 1 0 1
0 -9 -100 29 0 0 1 10 0 1 0 1
phys
0 -1 -108 12 0 0 1 10 0 1 0 1
0 -9 -108 12 0 0 1 10 0 1 0 1
0 -9 -100 12 0 0 1 10 0 1 0 1
phys
0 -1 -108 12 0 0 1 10 0 1 0 1
0 -9 -100 12 0 0 1 10 0 1 0 1
0 -1 -100 12 0 0 1 10 0 1 0 1
phys
0 -1 -100 12 0 0 1 10 0 1 0 1
0 -9 -100 12 0 0 1 10 0 1 0 1
0 -9 -100 29 0 0 1 10 0 1 0 1
phys
0 -1 -100 12 0 0 1 10 0 1 0 1
0 -9 -100 29 0 0 1 10 0 1 0 1
0 -1 -100 29 0 0 1 10 0 1 0 1
phys
0 -1 -108 29 0 0 1 10 0 1 0 1
0 -9 -108 29 0 0 1 10 0 1 0 1
0 -9 -108 12 0 0 1 10 0 1 0 1
phys
0 -1 -108 29 0 0 1 10 0 1 0 1
0 -9 -108 12 0 0 1 10 0 1 0 1
0 -1 -108 12 0 0 1 10 0 1 0 1
phys
0 -1 -108 12 0 0 1 10 0 1 0 1
0 -1 -100 12 0 0 1 10 0 1 0 1
0 -1 -100 29 0 0 1 10 0 1 0 1
phys
0 -1 -108 12 0 0 1 10 0 1 0 1
0 -1 -100 29 0 0 1 10 0 1 0 1
0 -1 -108 29 0 0 1 10 0 1 0 1
phys
0 -9 -108 29 0 0 1 10 0 1 0 1
0 -9 -100 29 0 0 1 10 0 1 0 1
0 -9 -100 12 0 0 1 10 0 1 0 1
phys
0 -9 -108 29 0 0 1 10 0 1 0 1
0 -9 -100 12 0 0 1 10 0 1 0 1
0 -9 -108 12 0 0 1 10 0 1 0 1
phys
0 1 -110 29 0 0 1 11 0 1 0 1
0 -11 -110 29 0 0 1 11 0 1 0 1
0 -11 -98 29 0 0 1 11 0 1 0 1
phys
0 1 -110 29 0 0 1 11 0 1 0 1
0 -11 -98 29 0 0 1 11 0 1 0 1
0 1 -98 29 0 0 1 11 0 1 0 1
phys
0 -11 -110 31 0 0 1 11 0 1 0 1
0 1 -110 31 0 0 1 11 0 1 0 1
0 1 -98 31 0 0 1 11 0 1 0 1
phys
0 -11 -110 31 0 0 1 11 0 1 0 1
0 1 -98 31 0 0 1 11 0 1 0 1
0 -11 -98 31 0 0 1 11 0 1 0 1
phys
0 1 -98 29 0 0 1 11 0 1 0 1
0 -11 -98 29 0 0 1 11 0 1 0 1
0 -11 -98 31 0 0 1 11 0 1 0 1
phys
0 1 -98 29 0 0 1 11 0 1 0 1
0 -11 -98 31 0 0 1 11 0 1 0 1
0 1 -98 31 0 0 1 11 0 1 0 1
phys
0 1 -110 31 0 0 1 11 0 1 0 1
0 -11 -110 31 0 0 1 11 0 1 0 1
0 -11 -110 29 0 0 1 11 0 1 0 1
phys
0 1 -110 31 0 0 1 11 0 1 0 1
0 -11 -110 29 0 0 1 11 0 1 0 1
0 1 -110 29 0 0 1 11 0 1 0 1
phys
0 1 -110 29 0 0 1 11 0 1 0 1
0 1 -98 29 0 0 1 11 0 1 0 1
0 1 -98 31 0 0 1 11 0 1 0 1
phys
0 1 -110 29 0 0 1 11 0 1 0 1
0 1 -98 31 0 0 1 11 0 1 0 1
0 1 -110 31 0 0 1 11 0 1 0 1
phys
0 -11 -110 31 0 0 1 11 0 1 0 1
0 -11 -98 31 0 0 1 11 0 1 0 1
0 -11 -98 29 0 0 1 11 0 1 0 1
phys
0 -11 -110 31 0 0 1 11 0 1 0 1
0 -11 -98 29 0 0 1 11 0 1 0 1
0 -11 -110 29 0 0 1 11 0 1 0 1
phys
0 3 -96 31 0 0 1 12 0 1 0 1
0 -13 -96 31 0 0 1 12 0 1 0 1
0 -13 -80 31 0 0 1 12 0 1 0 1
phys
0 3 -96 31 0 0 1 12 0 1 0 1
0 -13 -80 31 0 0 1 12 0 1 0 1
0 3 -80 31 0 0 1 12 0 1 0 1
phys
0 -13 -96 35 0 0 1 12 0 1 0 1
0 3 -96 35 0 0 1 12 0 1 0 1
0 3 -80 35 0 0 1 12 0 1 0 1
phys
0 -13 -96 35 0 0 1 12 0 1 0 1
0 3 -80 35 0 0 1 12 0 1 0 1
0 -13 -80 35 0 0 1 12 0 1 0 1
phys
0 3 -80 31 0 0 1 12 0 1 0 1
0 -13 -80 31 0 0 1 12 0 1 0 1
0 -13 -80 35 0 0 1 12 0 1 0 1
phys
0 3 -80 31 0 0 1 12 0 1 0 1
0 -13 -80 35 0 0 1 12 0 1 0 1
0 3 -80 35 0 0 1 12 0 1 0 1
phys
0 3 -96 35 0 0 1 12 0 1 0 1
0 -13 -96 35 0 0 1 12 0 1 0 1
0 -13 -96 31 0 0 1 12 0 1 0 1
phys
0 3 -96 35 0 0 1 12 0 1 0 1
0 -13 -96 31 0 0 1 12 0 1 0 1
0 3 -96 31 0 0 1 12 0 1 0 1
phys
0 3 -96 31 0 0 1 12 0 1 0 1
0 3 -80 31 0 0 1 12 0 1 0 1
0 3 -80 35 0 0 1 12 0 1 0 1
phys
0 3 -96 31 0 0 1 12 0 1 0 1
0 3 -80 35 0 0 1 12 0 1 0 1
0 3 -96 35 0 0 1 12 0 1 0 1
phys
0 -13 -96 35 0 0 1 12 0 1 0 1
0 -13 -80 35 0 0 1 12 0 1 0 1
0 -13 -80 31 0 0 1 12 0 1 0 1
phys
0 -13 -96 35 0 0 1 12 0 1 0 1
0 -13 -80 31 0 0 1 12 0 1 0 1
0 -13 -96 31 0 0 1 12 0 1 0 1
phys
0 1 -94 10 0 0 1 13 0 1 0 1
0 -11 -94 10 0 0 1 13 0 1 0 1
0 -11 -82 10 0 0 1 13 0 1 0 1
phys
0 1 -94 10 0 0 1 13 0 1 0 1
0 -11 -82 10 0 0 1 13 0 1 0 1
0 1 -82 10 0 0 1 13 0 1 0 1
phys
0 -11 -94 12 0 0 1 13 0 1 0 1
0 1 -94 12 0 0 1 13 0 1 0 1
0 1 -82 12 0 0 1 13 0 1 0 1
phys
0 -11 -94 12 0 0 1 13 0 1 0 1
0 1 -82 12 0 0 1 13 0 1 0 1
0 -11 -82 12 0 0 1 13 0 1 0 1
phys
0 1 -82 10 0 0 1 13 0 1 0 1
0 -11 -82 10 0 0 1 13 0 1 0 1
0 -11 -82 12 0 0 1 13 0 1 0 1
phys
0 1 -82 10 0 0 1 13 0 1 0 1
0 -11 -82 12 0 0 1 13 0 1 0 1
0 1 -82 12 0 0 1 13 0 1 0 1
phys
0 1 -94 12 0 0 1 13 0 1 0 1
0 -11 -94 12 0 0 1 13 0 1 0 1
0 -11 -94 10 0 0 1 13 0 1 0 1
phys
0 1 -94 12 0 0 1 13 0 1 0 1
0 -11 -94 10 0 0 1 13 0 1 0 1
0 1 -94 10 0 0 1 13 0 1 0 1
phys
0 1 -94 10 0 0 1 13 0 1 0 1
0 1 -82 10 0 0 1 13 0 1 0 1
0 1 -82 12 0 0 1 13 0 1 0 1
phys
0 1 -94 10 0 0 1 13 0 1 0 1
0 1 -82 12 0 0 1 13 0 1 0 1
0 1 -94 12 0 0 1 13 0 1 0 1
phys
0 -11 -94 12 0 0 1 13 0 1 0 1
0 -11 -82 12 0 0 1 13 0 1 0 1
0 -11 -82 10 0 0 1 13 0 1 0 1
phys
0 -11 -94 12 0 0 1 13 0 1 0 1
0 -11 -82 10 0 0 1 13 0 1 0 1
0 -11 -94 10 0 0 1 13 0 1 0 1
phys
0 3 -96 6 0 0 1 14 0 1 0 1
0 -13 -96 6 0 0 1 14 0 1 0 1
0 -13 -80 6 0 0 1 14 0 1 0 1
phys
0 3 -96 6 0 0 1 14 0 1 0 1
0 -13 -80 6 0 0 1 14 0 1 0 1
0 3 -80 6 0 0 1 14 0 1 0 1
phys
0 -13 -96 10 0 0 1 14 0 1 0 1
0 3 -96 10 0 0 1 14 0 1 0 1
0 3 -80 10 0 0 1 14 0 1 0 1
phys
0 -13 -96 10 0 0 1 14 0 1 0 1
0 3 -80 10 0 0 1 14 0 1 0 1
0 -13 -80 10 0 0 1 14 0 1 0 1
phys
0 3 -80 6 0 0 1 14 0 1 0 1
0 -13 -80 6 0 0 1 14 0 1 0 1
0 -13 -80 10 0 0 1 14 0 1 0 1
phys
0 3 -80 6 0 0 1 14 0 1 0 1
0 -13 -80 10 0 0 1 14 0 1 0 1
0 3 -80 10 0 0 1 14 0 1 0 1
phys
0 3 -96 10 0 0 1 14 0 1 0 1
0 -13 -96 10 0 0 1 14 0 1 0 1
0 -13 -96 6 0 0 1 14 0 1 0 1
phys
0 3 -96 10 0 0 1 14 0 1 0 1
0 -13 -96 6 0 0 1 14 0 1 0 1
0 3 -96 6 0 0 1 14 0 1 0 1
phys
0 3 -96 6 0 0 1 14 0 1 0 1
0 3 -80 6 0 0 1 14 0 1 0 1
0 3 -80 10 0 0 1 14 0 1 0 1
phys
0 3 -96 6 0 0 1 14 0 1 0 1
0 3 -80 10 0 0 1 14 0 1 0 1
0 3 -96 10 0 0 1 14 0 1 0 1
phys
0 -13 -96 10 0 0 1 14 0 1 0 1
0 -13 -80 10 0 0 1 14 0 1 0 1
0 -13 -80 6 0 0 1 14 0 1 0 1
phys
0 -13 -96 10 0 0 1 14 0 1 0 1
0 -13 -80 6 0 0 1 14 0 1 0 1
0 -13 -96 6 0 0 1 14 0 1 0 1
phys
0 -9 -92 29 0 0 1 15 0 1 0 1
0 -1 -92 29 0 0 1 15 0 1 0 1
0 -1 -84 29 0 0 1 15 0 1 0 1
phys
0 -9 -92 29 0 0 1 15 0 1 0 1
0 -1 -84 29 0 0 1 15 0 1 0 1
0 -9 -84 29 0 0 1 15 0 1 0 1
phys
0 -1 -92 12 0 0 1 15 0 1 0 1
0 -9 -92 12 0 0 1 15 0 1 0 1
0 -9 -84 12 0 0 1 15 0 1 0 1
phys
0 -1 -92 12 0 0 1 15 0 1 0 1
0 -9 -84 12 0 0 1 15 0 1 0 1
0 -1 -84 12 0 0 1 15 0 1 0 1
phys
0 -1 -84 12 0 0 1 15 0 1 0 1
0 -9 -84 12 0 0 1 15 0 1 0 1
0 -9 -84 29 0 0 1 15 0 1 0 1
phys
0 -1 -84 12 0 0 1 15 0 1 0 1
0 -9 -84 29 0 0 1 15 0 1 0 1
0 -1 -84 29 0 0 1 15 0 1 0 1
phys
0 -1 -92 29 0 0 1 15 0 1 0 1
0 -9 -92 29 0 0 1 15 0 1 0 1
0 -9 -92 12 0 0 1 15 0 1 0 1
phys
0 -1 -92 29 0 0 1 15 0 1 0 1
0 -9 -92 12 0 0 1 15 0 1 0 1
0 -1 -92 12 0 0 1 15 0 1 0 1
phys
0 -1 -92 12 0 0 1 15 0 1 0 1
0 -1 -84 12 0 0 1 15 0 1 0 1
0 -1 -84 29 0 0 1 15 0 1 0 1
phys
0 -1 -92 12 0 0 1 15 0 1 0 1
0 -1 -84 29 0 0 1 15 0 1 0 1
0 -1 -92 29 0 0 1 15 0 1 0 1
phys
0 -9 -92 29 0 0 1 15 0 1 0 1
0 -9 -84 29 0 0 1 15 0 1 0 1
0 -9 -84 12 0 0 1 15 0 1 0 1
phys
0 -9 -92 29 0 0 1 15 0 1 0 1
0 -9 -84 12 0 0 1 15 0 1 0 1
0 -9 -92 12 0 0 1 15 0 1 0 1
phys
0 3 -64 6 0 0 1 16 0 1 0 1
0 -13 -64 6 0 0 1 16 0 1 0 1
0 -13 -48 6 0 0 1 16 0 1 0 1
phys
0 3 -64 6 0 0 1 16 0 1 0 1
0 -13 -48 6 0 0 1 16 0 1 0 1
0 3 -48 6 0 0 1 16 0 1 0 1
phys
0 -13 -64 10 0 0 1 16 0 1 0 1
0 3 -64 10 0 0 1 16 0 1 0 1
0 3 -48 10 0 0 1 16 0 1 0 1
phys
0 -13 -64 10 0 0 1 16 0 1 0 1
0 3 -48 10 0 0 1 16 0 1 0 1
0 -13 -48 10 0 0 1 16 0 1 0 1
phys
0 3 -48 6 0 0 1 16 0 1 0 1
0 -13 -48 6 0 0 1 16 0 1 0 1
0 -13 -48 10 0 0 1 16 0 1 0 1
phys
0 3 -48 6 0 0 1 16 0 1 0 1
0 -13 -48 10 0 0 1 16 0 1 0 1
0 3 -48 10 0 0 1 16 0 1 0 1
phys
0 3 -64 10 0 0 1 16 0 1 0 1
0 -13 -64 10 0 0 1 16 0 1 0 1
0 -13 -64 6 0 0 1 16 0 1 0 1
phys
0 3 -64 10 0 0 1 16 0 1 0 1
0 -13 -64 6 0 0 1 16 0 1 0 1
0 3 -64 6 0 0 1 16 0 1 0 1
phys
0 3 -64 6 0 0 1 16 0 1 0 1
0 3 -48 6 0 0 1 16 0 1 0 1
0 3 -48 10 0 0 1 16 0 1 0 1
phys
0 3 -64 6 0 0 1 16 0 1 0 1
0 3 -48 10 0 0 1 16 0 1 0 1
0 3 -64 10 0 0 1 16 0 1 0 1
phys
0 -13 -64 10 0 0 1 16 0 1 0 1
0 -13 -48 10 0 0 1 16 0 1 0 1
0 -13 -48 6 0 0 1 16 0 1 0 1
phys
0 -13 -64 10 0 0 1 16 0 1 0 1
0 -13 -48 6 0 0 1 16 0 1 0 1
0 -13 -64 6 0 0 1 16 0 1 0 1
phys
0 1 -94 29 0 0 1 17 0 1 0 1
0 -11 -94 29 0 0 1 17 0 1 0 1
0 -11 -82 29 0 0 1 17 0 1 0 1
phys
0 1 -94 29 0 0 1 17 0 1 0 1
0 -11 -82 29 0 0 1 17 0 1 0 1
0 1 -82 29 0 0 1 17 0 1 0 1
phys
0 -11 -94 31 0 0 1 17 0 1 0 1
0 1 -94 31 0 0 1 17 0 1 0 1
0 1 -82 31 0 0 1 17 0 1 0 1
phys
0 -11 -94 31 0 0 1 17 0 1 0 1
0 1 -82 31 0 0 1 17 0 1 0 1
0 -11 -82 31 0 0 1 17 0 1 0 1
phys
0 1 -82 29 0 0 1 17 0 1 0 1
0 -11 -82 29 0 0 1 17 0 1 0 1
0 -11 -82 31 0 0 1 17 0 1 0 1
phys
0 1 -82 29 0 0 1 17 0 1 0 1
0 -11 -82 31 0 0 1 17 0 1 0 1
0 1 -82 31 0 0 1 17 0 1 0 1
phys
0 1 -94 31 0 0 1 17 0 1 0 1
0 -11 -94 31 0 0 1 17 0 1 0 1
0 -11 -94 29 0 0 1 17 0 1 0 1
phys
0 1 -94 31 0 0 1 17 0 1 0 1
0 -11 -94 29 0 0 1 17 0 1 0 1
0 1 -94 29 0 0 1 17 0 1 0 1
phys
0 1 -94 29 0 0 1 17 0 1 0 1
0 1 -82 29 0 0 1 17 0 1 0 1
0 1 -82 31 0 0 1 17 0 1 0 1
phys
0 1 -94 29 0 0 1 17 0 1 0 1
0 1 -82 31 0 0 1 17 0 1 0 1
0 1 -94 31 0 0 1 17 0 1 0 1
phys
0 -11 -94 31 0 0 1 17 0 1 0 1
0 -11 -82 31 0 0 1 17 0 1 0 1
0 -11 -82 29 0 0 1 17 0 1 0 1
phys
0 -11 -94 31 0 0 1 17 0 1 0 1
0 -11 -82 29 0 0 1 17 0 1 0 1
0 -11 -94 29 0 0 1 17 0 1 0 1
phys
0 3 -80 31 0 0 1 18 0 1 0 1
0 -13 -80 31 0 0 1 18 0 1 0 1
0 -13 -64 31 0 0 1 18 0 1 0 1
phys
0 3 -80 31 0 0 1 18 0 1 0 1
0 -13 -64 31 0 0 1 18 0 1 0 1
0 3 -64 31 0 0 1 18 0 1 0 1
phys
0 -13 -80 35 0 0 1 18 0 1 0 1
0 3 -80 35 0 0 1 18 0 1 0 1
0 3 -64 35 0 0 1 18 0 1 0 1
phys
0 -13 -80 35 0 0 1 18 0 1 0 1
0 3 -64 35 0 0 1 18 0 1 0 1
0 -13 -64 35 0 0 1 18 0 1 0 1
phys
0 3 -64 31 0 0 1 18 0 1 0 1
0 -13 -64 31 0 0 1 18 0 1 0 1
0 -13 -64 35 0 0 1 18 0 1 0 1
phys
0 3 -64 31 0 0 1 18 0 1 0 1
0 -13 -64 35 0 0 1 18 0 1 0 1
0 3 -64 35 0 0 1 18 0 1 0 1
phys
0 3 -80 35 0 0 1 18 0 1 0 1
0 -13 -80 35 0 0 1 18 0 1 0 1
0 -13 -80 31 0 0 1 18 0 1 0 1
phys
0 3 -80 35 0 0 1 18 0 1 0 1
0 -13 -80 31 0 0 1 18 0 1 0 1
0 3 -80 31 0 0 1 18 0 1 0 1
phys
0 3 -80 31 0 0 1 18 0 1 0 1
0 3 -64 31 0 0 1 18 0 1 0 1
0 3 -64 35 0 0 1 18 0 1 0 1
phys
0 3 -80 31 0 0 1 18 0 1 0 1
0 3 -64 35 0 0 1 18 0 1 0 1
0 3 -80 35 0 0 1 18 0 1 0 1
phys
0 -13 -80 35 0 0 1 18 0 1 0 1
0 -13 -64 35 0 0 1 18 0 1 0 1
0 -13 -64 31 0 0 1 18 0 1 0 1
phys
0 -13 -80 35 0 0 1 18 0 1 0 1
0 -13 -64 31 0 0 1 18 0 1 0 1
0 -13 -80 31 0 0 1 18 0 1 0 1
phys
0 -9 -76 29 0 0 1 19 0 1 0 1
0 -1 -76 29 0 0 1 19 0 1 0 1
0 -1 -68 29 0 0 1 19 0 1 0 1
phys
0 -9 -76 29 0 0 1 19 0 1 0 1
0 -1 -68 29 0 0 1 19 0 1 0 1
0 -9 -68 29 0 0 1 19 0 1 0 1
phys
0 -1 -76 12 0 0 1 19 0 1 0 1
0 -9 -76 12 0 0 1 19 0 1 0 1
0 -9 -68 12 0 0 1 19 0 1 0 1
phys
0 -1 -76 12 0 0 1 19 0 1 0 1
0 -9 -68 12 0 0 1 19 0 1 0 1
0 -1 -68 12 0 0 1 19 0 1 0 1
phys
0 -1 -68 12 0 0 1 19 0 1 0 1
0 -9 -68 12 0 0 1 19 0 1 0 1
0 -9 -68 29 0 0 1 19 0 1 0 1
phys
0 -1 -68 12 0 0 1 19 0 1 0 1
0 -9 -68 29 0 0 1 19 0 1 0 1
0 -1 -68 29 0 0 1 19 0 1 0 1
phys
0 -1 -76 29 0 0 1 19 0 1 0 1
0 -9 -76 29 0 0 1 19 0 1 0 1
0 -9 -76 12 0 0 1 19 0 1 0 1
phys
0 -1 -76 29 0 0 1 19 0 1 0 1
0 -9 -76 12 0 0 1 19 0 1 0 1
0 -1 -76 12 0 0 1 19 0 1 0 1
phys
0 -1 -76 12 0 0 1 19 0 1 0 1
0 -1 -68 12 0 0 1 19 0 1 0 1
0 -1 -68 29 0 0 1 19 0 1 0 1
phys
0 -1 -76 12 0 0 1 19 0 1 0 1
0 -1 -68 29 0 0 1 19 0 1 0 1
0 -1 -76 29 0 0 1 19 0 1 0 1
phys
0 -9 -76 29 0 0 1 19 0 1 0 1
0 -9 -68 29 0 0 1 19 0 1 0 1
0 -9 -68 12 0 0 1 19 0 1 0 1
phys
0 -9 -76 29 0 0 1 19 0 1 0 1
0 -9 -68 12 0 0 1 19 0 1 0 1
0 -9 -76 12 0 0 1 19 0 1 0 1
phys
0 1 -78 29 0 0 1 20 0 1 0 1
0 -11 -78 29 0 0 1 20 0 1 0 1
0 -11 -66 29 0 0 1 20 0 1 0 1
phys
0 1 -78 29 0 0 1 20 0 1 0 1
0 -11 -66 29 0 0 1 20 0 1 0 1
0 1 -66 29 0 0 1 20 0 1 0 1
phys
0 -11 -78 31 0 0 1 20 0 1 0 1
0 1 -78 31 0 0 1 20 0 1 0 1
0 1 -66 31 0 0 1 20 0 1 0 1
phys
0 -11 -78 31 0 0 1 20 0 1 0 1
0 1 -66 31 0 0 1 20 0 1 0 1
0 -11 -66 31 0 0 1 20 0 1 0 1
phys
0 1 -66 29 0 0 1 20 0 1 0 1
0 -11 -66 29 0 0 1 20 0 1 0 1
0 -11 -66 31 0 0 1 20 0 1 0 1
phys
0 1 -66 29 0 0 1 20 0 1 0 1
0 -11 -66 31 0 0 1 20 0 1 0 1
0 1 -66 31 0 0 1 20 0 1 0 1
phys
0 1 -78 31 0 0 1 20 0 1 0 1
0 -11 -78 31 0 0 1 20 0 1 0 1
0 -11 -78 29 0 0 1 20 0 1 0 1
phys
0 1 -78 31 0 0 1 20 0 1 0 1
0 -11 -78 29 0 0 1 20 0 1 0 1
0 1 -78 29 0 0 1 20 0 1 0 1
phys
0 1 -78 29 0 0 1 20 0 1 0 1
0 1 -66 29 0 0 1 20 0 1 0 1
0 1 -66 31 0 0 1 20 0 1 0 1
phys
0 1 -78 29 0 0 1 20 0 1 0 1
0 1 -66 31 0 0 1 20 0 1 0 1
0 1 -78 31 0 0 1 20 0 1 0 1
phys
0 -11 -78 31 0 0 1 20 0 1 0 1
0 -11 -66 31 0 0 1 20 0 1 0 1
0 -11 -66 29 0 0 1 20 0 1 0 1
phys
0 -11 -78 31 0 0 1 20 0 1 0 1
0 -11 -66 29 0 0 1 20 0 1 0 1
0 -11 -78 29 0 0 1 20 0 1 0 1
phys
0 1 -78 10 0 0 1 21 0 1 0 1
0 -11 -78 10 0 0 1 21 0 1 0 1
0 -11 -66 10 0 0 1 21 0 1 0 1
phys
0 1 -78 10 0 0 1 21 0 1 0 1
0 -11 -66 10 0 0 1 21 0 1 0 1
0 1 -66 10 0 0 1 21 0 1 0 1
phys
0 -11 -78 12 0 0 1 21 0 1 0 1
0 1 -78 12 0 0 1 21 0 1 0 1
0 1 -66 12 0 0 1 21 0 1 0 1
phys
0 -11 -78 12 0 0 1 21 0 1 0 1
0 1 -66 12 0 0 1 21 0 1 0 1
0 -11 -66 12 0 0 1 21 0 1 0 1
phys
0 1 -66 10 0 0 1 21 0 1 0 1
0 -11 -66 10 0 0 1 21 0 1 0 1
0 -11 -66 12 0 0 1 21 0 1 0 1
phys
0 1 -66 10 0 0 1 21 0 1 0 1
0 -11 -66 12 0 0 1 21 0 1 0 1
0 1 -66 12 0 0 1 21 0 1 0 1
phys
0 1 -78 12 0 0 1 21 0 1 0 1
0 -11 -78 12 0 0 1 21 0 1 0 1
0 -11 -78 10 0 0 1 21 0 1 0 1
phys
0 1 -78 12 0 0 1 21 0 1 0 1
0 -11 -78 10 0 0 1 21 0 1 0 1
0 1 -78 10 0 0 1 21 0 1 0 1
phys
0 1 -78 10 0 0 1 21 0 1 0 1
0 1 -66 10 0 0 1 21 0 1 0 1
0 1 -66 12 0 0 1 21 0 1 0 1
phys
0 1 -78 10 0 0 1 21 0 1 0 1
0 1 -66 12 0 0 1 21 0 1 0 1
0 1 -78 12 0 0 1 21 0 1 0 1
phys
0 -11 -78 12 0 0 1 21 0 1 0 1
0 -11 -66 12 0 0 1 21 0 1 0 1
0 -11 -66 10 0 0 1 21 0 1 0 1
phys
0 -11 -78 12 0 0 1 21 0 1 0 1
0 -11 -66 10 0 0 1 21 0 1 0 1
0 -11 -78 10 0 0 1 21 0 1 0 1
phys
0 3 -80 6 0 0 1 22 0 1 0 1
0 -13 -80 6 0 0 1 22 0 1 0 1
0 -13 -64 6 0 0 1 22 0 1 0 1
phys
0 3 -80 6 0 0 1 22 0 1 0 1
0 -13 -64 6 0 0 1 22 0 1 0 1
0 3 -64 6 0 0 1 22 0 1 0 1
phys
0 -13 -80 10 0 0 1 22 0 1 0 1
0 3 -80 10 0 0 1 22 0 1 0 1
0 3 -64 10 0 0 1 22 0 1 0 1
phys
0 -13 -80 10 0 0 1 22 0 1 0 1
0 3 -64 10 0 0 1 22 0 1 0 1
0 -13 -64 10 0 0 1 22 0 1 0 1
phys
0 3 -64 6 0 0 1 22 0 1 0 1
0 -13 -64 6 0 0 1 22 0 1 0 1
0 -13 -64 10 0 0 1 22 0 1 0 1
phys
0 3 -64 6 0 0 1 22 0 1 0 1
0 -13 -64 10 0 0 1 22 0 1 0 1
0 3 -64 10 0 0 1 22 0 1 0 1
phys
0 3 -80 10 0 0 1 22 0 1 0 1
0 -13 -80 10 0 0 1 22 0 1 0 1
0 -13 -80 6 0 0 1 22 0 1 0 1
phys
0 3 -80 10 0 0 1 22 0 1 0 1
0 -13 -80 6 0 0 1 22 0 1 0 1
0 3 -80 6 0 0 1 22 0 1 0 1
phys
0 3 -80 6 0 0 1 22 0 1 0 1
0 3 -64 6 0 0 1 22 0 1 0 1
0 3 -64 10 0 0 1 22 0 1 0 1
phys
0 3 -80 6 0 0 1 22 0 1 0 1
0 3 -64 10 0 0 1 22 0 1 0 1
0 3 -80 10 0 0 1 22 0 1 0 1
phys
0 -13 -80 10 0 0 1 22 0 1 0 1
0 -13 -64 10 0 0 1 22 0 1 0 1
0 -13 -64 6 0 0 1 22 0 1 0 1
phys
0 -13 -80 10 0 0 1 22 0 1 0 1
0 -13 -64 6 0 0 1 22 0 1 0 1
0 -13 -80 6 0 0 1 22 0 1 0 1
phys
0 3 -64 31 0 0 1 23 0 1 0 1
0 -13 -64 31 0 0 1 23 0 1 0 1
0 -13 -48 31 0 0 1 23 0 1 0 1
phys
0 3 -64 31 0 0 1 23 0 1 0 1
0 -13 -48 31 0 0 1 23 0 1 0 1
0 3 -48 31 0 0 1 23 0 1 0 1
phys
0 -13 -64 35 0 0 1 23 0 1 0 1
0 3 -64 35 0 0 1 23 0 1 0 1
0 3 -48 35 0 0 1 23 0 1 0 1
phys
0 -13 -64 35 0 0 1 23 0 1 0 1
0 3 -48 35 0 0 1 23 0 1 0 1
0 -13 -48 35 0 0 1 23 0 1 0 1
phys
0 3 -48 31 0 0 1 23 0 1 0 1
0 -13 -48 31 0 0 1 23 0 1 0 1
0 -13 -48 35 0 0 1 23 0 1 0 1
phys
0 3 -48 31 0 0 1 23 0 1 0 1
0 -13 -48 35 0 0 1 23 0 1 0 1
0 3 -48 35 0 0 1 23 0 1 0 1
phys
0 3 -64 35 0 0 1 23 0 1 0 1
0 -13 -64 35 0 0 1 23 0 1 0 1
0 -13 -64 31 0 0 1 23 0 1 0 1
phys
0 3 -64 35 0 0 1 23 0 1 0 1
0 -13 -64 31 0 0 1 23 0 1 0 1
0 3 -64 31 0 0 1 23 0 1 0 1
phys
0 3 -64 31 0 0 1 23 0 1 0 1
0 3 -48 31 0 0 1 23 0 1 0 1
0 3 -48 35 0 0 1 23 0 1 0 1
phys
0 3 -64 31 0 0 1 23 0 1 0 1
0 3 -48 35 0 0 1 23 0 1 0 1
0 3 -64 35 0 0 1 23 0 1 0 1
phys
0 -13 -64 35 0 0 1 23 0 1 0 1
0 -13 -48 35 0 0 1 23 0 1 0 1
0 -13 -48 31 0 0 1 23 0 1 0 1
phys
0 -13 -64 35 0 0 1 23 0 1 0 1
0 -13 -48 31 0 0 1 23 0 1 0 1
0 -13 -64 31 0 0 1 23 0 1 0 1
phys
0 1 -62 10 0 0 1 24 0 1 0 1
0 -11 -62 10 0 0 1 24 0 1 0 1
0 -11 -50 10 0 0 1 24 0 1 0 1
phys
0 1 -62 10 0 0 1 24 0 1 0 1
0 -11 -50 10 0 0 1 24 0 1 0 1
0 1 -50 10 0 0 1 24 0 1 0 1
phys
0 -11 -62 12 0 0 1 24 0 1 0 1
0 1 -62 12 0 0 1 24 0 1 0 1
0 1 -50 12 0 0 1 24 0 1 0 1
phys
0 -11 -62 12 0 0 1 24 0 1 0 1
0 1 -50 12 0 0 1 24 0 1 0 1
0 -11 -50 12 0 0 1 24 0 1 0 1
phys
0 1 -50 10 0 0 1 24 0 1 0 1
0 -11 -50 10 0 0 1 24 0 1 0 1
0 -11 -50 12 0 0 1 24 0 1 0 1
phys
0 1 -50 10 0 0 1 24 0 1 0 1
0 -11 -50 12 0 0 1 24 0 1 0 1
0 1 -50 12 0 0 1 24 0 1 0 1
phys
0 1 -62 12 0 0 1 24 0 1 0 1
0 -11 -62 12 0 0 1 24 0 1 0 1
0 -11 -62 10 0 0 1 24 0 1 0 1
phys
0 1 -62 12 0 0 1 24 0 1 0 1
0 -11 -62 10 0 0 1 24 0 1 0 1
0 1 -62 10 0 0 1 24 0 1 0 1
phys
0 1 -62 10 0 0 1 24 0 1 0 1
0 1 -50 10 0 0 1 24 0 1 0 1
0 1 -50 12 0 0 1 24 0 1 0 1
phys
0 1 -62 10 0 0 1 24 0 1 0 1
0 1 -50 12 0 0 1 24 0 1 0 1
0 1 -62 12 0 0 1 24 0 1 0 1
phys
0 -11 -62 12 0 0 1 24 0 1 0 1
0 -11 -50 12 0 0 1 24 0 1 0 1
0 -11 -50 10 0 0 1 24 0 1 0 1
phys
0 -11 -62 12 0 0 1 24 0 1 0 1
0 -11 -50 10 0 0 1 24 0 1 0 1
0 -11 -62 10 0 0 1 24 0 1 0 1
phys
0 -9 -60 29 0 0 1 25 0 1 0 1
0 -1 -60 29 0 0 1 25 0 1 0 1
0 -1 -52 29 0 0 1 25 0 1 0 1
phys
0 -9 -60 29 0 0 1 25 0 1 0 1
0 -1 -52 29 0 0 1 25 0 1 0 1
0 -9 -52 29 0 0 1 25 0 1 0 1
phys
0 -1 -60 12 0 0 1 25 0 1 0 1
0 -9 -60 12 0 0 1 25 0 1 0 1
0 -9 -52 12 0 0 1 25 0 1 0 1
phys
0 -1 -60 12 0 0 1 25 0 1 0 1
0 -9 -52 12 0 0 1 25 0 1 0 1
0 -1 -52 12 0 0 1 25 0 1 0 1
phys
0 -1 -52 12 0 0 1 25 0 1 0 1
0 -9 -52 12 0 0 1 25 0 1 0 1
0 -9 -52 29 0 0 1 25 0 1 0 1
phys
0 -1 -52 12 0 0 1 25 0 1 0 1
0 -9 -52 29 0 0 1 25 0 1 0 1
0 -1 -52 29 0 0 1 25 0 1 0 1
phys
0 -1 -60 29 0 0 1 25 0 1 0 1
0 -9 -60 29 0 0 1 25 0 1 0 1
0 -9 -60 12 0 0 1 25 0 1 0 1
phys
0 -1 -60 29 0 0 1 25 0 1 0 1
0 -9 -60 12 0 0 1 25 0 1 0 1
0 -1 -60 12 0 0 1 25 0 1 0 1
phys
0 -1 -60 12 0 0 1 25 0 1 0 1
0 -1 -52 12 0 0 1 25 0 1 0 1
0 -1 -52 29 0 0 1 25 0 1 0 1
phys
0 -1 -60 12 0 0 1 25 0 1 0 1
0 -1 -52 29 0 0 1 25 0 1 0 1
0 -1 -60 29 0 0 1 25 0 1 0 1
phys
0 -9 -60 29 0 0 1 25 0 1 0 1
0 -9 -52 29 0 0 1 25 0 1 0 1
0 -9 -52 12 0 0 1 25 0 1 0 1
phys
0 -9 -60 29 0 0 1 25 0 1 0 1
0 -9 -52 12 0 0 1 25 0 1 0 1
0 -9 -60 12 0 0 1 25 0 1 0 1
phys
0 1 -62 29 0 0 1 26 0 1 0 1
0 -11 -62 29 0 0 1 26 0 1 0 1
0 -11 -50 29 0 0 1 26 0 1 0 1
phys
0 1 -62 29 0 0 1 26 0 1 0 1
0 -11 -50 29 0 0 1 26 0 1 0 1
0 1 -50 29 0 0 1 26 0 1 0 1
phys
0 -11 -62 31 0 0 1 26 0 1 0 1
0 1 -62 31 0 0 1 26 0 1 0 1
0 1 -50 31 0 0 1 26 0 1 0 1
phys
0 -11 -62 31 0 0 1 26 0 1 0 1
0 1 -50 31 0 0 1 26 0 1 0 1
0 -11 -50 31 0 0 1 26 0 1 0 1
phys
0 1 -50 29 0 0 1 26 0 1 0 1
0 -11 -50 29 0 0 1 26 0 1 0 1
0 -11 -50 31 0 0 1 26 0 1 0 1
phys
0 1 -50 29 0 0 1 26 0 1 0 1
0 -11 -50 31 0 0 1 26 0 1 0 1
0 1 -50 31 0 0 1 26 0 1 0 1
phys
0 1 -62 31 0 0 1 26 0 1 0 1
0 -11 -62 31 0 0 1 26 0 1 0 1
0 -11 -62 29 0 0 1 26 0 1 0 1
phys
0 1 -62 31 0 0 1 26 0 1 0 1
0 -11 -62 29 0 0 1 26 0 1 0 1
0 1 -62 29 0 0 1 26 0 1 0 1
phys
0 1 -62 29 0 0 1 26 0 1 0 1
0 1 -50 29 0 0 1 26 0 1 0 1
0 1 -50 31 0 0 1 26 0 1 0 1
phys
0 1 -62 29 0 0 1 26 0 1 0 1
0 1 -50 31 0 0 1 26 0 1 0 1
0 1 -62 31 0 0 1 26 0 1 0 1
phys
0 -11 -62 31 0 0 1 26 0 1 0 1
0 -11 -50 31 0 0 1 26 0 1 0 1
0 -11 -50 29 0 0 1 26 0 1 0 1
phys
0 -11 -62 31 0 0 1 26 0 1 0 1
0 -11 -50 29 0 0 1 26 0 1 0 1
0 -11 -62 29 0 0 1 26 0 1 0 1
phys
0 3 -48 31 0 0 1 27 0 1 0 1
0 -13 -48 31 0 0 1 27 0 1 0 1
0 -13 -32 31 0 0 1 27 0 1 0 1
phys
0 3 -48 31 0 0 1 27 0 1 0 1
0 -13 -32 31 0 0 1 27 0 1 0 1
0 3 -32 31 0 0 1 27 0 1 0 1
phys
0 -13 -48 35 0 0 1 27 0 1 0 1
0 3 -48 35 0 0 1 27 0 1 0 1
0 3 -32 35 0 0 1 27 0 1 0 1
phys
0 -13 -48 35 0 0 1 27 0 1 0 1
0 3 -32 35 0 0 1 27 0 1 0 1
0 -13 -32 35 0 0 1 27 0 1 0 1
phys
0 3 -32 31 0 0 1 27 0 1 0 1
0 -13 -32 31 0 0 1 27 0 1 0 1
0 -13 -32 35 0 0 1 27 0 1 0 1
phys
0 3 -32 31 0 0 1 27 0 1 0 1
0 -13 -32 35 0 0 1 27 0 1 0 1
0 3 -32 35 0 0 1 27 0 1 0 1
phys
0 3 -48 35 0 0 1 27 0 1 0 1
0 -13 -48 35 0 0 1 27 0 1 0 1
0 -13 -48 31 0 0 1 27 0 1 0 1
phys
0 3 -48 35 0 0 1 27 0 1 0 1
0 -13 -48 31 0 0 1 27 0 1 0 1
0 3 -48 31 0 0 1 27 0 1 0 1
phys
0 3 -48 31 0 0 1 27 0 1 0 1
0 3 -32 31 0 0 1 27 0 1 0 1
0 3 -32 35 0 0 1 27 0 1 0 1
phys
0 3 -48 31 0 0 1 27 0 1 0 1
0 3 -32 35 0 0 1 27 0 1 0 1
0 3 -48 35 0 0 1 27 0 1 0 1
phys
0 -13 -48 35 0 0 1 27 0 1 0 1
0 -13 -32 35 0 0 1 27 0 1 0 1
0 -13 -32 31 0 0 1 27 0 1 0 1
phys
0 -13 -48 35 0 0 1 27 0 1 0 1
0 -13 -32 31 0 0 1 27 0 1 0 1
0 -13 -48 31 0 0 1 27 0 1 0 1
phys
0 -9 -44 29 0 0 1 28 0 1 0 1
0 -1 -44 29 0 0 1 28 0 1 0 1
0 -1 -36 29 0 0 1 28 0 1 0 1
phys
0 -9 -44 29 0 0 1 28 0 1 0 1
0 -1 -36 29 0 0 1 28 0 1 0 1
0 -9 -36 29 0 0 1 28 0 1 0 1
phys
0 -1 -44 12 0 0 1 28 0 1 0 1
0 -9 -44 12 0 0 1 28 0 1 0 1
0 -9 -36 12 0 0 1 28 0 1 0 1
phys
0 -1 -44 12 0 0 1 28 0 1 0 1
0 -9 -36 12 0 0 1 28 0 1 0 1
0 -1 -36 12 0 0 1 28 0 1 0 1
phys
0 -1 -36 12 0 0 1 28 0 1 0 1
0 -9 -36 12 0 0 1 28 0 1 0 1
0 -9 -36 29 0 0 1 28 0 1 0 1
phys
0 -1 -36 12 0 0 1 28 0 1 0 1
0 -9 -36 29 0 0 1 28 0 1 0 1
0 -1 -36 29 0 0 1 28 0 1 0 1
phys
0 -1 -44 29 0 0 1 28 0 1 0 1
0 -9 -44 29 0 0 1 28 0 1 0 1
0 -9 -44 12 0 0 1 28 0 1 0 1
phys
0 -1 -44 29 0 0 1 28 0 1 0 1
0 -9 -44 12 0 0 1 28 0 1 0 1
0 -1 -44 12 0 0 1 28 0 1 0 1
phys
0 -1 -44 12 0 0 1 28 0 1 0 1
0 -1 -36 12 0 0 1 28 0 1 0 1
0 -1 -36 29 0 0 1 28 0 1 0 1
phys
0 -1 -44 12 0 0 1 28 0 1 0 1
0 -1 -36 29 0 0 1 28 0 1 0 1
0 -1 -44 29 0 0 1 28 0 1 0 1
phys
0 -9 -44 29 0 0 1 28 0 1 0 1
0 -9 -36 29 0 0 1 28 0 1 0 1
0 -9 -36 12 0 0 1 28 0 1 0 1
phys
0 -9 -44 29 0 0 1 28 0 1 0 1
0 -9 -36 12 0 0 1 28 0 1 0 1
0 -9 -44 12 0 0 1 28 0 1 0 1
phys
0 1 -46 29 0 0 1 29 0 1 0 1
0 -11 -46 29 0 0 1 29 0 1 0 1
0 -11 -34 29 0 0 1 29 0 1 0 1
phys
0 1 -46 29 0 0 1 29 0 1 0 1
0 -11 -34 29 0 0 1 29 0 1 0 1
0 1 -34 29 0 0 1 29 0 1 0 1
phys
0 -11 -46 31 0 0 1 29 0 1 0 1
0 1 -46 31 0 0 1 29 0 1 0 1
0 1 -34 31 0 0 1 29 0 1 0 1
phys
0 -11 -46 31 0 0 1 29 0 1 0 1
0 1 -34 31 0 0 1 29 0 1 0 1
0 -11 -34 31 0 0 1 29 0 1 0 1
phys
0 1 -34 29 0 0 1 29 0 1 0 1
0 -11 -34 29 0 0 1 29 0 1 0 1
0 -11 -34 31 0 0 1 29 0 1 0 1
phys
0 1 -34 29 0 0 1 29 0 1 0 1
0 -11 -34 31 0 0 1 29 0 1 0 1
0 1 -34 31 0 0 1 29 0 1 0 1
phys
0 1 -46 31 0 0 1 29 0 1 0 1
0 -11 -46 31 0 0 1 29 0 1 0 1
0 -11 -46 29 0 0 1 29 0 1 0 1
phys
0 1 -46 31 0 0 1 29 0 1 0 1
0 -11 -46 29 0 0 1 29 0 1 0 1
0 1 -46 29 0 0 1 29 0 1 0 1
phys
0 1 -46 29 0 0 1 29 0 1 0 1
0 1 -34 29 0 0 1 29 0 1 0 1
0 1 -34 31 0 0 1 29 0 1 0 1
phys
0 1 -46 29 0 0 1 29 0 1 0 1
0 1 -34 31 0 0 1 29 0 1 0 1
0 1 -46 31 0 0 1 29 0 1 0 1
phys
0 -11 -46 31 0 0 1 29 0 1 0 1
0 -11 -34 31 0 0 1 29 0 1 0 1
0 -11 -34 29 0 0 1 29 0 1 0 1
phys
0 -11 -46 31 0 0 1 29 0 1 0 1
0 -11 -34 29 0 0 1 29 0 1 0 1
0 -11 -46 29 0 0 1 29 0 1 0 1
phys
0 1 -46 10 0 0 1 30 0 1 0 1
0 -11 -46 10 0 0 1 30 0 1 0 1
0 -11 -34 10 0 0 1 30 0 1 0 1
phys
0 1 -46 10 0 0 1 30 0 1 0 1
0 -11 -34 10 0 0 1 30 0 1 0 1
0 1 -34 10 0 0 1 30 0 1 0 1
phys
0 -11 -46 12 0 0 1 30 0 1 0 1
0 1 -46 12 0 0 1 30 0 1 0 1
0 1 -34 12 0 0 1 30 0 1 0 1
phys
0 -11 -46 12 0 0 1 30 0 1 0 1
0 1 -34 12 0 0 1 30 0 1 0 1
0 -11 -34 12 0 0 1 30 0 1 0 1
phys
0 1 -34 10 0 0 1 30 0 1 0 1
0 -11 -34 10 0 0 1 30 0 1 0 1
0 -11 -34 12 0 0 1 30 0 1 0 1
phys
0 1 -34 10 0 0 1 30 0 1 0 1
0 -11 -34 12 0 0 1 30 0 1 0 1
0 1 -34 12 0 0 1 30 0 1 0 1
phys
0 1 -46 12 0 0 1 30 0 1 0 1
0 -11 -46 12 0 0 1 30 0 1 0 1
0 -11 -46 10 0 0 1 30 0 1 0 1
phys
0 1 -46 12 0 0 1 30 0 1 0 1
0 -11 -46 10 0 0 1 30 0 1 0 1
0 1 -46 10 0 0 1 30 0 1 0 1
phys
0 1 -46 10 0 0 1 30 0 1 0 1
0 1 -34 10 0 0 1 30 0 1 0 1
0 1 -34 12 0 0 1 30 0 1 0 1
phys
0 1 -46 10 0 0 1 30 0 1 0 1
0 1 -34 12 0 0 1 30 0 1 0 1
0 1 -46 12 0 0 1 30 0 1 0 1
phys
0 -11 -46 12 0 0 1 30 0 1 0 1
0 -11 -34 12 0 0 1 30 0 1 0 1
0 -11 -34 10 0 0 1 30 0 1 0 1
phys
0 -11 -46 12 0 0 1 30 0 1 0 1
0 -11 -34 10 0 0 1 30 0 1 0 1
0 -11 -46 10 0 0 1 30 0 1 0 1
phys
0 3 -48 6 0 0 1 31 0 1 0 1
0 -13 -48 6 0 0 1 31 0 1 0 1
0 -13 -32 6 0 0 1 31 0 1 0 1
phys
0 3 -48 6 0 0 1 31 0 1 0 1
0 -13 -32 6 0 0 1 31 0 1 0 1
0 3 -32 6 0 0 1 31 0 1 0 1
phys
0 -13 -48 10 0 0 1 31 0 1 0 1
0 3 -48 10 0 0 1 31 0 1 0 1
0 3 -32 10 0 0 1 31 0 1 0 1
phys
0 -13 -48 10 0 0 1 31 0 1 0 1
0 3 -32 10 0 0 1 31 0 1 0 1
0 -13 -32 10 0 0 1 31 0 1 0 1
phys
0 3 -32 6 0 0 1 31 0 1 0 1
0 -13 -32 6 0 0 1 31 0 1 0 1
0 -13 -32 10 0 0 1 31 0 1 0 1
phys
0 3 -32 6 0 0 1 31 0 1 0 1
0 -13 -32 10 0 0 1 31 0 1 0 1
0 3 -32 10 0 0 1 31 0 1 0 1
phys
0 3 -48 10 0 0 1 31 0 1 0 1
0 -13 -48 10 0 0 1 31 0 1 0 1
0 -13 -48 6 0 0 1 31 0 1 0 1
phys
0 3 -48 10 0 0 1 31 0 1 0 1
0 -13 -48 6 0 0 1 31 0 1 0 1
0 3 -48 6 0 0 1 31 0 1 0 1
phys
0 3 -48 6 0 0 1 31 0 1 0 1
0 3 -32 6 0 0 1 31 0 1 0 1
0 3 -32 10 0 0 1 31 0 1 0 1
phys
0 3 -48 6 0 0 1 31 0 1 0 1
0 3 -32 10 0 0 1 31 0 1 0 1
0 3 -48 10 0 0 1 31 0 1 0 1
phys
0 -13 -48 10 0 0 1 31 0 1 0 1
0 -13 -32 10 0 0 1 31 0 1 0 1
0 -13 -32 6 0 0 1 31 0 1 0 1
phys
0 -13 -48 10 0 0 1 31 0 1 0 1
0 -13 -32 6 0 0 1 31 0 1 0 1
0 -13 -48 6 0 0 1 31 0 1 0 1
phys
0 3 -32 31 0 0 1 32 0 1 0 1
0 -13 -32 31 0 0 1 32 0 1 0 1
0 -13 -16 31 0 0 1 32 0 1 0 1
phys
0 3 -32 31 0 0 1 32 0 1 0 1
0 -13 -16 31 0 0 1 32 0 1 0 1
0 3 -16 31 0 0 1 32 0 1 0 1
phys
0 -13 -32 35 0 0 1 32 0 1 0 1
0 3 -32 35 0 0 1 32 0 1 0 1
0 3 -16 35 0 0 1 32 0 1 0 1
phys
0 -13 -32 35 0 0 1 32 0 1 0 1
0 3 -16 35 0 0 1 32 0 1 0 1
0 -13 -16 35 0 0 1 32 0 1 0 1
phys
0 3 -16 31 0 0 1 32 0 1 0 1
0 -13 -16 31 0 0 1 32 0 1 0 1
0 -13 -16 35 0 0 1 32 0 1 0 1
phys
0 3 -16 31 0 0 1 32 0 1 0 1
0 -13 -16 35 0 0 1 32 0 1 0 1
0 3 -16 35 0 0 1 32 0 1 0 1
phys
0 3 -32 35 0 0 1 32 0 1 0 1
0 -13 -32 35 0 0 1 32 0 1 0 1
0 -13 -32 31 0 0 1 32 0 1 0 1
phys
0 3 -32 35 0 0 1 32 0 1 0 1
0 -13 -32 31 0 0 1 32 0 1 0 1
0 3 -32 31 0 0 1 32 0 1 0 1
phys
0 3 -32 31 0 0 1 32 0 1 0 1
0 3 -16 31 0 0 1 32 0 1 0 1
0 3 -16 35 0 0 1 32 0 1 0 1
phys
0 3 -32 31 0 0 1 32 0 1 0 1
0 3 -16 35 0 0 1 32 0 1 0 1
0 3 -32 35 0 0 1 32 0 1 0 1
phys
0 -13 -32 35 0 0 1 32 0 1 0 1
0 -13 -16 35 0 0 1 32 0 1 0 1
0 -13 -16 31 0 0 1 32 0 1 0 1
phys
0 -13 -32 35 0 0 1 32 0 1 0 1
0 -13 -16 31 0 0 1 32 0 1 0 1
0 -13 -32 31 0 0 1 32 0 1 0 1
phys
0 1 -30 10 0 0 1 33 0 1 0 1
0 -11 -30 10 0 0 1 33 0 1 0 1
0 -11 -18 10 0 0 1 33 0 1 0 1
phys
0 1 -30 10 0 0 1 33 0 1 0 1
0 -11 -18 10 0 0 1 33 0 1 0 1
0 1 -18 10 0 0 1 33 0 1 0 1
phys
0 -11 -30 12 0 0 1 33 0 1 0 1
0 1 -30 12 0 0 1 33 0 1 0 1
0 1 -18 12 0 0 1 33 0 1 0 1
phys
0 -11 -30 12 0 0 1 33 0 1 0 1
0 1 -18 12 0 0 1 33 0 1 0 1
0 -11 -18 12 0 0 1 33 0 1 0 1
phys
0 1 -18 10 0 0 1 33 0 1 0 1
0 -11 -18 10 0 0 1 33 0 1 0 1
0 -11 -18 12 0 0 1 33 0 1 0 1
phys
0 1 -18 10 0 0 1 33 0 1 0 1
0 -11 -18 12 0 0 1 33 0 1 0 1
0 1 -18 12 0 0 1 33 0 1 0 1
phys
0 1 -30 12 0 0 1 33 0 1 0 1
0 -11 -30 12 0 0 1 33 0 1 0 1
0 -11 -30 10 0 0 1 33 0 1 0 1
phys
0 1 -30 12 0 0 1 33 0 1 0 1
0 -11 -30 10 0 0 1 33 0 1 0 1
0 1 -30 10 0 0 1 33 0 1 0 1
phys
0 1 -30 10 0 0 1 33 0 1 0 1
0 1 -18 10 0 0 1 33 0 1 0 1
0 1 -18 12 0 0 1 33 0 1 0 1
phys
0 1 -30 10 0 0 1 33 0 1 0 1
0 1 -18 12 0 0 1 33 0 1 0 1
0 1 -30 12 0 0 1 33 0 1 0 1
phys
0 -11 -30 12 0 0 1 33 0 1 0 1
0 -11 -18 12 0 0 1 33 0 1 0 1
0 -11 -18 10 0 0 1 33 0 1 0 1
phys
0 -11 -30 12 0 0 1 33 0 1 0 1
0 -11 -18 10 0 0 1 33 0 1 0 1
0 -11 -30 10 0 0 1 33 0 1 0 1
phys
0 3 -32 6 0 0 1 34 0 1 0 1
0 -13 -32 6 0 0 1 34 0 1 0 1
0 -13 -16 6 0 0 1 34 0 1 0 1
phys
0 3 -32 6 0 0 1 34 0 1 0 1
0 -13 -16 6 0 0 1 34 0 1 0 1
0 3 -16 6 0 0 1 34 0 1 0 1
phys
0 -13 -32 10 0 0 1 34 0 1 0 1
0 3 -32 10 0 0 1 34 0 1 0 1
0 3 -16 10 0 0 1 34 0 1 0 1
phys
0 -13 -32 10 0 0 1 34 0 1 0 1
0 3 -16 10 0 0 1 34 0 1 0 1
0 -13 -16 10 0 0 1 34 0 1 0 1
phys
0 3 -16 6 0 0 1 34 0 1 0 1
0 -13 -16 6 0 0 1 34 0 1 0 1
0 -13 -16 10 0 0 1 34 0 1 0 1
phys
0 3 -16 6 0 0 1 34 0 1 0 1
0 -13 -16 10 0 0 1 34 0 1 0 1
0 3 -16 10 0 0 1 34 0 1 0 1
phys
0 3 -32 10 0 0 1 34 0 1 0 1
0 -13 -32 10 0 0 1 34 0 1 0 1
0 -13 -32 6 0 0 1 34 0 1 0 1
phys
0 3 -32 10 0 0 1 34 0 1 0 1
0 -13 -32 6 0 0 1 34 0 1 0 1
0 3 -32 6 0 0 1 34 0 1 0 1
phys
0 3 -32 6 0 0 1 34 0 1 0 1
0 3 -16 6 0 0 1 34 0 1 0 1
0 3 -16 10 0 0 1 34 0 1 0 1
phys
0 3 -32 6 0 0 1 34 0 1 0 1
0 3 -16 10 0 0 1 34 0 1 0 1
0 3 -32 10 0 0 1 34 0 1 0 1
phys
0 -13 -32 10 0 0 1 34 0 1 0 1
0 -13 -16 10 0 0 1 34 0 1 0 1
0 -13 -16 6 0 0 1 34 0 1 0 1
phys
0 -13 -32 10 0 0 1 34 0 1 0 1
0 -13 -16 6 0 0 1 34 0 1 0 1
0 -13 -32 6 0 0 1 34 0 1 0 1
phys
0 -9 -28 29 0 0 1 35 0 1 0 1
0 -1 -28 29 0 0 1 35 0 1 0 1
0 -1 -20 29 0 0 1 35 0 1 0 1
phys
0 -9 -28 29 0 0 1 35 0 1 0 1
0 -1 -20 29 0 0 1 35 0 1 0 1
0 -9 -20 29 0 0 1 35 0 1 0 1
phys
0 -1 -28 12 0 0 1 35 0 1 0 1
0 -9 -28 12 0 0 1 35 0 1 0 1
0 -9 -20 12 0 0 1 35 0 1 0 1
phys
0 -1 -28 12 0 0 1 35 0 1 0 1
0 -9 -20 12 0 0 1 35 0 1 0 1
0 -1 -20 12 0 0 1 35 0 1 0 1
phys
0 -1 -20 12 0 0 1 35 0 1 0 1
0 -9 -20 12 0 0 1 35 0 1 0 1
0 -9 -20 29 0 0 1 35 0 1 0 1
phys
0 -1 -20 12 0 0 1 35 0 1 0 1
0 -9 -20 29 0 0 1 35 0 1 0 1
0 -1 -20 29 0 0 1 35 0 1 0 1
phys
0 -1 -28 29 0 0 1 35 0 1 0 1
0 -9 -28 29 0 0 1 35 0 1 0 1
0 -9 -28 12 0 0 1 35 0 1 0 1
phys
0 -1 -28 29 0 0 1 35 0 1 0 1
0 -9 -28 12 0 0 1 35 0 1 0 1
0 -1 -28 12 0 0 1 35 0 1 0 1
phys
0 -1 -28 12 0 0 1 35 0 1 0 1
0 -1 -20 12 0 0 1 35 0 1 0 1
0 -1 -20 29 0 0 1 35 0 1 0 1
phys
0 -1 -28 12 0 0 1 35 0 1 0 1
0 -1 -20 29 0 0 1 35 0 1 0 1
0 -1 -28 29 0 0 1 35 0 1 0 1
phys
0 -9 -28 29 0 0 1 35 0 1 0 1
0 -9 -20 29 0 0 1 35 0 1 0 1
0 -9 -20 12 0 0 1 35 0 1 0 1
phys
0 -9 -28 29 0 0 1 35 0 1 0 1
0 -9 -20 12 0 0 1 35 0 1 0 1
0 -9 -28 12 0 0 1 35 0 1 0 1
phys
0 1 -30 29 0 0 1 36 0 1 0 1
0 -11 -30 29 0 0 1 36 0 1 0 1
0 -11 -18 29 0 0 1 36 0 1 0 1
phys
0 1 -30 29 0 0 1 36 0 1 0 1
0 -11 -18 29 0 0 1 36 0 1 0 1
0 1 -18 29 0 0 1 36 0 1 0 1
phys
0 -11 -30 31 0 0 1 36 0 1 0 1
0 1 -30 31 0 0 1 36 0 1 0 1
0 1 -18 31 0 0 1 36 0 1 0 1
phys
0 -11 -30 31 0 0 1 36 0 1 0 1
0 1 -18 31 0 0 1 36 0 1 0 1
0 -11 -18 31 0 0 1 36 0 1 0 1
phys
0 1 -18 29 0 0 1 36 0 1 0 1
0 -11 -18 29 0 0 1 36 0 1 0 1
0 -11 -18 31 0 0 1 36 0 1 0 1
phys
0 1 -18 29 0 0 1 36 0 1 0 1
0 -11 -18 31 0 0 1 36 0 1 0 1
0 1 -18 31 0 0 1 36 0 1 0 1
phys
0 1 -30 31 0 0 1 36 0 1 0 1
0 -11 -30 31 0 0 1 36 0 1 0 1
0 -11 -30 29 0 0 1 36 0 1 0 1
phys
0 1 -30 31 0 0 1 36 0 1 0 1
0 -11 -30 29 0 0 1 36 0 1 0 1
0 1 -30 29 0 0 1 36 0 1 0 1
phys
0 1 -30 29 0 0 1 36 0 1 0 1
0 1 -18 29 0 0 1 36 0 1 0 1
0 1 -18 31 0 0 1 36 0 1 0 1
phys
0 1 -30 29 0 0 1 36 0 1 0 1
0 1 -18 31 0 0 1 36 0 1 0 1
0 1 -30 31 0 0 1 36 0 1 0 1
phys
0 -11 -30 31 0 0 1 36 0 1 0 1
0 -11 -18 31 0 0 1 36 0 1 0 1
0 -11 -18 29 0 0 1 36 0 1 0 1
phys
0 -11 -30 31 0 0 1 36 0 1 0 1
0 -11 -18 29 0 0 1 36 0 1 0 1
0 -11 -30 29 0 0 1 36 0 1 0 1
phys
0 3 -16 31 0 0 1 37 0 1 0 1
0 -13 -16 31 0 0 1 37 0 1 0 1
0 -13 0 31 0 0 1 37 0 1 0 1
phys
0 3 -16 31 0 0 1 37 0 1 0 1
0 -13 0 31 0 0 1 37 0 1 0 1
0 3 0 31 0 0 1 37 0 1 0 1
phys
0 -13 -16 35 0 0 1 37 0 1 0 1
0 3 -16 35 0 0 1 37 0 1 0 1
0 3 0 35 0 0 1 37 0 1 0 1
phys
0 -13 -16 35 0 0 1 37 0 1 0 1
0 3 0 35 0 0 1 37 0 1 0 1
0 -13 0 35 0 0 1 37 0 1 0 1
phys
0 3 0 31 0 0 1 37 0 1 0 1
0 -13 0 31 0 0 1 37 0 1 0 1
0 -13 0 35 0 0 1 37 0 1 0 1
phys
0 3 0 31 0 0 1 37 0 1 0 1
0 -13 0 35 0 0 1 37 0 1 0 1
0 3 0 35 0 0 1 37 0 1 0 1
phys
0 3 -16 35 0 0 1 37 0 1 0 1
0 -13 -16 35 0 0 1 37 0 1 0 1
0 -13 -16 31 0 0 1 37 0 1 0 1
phys
0 3 -16 35 0 0 1 37 0 1 0 1
0 -13 -16 31 0 0 1 37 0 1 0 1
0 3 -16 31 0 0 1 37 0 1 0 1
phys
0 3 -16 31 0 0 1 37 0 1 0 1
0 3 0 31 0 0 1 37 0 1 0 1
0 3 0 35 0 0 1 37 0 1 0 1
phys
0 3 -16 31 0 0 1 37 0 1 0 1
0 3 0 35 0 0 1 37 0 1 0 1
0 3 -16 35 0 0 1 37 0 1 0 1
phys
0 -13 -16 35 0 0 1 37 0 1 0 1
0 -13 0 35 0 0 1 37 0 1 0 1
0 -13 0 31 0 0 1 37 0 1 0 1
phys
0 -13 -16 35 0 0 1 37 0 1 0 1
0 -13 0 31 0 0 1 37 0 1 0 1
0 -13 -16 31 0 0 1 37 0 1 0 1
phys
0 -9 -12 29 0 0 1 38 0 1 0 1
0 -1 -12 29 0 0 1 38 0 1 0 1
0 -1 -4 29 0 0 1 38 0 1 0 1
phys
0 -9 -12 29 0 0 1 38 0 1 0 1
0 -1 -4 29 0 0 1 38 0 1 0 1
0 -9 -4 29 0 0 1 38 0 1 0 1
phys
0 -1 -12 12 0 0 1 38 0 1 0 1
0 -9 -12 12 0 0 1 38 0 1 0 1
0 -9 -4 12 0 0 1 38 0 1 0 1
phys
0 -1 -12 12 0 0 1 38 0 1 0 1
0 -9 -4 12 0 0 1 38 0 1 0 1
0 -1 -4 12 0 0 1 38 0 1 0 1
phys
0 -1 -4 12 0 0 1 38 0 1 0 1
0 -9 -4 12 0 0 1 38 0 1 0 1
0 -9 -4 29 0 0 1 38 0 1 0 1
phys
0 -1 -4 12 0 0 1 38 0 1 0 1
0 -9 -4 29 0 0 1 38 0 1 0 1
0 -1 -4 29 0 0 1 38 0 1 0 1
phys
0 -1 -12 29 0 0 1 38 0 1 0 1
0 -9 -12 29 0 0 1 38 0 1 0 1
0 -9 -12 12 0 0 1 38 0 1 0 1
phys
0 -1 -12 29 0 0 1 38 0 1 0 1
0 -9 -12 12 0 0 1 38 0 1 0 1
0 -1 -12 12 0 0 1 38 0 1 0 1
phys
0 -1 -12 12 0 0 1 38 0 1 0 1
0 -1 -4 12 0 0 1 38 0 1 0 1
0 -1 -4 29 0 0 1 38 0 1 0 1
phys
0 -1 -12 12 0 0 1 38 0 1 0 1
0 -1 -4 29 0 0 1 38 0 1 0 1
0 -1 -12 29 0 0 1 38 0 1 0 1
phys
0 -9 -12 29 0 0 1 38 0 1 0 1
0 -9 -4 29 0 0 1 38 0 1 0 1
0 -9 -4 12 0 0 1 38 0 1 0 1
phys
0 -9 -12 29 0 0 1 38 0 1 0 1
0 -9 -4 12 0 0 1 38 0 1 0 1
0 -9 -12 12 0 0 1 38 0 1 0 1
phys
0 1 -14 29 0 0 1 39 0 1 0 1
0 -11 -14 29 0 0 1 39 0 1 0 1
0 -11 -2 29 0 0 1 39 0 1 0 1
phys
0 1 -14 29 0 0 1 39 0 1 0 1
0 -11 -2 29 0 0 1 39 0 1 0 1
0 1 -2 29 0 0 1 39 0 1 0 1
phys
0 -11 -14 31 0 0 1 39 0 1 0 1
0 1 -14 31 0 0 1 39 0 1 0 1
0 1 -2 31 0 0 1 39 0 1 0 1
phys
0 -11 -14 31 0 0 1 39 0 1 0 1
0 1 -2 31 0 0 1 39 0 1 0 1
0 -11 -2 31 0 0 1 39 0 1 0 1
phys
0 1 -2 29 0 0 1 39 0 1 0 1
0 -11 -2 29 0 0 1 39 0 1 0 1
0 -11 -2 31 0 0 1 39 0 1 0 1
phys
0 1 -2 29 0 0 1 39 0 1 0 1
0 -11 -2 31 0 0 1 39 0 1 0 1
0 1 -2 31 0 0 1 39 0 1 0 1
phys
0 1 -14 31 0 0 1 39 0 1 0 1
0 -11 -14 31 0 0 1 39 0 1 0 1
0 -11 -14 29 0 0 1 39 0 1 0 1
phys
0 1 -14 31 0 0 1 39 0 1 0 1
0 -11 -14 29 0 0 1 39 0 1 0 1
0 1 -14 29 0 0 1 39 0 1 0 1
phys
0 1 -14 29 0 0 1 39 0 1 0 1
0 1 -2 29 0 0 1 39 0 1 0 1
0 1 -2 31 0 0 1 39 0 1 0 1
phys
0 1 -14 29 0 0 1 39 0 1 0 1
0 1 -2 31 0 0 1 39 0 1 0 1
0 1 -14 31 0 0 1 39 0 1 0 1
phys
0 -11 -14 31 0 0 1 39 0 1 0 1
0 -11 -2 31 0 0 1 39 0 1 0 1
0 -11 -2 29 0 0 1 39 0 1 0 1
phys
0 -11 -14 31 0 0 1 39 0 1 0 1
0 -11 -2 29 0 0 1 39 0 1 0 1
0 -11 -14 29 0 0 1 39 0 1 0 1
phys
0 1 -14 10 0 0 1 40 0 1 0 1
0 -11 -14 10 0 0 1 40 0 1 0 1
0 -11 -2 10 0 0 1 40 0 1 0 1
phys
0 1 -14 10 0 0 1 40 0 1 0 1
0 -11 -2 10 0 0 1 40 0 1 0 1
0 1 -2 10 0 0 1 40 0 1 0 1
phys
0 -11 -14 12 0 0 1 40 0 1 0 1
0 1 -14 12 0 0 1 40 0 1 0 1
0 1 -2 12 0 0 1 40 0 1 0 1
phys
0 -11 -14 12 0 0 1 40 0 1 0 1
0 1 -2 12 0 0 1 40 0 1 0 1
0 -11 -2 12 0 0 1 40 0 1 0 1
phys
0 1 -2 10 0 0 1 40 0 1 0 1
0 -11 -2 10 0 0 1 40 0 1 0 1
0 -11 -2 12 0 0 1 40 0 1 0 1
phys
0 1 -2 10 0 0 1 40 0 1 0 1
0 -11 -2 12 0 0 1 40 0 1 0 1
0 1 -2 12 0 0 1 40 0 1 0 1
phys
0 1 -14 12 0 0 1 40 0 1 0 1
0 -11 -14 12 0 0 1 40 0 1 0 1
0 -11 -14 10 0 0 1 40 0 1 0 1
phys
0 1 -14 12 0 0 1 40 0 1 0 1
0 -11 -14 10 0 0 1 40 0 1 0 1
0 1 -14 10 0 0 1 40 0 1 0 1
phys
0 1 -14 10 0 0 1 40 0 1 0 1
0 1 -2 10 0 0 1 40 0 1 0 1
0 1 -2 12 0 0 1 40 0 1 0 1
phys
0 1 -14 10 0 0 1 40 0 1 0 1
0 1 -2 12 0 0 1 40 0 1 0 1
0 1 -14 12 0 0 1 40 0 1 0 1
phys
0 -11 -14 12 0 0 1 40 0 1 0 1
0 -11 -2 12 0 0 1 40 0 1 0 1
0 -11 -2 10 0 0 1 40 0 1 0 1
phys
0 -11 -14 12 0 0 1 40 0 1 0 1
0 -11 -2 10 0 0 1 40 0 1 0 1
0 -11 -14 10 0 0 1 40 0 1 0 1
phys
0 3 -16 6 0 0 1 41 0 1 0 1
0 -13 -16 6 0 0 1 41 0 1 0 1
0 -13 0 6 0 0 1 41 0 1 0 1
phys
0 3 -16 6 0 0 1 41 0 1 0 1
0 -13 0 6 0 0 1 41 0 1 0 1
0 3 0 6 0 0 1 41 0 1 0 1
phys
0 -13 -16 10 0 0 1 41 0 1 0 1
0 3 -16 10 0 0 1 41 0 1 0 1
0 3 0 10 0 0 1 41 0 1 0 1
phys
0 -13 -16 10 0 0 1 41 0 1 0 1
0 3 0 10 0 0 1 41 0 1 0 1
0 -13 0 10 0 0 1 41 0 1 0 1
phys
0 3 0 6 0 0 1 41 0 1 0 1
0 -13 0 6 0 0 1 41 0 1 0 1
0 -13 0 10 0 0 1 41 0 1 0 1
phys
0 3 0 6 0 0 1 41 0 1 0 1
0 -13 0 10 0 0 1 41 0 1 0 1
0 3 0 10 0 0 1 41 0 1 0 1
phys
0 3 -16 10 0 0 1 41 0 1 0 1
0 -13 -16 10 0 0 1 41 0 1 0 1
0 -13 -16 6 0 0 1 41 0 1 0 1
phys
0 3 -16 10 0 0 1 41 0 1 0 1
0 -13 -16 6 0 0 1 41 0 1 0 1
0 3 -16 6 0 0 1 41 0 1 0 1
phys
0 3 -16 6 0 0 1 41 0 1 0 1
0 3 0 6 0 0 1 41 0 1 0 1
0 3 0 10 0 0 1 41 0 1 0 1
phys
0 3 -16 6 0 0 1 41 0 1 0 1
0 3 0 10 0 0 1 41 0 1 0 1
0 3 -16 10 0 0 1 41 0 1 0 1
phys
0 -13 -16 10 0 0 1 41 0 1 0 1
0 -13 0 10 0 0 1 41 0 1 0 1
0 -13 0 6 0 0 1 41 0 1 0 1
phys
0 -13 -16 10 0 0 1 41 0 1 0 1
0 -13 0 6 0 0 1 41 0 1 0 1
0 -13 -16 6 0 0 1 41 0 1 0 1
phys
0 3 0 31 0 0 1 42 0 1 0 1
0 -13 0 31 0 0 1 42 0 1 0 1
0 -13 16 31 0 0 1 42 0 1 0 1
phys
0 3 0 31 0 0 1 42 0 1 0 1
0 -13 16 31 0 0 1 42 0 1 0 1
0 3 16 31 0 0 1 42 0 1 0 1
phys
0 -13 0 35 0 0 1 42 0 1 0 1
0 3 0 35 0 0 1 42 0 1 0 1
0 3 16 35 0 0 1 42 0 1 0 1
phys
0 -13 0 35 0 0 1 42 0 1 0 1
0 3 16 35 0 0 1 42 0 1 0 1
0 -13 16 35 0 0 1 42 0 1 0 1
phys
0 3 16 31 0 0 1 42 0 1 0 1
0 -13 16 31 0 0 1 42 0 1 0 1
0 -13 16 35 0 0 1 42 0 1 0 1
phys
0 3 16 31 0 0 1 42 0 1 0 1
0 -13 16 35 0 0 1 42 0 1 0 1
0 3 16 35 0 0 1 42 0 1 0 1
phys
0 3 0 35 0 0 1 42 0 1 0 1
0 -13 0 35 0 0 1 42 0 1 0 1
0 -13 0 31 0 0 1 42 0 1 0 1
phys
0 3 0 35 0 0 1 42 0 1 0 1
0 -13 0 31 0 0 1 42 0 1 0 1
0 3 0 31 0 0 1 42 0 1 0 1
phys
0 3 0 31 0 0 1 42 0 1 0 1
0 3 16 31 0 0 1 42 0 1 0 1
0 3 16 35 0 0 1 42 0 1 0 1
phys
0 3 0 31 0 0 1 42 0 1 0 1
0 3 16 35 0 0 1 42 0 1 0 1
0 3 0 35 0 0 1 42 0 1 0 1
phys
0 -13 0 35 0 0 1 42 0 1 0 1
0 -13 16 35 0 0 1 42 0 1 0 1
0 -13 16 31 0 0 1 42 0 1 0 1
phys
0 -13 0 35 0 0 1 42 0 1 0 1
0 -13 16 31 0 0 1 42 0 1 0 1
0 -13 0 31 0 0 1 42 0 1 0 1
phys
0 1 2 10 0 0 1 43 0 1 0 1
0 -11 2 10 0 0 1 43 0 1 0 1
0 -11 14 10 0 0 1 43 0 1 0 1
phys
0 1 2 10 0 0 1 43 0 1 0 1
0 -11 14 10 0 0 1 43 0 1 0 1
0 1 14 10 0 0 1 43 0 1 0 1
phys
0 -11 2 12 0 0 1 43 0 1 0 1
0 1 2 12 0 0 1 43 0 1 0 1
0 1 14 12 0 0 1 43 0 1 0 1
phys
0 -11 2 12 0 0 1 43 0 1 0 1
0 1 14 12 0 0 1 43 0 1 0 1
0 -11 14 12 0 0 1 43 0 1 0 1
phys
0 1 14 10 0 0 1 43 0 1 0 1
0 -11 14 10 0 0 1 43 0 1 0 1
0 -11 14 12 0 0 1 43 0 1 0 1
phys
0 1 14 10 0 0 1 43 0 1 0 1
0 -11 14 12 0 0 1 43 0 1 0 1
0 1 14 12 0 0 1 43 0 1 0 1
phys
0 1 2 12 0 0 1 43 0 1 0 1
0 -11 2 12 0 0 1 43 0 1 0 1
0 -11 2 10 0 0 1 43 0 1 0 1
phys
0 1 2 12 0 0 1 43 0 1 0 1
0 -11 2 10 0 0 1 43 0 1 0 1
0 1 2 10 0 0 1 43 0 1 0 1
phys
0 1 2 10 0 0 1 43 0 1 0 1
0 1 14 10 0 0 1 43 0 1 0 1
0 1 14 12 0 0 1 43 0 1 0 1
phys
0 1 2 10 0 0 1 43 0 1 0 1
0 1 14 12 0 0 1 43 0 1 0 1
0 1 2 12 0 0 1 43 0 1 0 1
phys
0 -11 2 12 0 0 1 43 0 1 0 1
0 -11 14 12 0 0 1 43 0 1 0 1
0 -11 14 10 0 0 1 43 0 1 0 1
phys
0 -11 2 12 0 0 1 43 0 1 0 1
0 -11 14 10 0 0 1 43 0 1 0 1
0 -11 2 10 0 0 1 43 0 1 0 1
phys
0 3 0 6 0 0 1 44 0 1 0 1
0 -13 0 6 0 0 1 44 0 1 0 1
0 -13 16 6 0 0 1 44 0 1 0 1
phys
0 3 0 6 0 0 1 44 0 1 0 1
0 -13 16 6 0 0 1 44 0 1 0 1
0 3 16 6 0 0 1 44 0 1 0 1
phys
0 -13 0 10 0 0 1 44 0 1 0 1
0 3 0 10 0 0 1 44 0 1 0 1
0 3 16 10 0 0 1 44 0 1 0 1
phys
0 -13 0 10 0 0 1 44 0 1 0 1
0 3 16 10 0 0 1 44 0 1 0 1
0 -13 16 10 0 0 1 44 0 1 0 1
phys
0 3 16 6 0 0 1 44 0 1 0 1
0 -13 16 6 0 0 1 44 0 1 0 1
0 -13 16 10 0 0 1 44 0 1 0 1
phys
0 3 16 6 0 0 1 44 0 1 0 1
0 -13 16 10 0 0 1 44 0 1 0 1
0 3 16 10 0 0 1 44 0 1 0 1
phys
0 3 0 10 0 0 1 44 0 1 0 1
0 -13 0 10 0 0 1 44 0 1 0 1
0 -13 0 6 0 0 1 44 0 1 0 1
phys
0 3 0 10 0 0 1 44 0 1 0 1
0 -13 0 6 0 0 1 44 0 1 0 1
0 3 0 6 0 0 1 44 0 1 0 1
phys
0 3 0 6 0 0 1 44 0 1 0 1
0 3 16 6 0 0 1 44 0 1 0 1
0 3 16 10 0 0 1 44 0 1 0 1
phys
0 3 0 6 0 0 1 44 0 1 0 1
0 3 16 10 0 0 1 44 0 1 0 1
0 3 0 10 0 0 1 44 0 1 0 1
phys
0 -13 0 10 0 0 1 44 0 1 0 1
0 -13 16 10 0 0 1 44 0 1 0 1
0 -13 16 6 0 0 1 44 0 1 0 1
phys
0 -13 0 10 0 0 1 44 0 1 0 1
0 -13 16 6 0 0 1 44 0 1 0 1
0 -13 0 6 0 0 1 44 0 1 0 1
phys
0 -9 4 29 0 0 1 45 0 1 0 1
0 -1 4 29 0 0 1 45 0 1 0 1
0 -1 12 29 0 0 1 45 0 1 0 1
phys
0 -9 4 29 0 0 1 45 0 1 0 1
0 -1 12 29 0 0 1 45 0 1 0 1
0 -9 12 29 0 0 1 45 0 1 0 1
phys
0 -1 4 12 0 0 1 45 0 1 0 1
0 -9 4 12 0 0 1 45 0 1 0 1
0 -9 12 12 0 0 1 45 0 1 0 1
phys
0 -1 4 12 0 0 1 45 0 1 0 1
0 -9 12 12 0 0 1 45 0 1 0 1
0 -1 12 12 0 0 1 45 0 1 0 1
phys
0 -1 12 12 0 0 1 45 0 1 0 1
0 -9 12 12 0 0 1 45 0 1 0 1
0 -9 12 29 0 0 1 45 0 1 0 1
phys
0 -1 12 12 0 0 1 45 0 1 0 1
0 -9 12 29 0 0 1 45 0 1 0 1
0 -1 12 29 0 0 1 45 0 1 0 1
phys
0 -1 4 29 0 0 1 45 0 1 0 1
0 -9 4 29 0 0 1 45 0 1 0 1
0 -9 4 12 0 0 1 45 0 1 0 1
phys
0 -1 4 29 0 0 1 45 0 1 0 1
0 -9 4 12 0 0 1 45 0 1 0 1
0 -1 4 12 0 0 1 45 0 1 0 1
phys
0 -1 4 12 0 0 1 45 0 1 0 1
0 -1 12 12 0 0 1 45 0 1 0 1
0 -1 12 29 0 0 1 45 0 1 0 1
phys
0 -1 4 12 0 0 1 45 0 1 0 1
0 -1 12 29 0 0 1 45 0 1 0 1
0 -1 4 29 0 0 1 45 0 1 0 1
phys
0 -9 4 29 0 0 1 45 0 1 0 1
0 -9 12 29 0 0 1 45 0 1 0 1
0 -9 12 12 0 0 1 45 0 1 0 1
phys
0 -9 4 29 0 0 1 45 0 1 0 1
0 -9 12 12 0 0 1 45 0 1 0 1
0 -9 4 12 0 0 1 45 0 1 0 1
phys
0 1 2 29 0 0 1 46 0 1 0 1
0 -11 2 29 0 0 1 46 0 1 0 1
0 -11 14 29 0 0 1 46 0 1 0 1
phys
0 1 2 29 0 0 1 46 0 1 0 1
0 -11 14 29 0 0 1 46 0 1 0 1
0 1 14 29 0 0 1 46 0 1 0 1
phys
0 -11 2 31 0 0 1 46 0 1 0 1
0 1 2 31 0 0 1 46 0 1 0 1
0 1 14 31 0 0 1 46 0 1 0 1
phys
0 -11 2 31 0 0 1 46 0 1 0 1
0 1 14 31 0 0 1 46 0 1 0 1
0 -11 14 31 0 0 1 46 0 1 0 1
phys
0 1 14 29 0 0 1 46 0 1 0 1
0 -11 14 29 0 0 1 46 0 1 0 1
0 -11 14 31 0 0 1 46 0 1 0 1
phys
0 1 14 29 0 0 1 46 0 1 0 1
0 -11 14 31 0 0 1 46 0 1 0 1
0 1 14 31 0 0 1 46 0 1 0 1
phys
0 1 2 31 0 0 1 46 0 1 0 1
0 -11 2 31 0 0 1 46 0 1 0 1
0 -11 2 29 0 0 1 46 0 1 0 1
phys
0 1 2 31 0 0 1 46 0 1 0 1
0 -11 2 29 0 0 1 46 0 1 0 1
0 1 2 29 0 0 1 46 0 1 0 1
phys
0 1 2 29 0 0 1 46 0 1 0 1
0 1 14 29 0 0 1 46 0 1 0 1
0 1 14 31 0 0 1 46 0 1 0 1
phys
0 1 2 29 0 0 1 46 0 1 0 1
0 1 14 31 0 0 1 46 0 1 0 1
0 1 2 31 0 0 1 46 0 1 0 1
phys
0 -11 2 31 0 0 1 46 0 1 0 1
0 -11 14 31 0 0 1 46 0 1 0 1
0 -11 14 29 0 0 1 46 0 1 0 1
phys
0 -11 2 31 0 0 1 46 0 1 0 1
0 -11 14 29 0 0 1 46 0 1 0 1
0 -11 2 29 0 0 1 46 0 1 0 1
phys
0 3 16 31 0 0 1 47 0 1 0 1
0 -13 16 31 0 0 1 47 0 1 0 1
0 -13 32 31 0 0 1 47 0 1 0 1
phys
0 3 16 31 0 0 1 47 0 1 0 1
0 -13 32 31 0 0 1 47 0 1 0 1
0 3 32 31 0 0 1 47 0 1 0 1
phys
0 -13 16 35 0 0 1 47 0 1 0 1
0 3 16 35 0 0 1 47 0 1 0 1
0 3 32 35 0 0 1 47 0 1 0 1
phys
0 -13 16 35 0 0 1 47 0 1 0 1
0 3 32 35 0 0 1 47 0 1 0 1
0 -13 32 35 0 0 1 47 0 1 0 1
phys
0 3 32 31 0 0 1 47 0 1 0 1
0 -13 32 31 0 0 1 47 0 1 0 1
0 -13 32 35 0 0 1 47 0 1 0 1
phys
0 3 32 31 0 0 1 47 0 1 0 1
0 -13 32 35 0 0 1 47 0 1 0 1
0 3 32 35 0 0 1 47 0 1 0 1
phys
0 3 16 35 0 0 1 47 0 1 0 1
0 -13 16 35 0 0 1 47 0 1 0 1
0 -13 16 31 0 0 1 47 0 1 0 1
phys
0 3 16 35 0 0 1 47 0 1 0 1
0 -13 16 31 0 0 1 47 0 1 0 1
0 3 16 31 0 0 1 47 0 1 0 1
phys
0 3 16 31 0 0 1 47 0 1 0 1
0 3 32 31 0 0 1 47 0 1 0 1
0 3 32 35 0 0 1 47 0 1 0 1
phys
0 3 16 31 0 0 1 47 0 1 0 1
0 3 32 35 0 0 1 47 0 1 0 1
0 3 16 35 0 0 1 47 0 1 0 1
phys
0 -13 16 35 0 0 1 47 0 1 0 1
0 -13 32 35 0 0 1 47 0 1 0 1
0 -13 32 31 0 0 1 47 0 1 0 1
phys
0 -13 16 35 0 0 1 47 0 1 0 1
0 -13 32 31 0 0 1 47 0 1 0 1
0 -13 16 31 0 0 1 47 0 1 0 1
phys
0 -9 20 29 0 0 1 48 0 1 0 1
0 -1 20 29 0 0 1 48 0 1 0 1
0 -1 28 29 0 0 1 48 0 1 0 1
phys
0 -9 20 29 0 0 1 48 0 1 0 1
0 -1 28 29 0 0 1 48 0 1 0 1
0 -9 28 29 0 0 1 48 0 1 0 1
phys
0 -1 20 12 0 0 1 48 0 1 0 1
0 -9 20 12 0 0 1 48 0 1 0 1
0 -9 28 12 0 0 1 48 0 1 0 1
phys
0 -1 20 12 0 0 1 48 0 1 0 1
0 -9 28 12 0 0 1 48 0 1 0 1
0 -1 28 12 0 0 1 48 0 1 0 1
phys
0 -1 28 12 0 0 1 48 0 1 0 1
0 -9 28 12 0 0 1 48 0 1 0 1
0 -9 28 29 0 0 1 48 0 1 0 1
phys
0 -1 28 12 0 0 1 48 0 1 0 1
0 -9 28 29 0 0 1 48 0 1 0 1
0 -1 28 29 0 0 1 48 0 1 0 1
phys
0 -1 20 29 0 0 1 48 0 1 0 1
0 -9 20 29 0 0 1 48 0 1 0 1
0 -9 20 12 0 0 1 48 0 1 0 1
phys
0 -1 20 29 0 0 1 48 0 1 0 1
0 -9 20 12 0 0 1 48 0 1 0 1
0 -1 20 12 0 0 1 48 0 1 0 1
phys
0 -1 20 12 0 0 1 48 0 1 0 1
0 -1 28 12 0 0 1 48 0 1 0 1
0 -1 28 29 0 0 1 48 0 1 0 1
phys
0 -1 20 12 0 0 1 48 0 1 0 1
0 -1 28 29 0 0 1 48 0 1 0 1
0 -1 20 29 0 0 1 48 0 1 0 1
phys
0 -9 20 29 0 0 1 48 0 1 0 1
0 -9 28 29 0 0 1 48 0 1 0 1
0 -9 28 12 0 0 1 48 0 1 0 1
phys
0 -9 20 29 0 0 1 48 0 1 0 1
0 -9 28 12 0 0 1 48 0 1 0 1
0 -9 20 12 0 0 1 48 0 1 0 1
phys
0 1 18 29 0 0 1 49 0 1 0 1
0 -11 18 29 0 0 1 49 0 1 0 1
0 -11 30 29 0 0 1 49 0 1 0 1
phys
0 1 18 29 0 0 1 49 0 1 0 1
0 -11 30 29 0 0 1 49 0 1 0 1
0 1 30 29 0 0 1 49 0 1 0 1
phys
0 -11 18 31 0 0 1 49 0 1 0 1
0 1 18 31 0 0 1 49 0 1 0 1
0 1 30 31 0 0 1 49 0 1 0 1
phys
0 -11 18 31 0 0 1 49 0 1 0 1
0 1 30 31 0 0 1 49 0 1 0 1
0 -11 30 31 0 0 1 49 0 1 0 1
phys
0 1 30 29 0 0 1 49 0 1 0 1
0 -11 30 29 0 0 1 49 0 1 0 1
0 -11 30 31 0 0 1 49 0 1 0 1
phys
0 1 30 29 0 0 1 49 0 1 0 1
0 -11 30 31 0 0 1 49 0 1 0 1
0 1 30 31 0 0 1 49 0 1 0 1
phys
0 1 18 31 0 0 1 49 0 1 0 1
0 -11 18 31 0 0 1 49 0 1 0 1
0 -11 18 29 0 0 1 49 0 1 0 1
phys
0 1 18 31 0 0 1 49 0 1 0 1
0 -11 18 29 0 0 1 49 0 1 0 1
0 1 18 29 0 0 1 49 0 1 0 1
phys
0 1 18 29 0 0 1 49 0 1 0 1
0 1 30 29 0 0 1 49 0 1 0 1
0 1 30 31 0 0 1 49 0 1 0 1
phys
0 1 18 29 0 0 1 49 0 1 0 1
0 1 30 31 0 0 1 49 0 1 0 1
0 1 18 31 0 0 1 49 0 1 0 1
phys
0 -11 18 31 0 0 1 49 0 1 0 1
0 -11 30 31 0 0 1 49 0 1 0 1
0 -11 30 29 0 0 1 49 0 1 0 1
phys
0 -11 18 31 0 0 1 49 0 1 0 1
0 -11 30 29 0 0 1 49 0 1 0 1
0 -11 18 29 0 0 1 49 0 1 0 1
phys
0 1 18 10 0 0 1 50 0 1 0 1
0 -11 18 10 0 0 1 50 0 1 0 1
0 -11 30 10 0 0 1 50 0 1 0 1
phys
0 1 18 10 0 0 1 50 0 1 0 1
0 -11 30 10 0 0 1 50 0 1 0 1
0 1 30 10 0 0 1 50 0 1 0 1
phys
0 -11 18 12 0 0 1 50 0 1 0 1
0 1 18 12 0 0 1 50 0 1 0 1
0 1 30 12 0 0 1 50 0 1 0 1
phys
0 -11 18 12 0 0 1 50 0 1 0 1
0 1 30 12 0 0 1 50 0 1 0 1
0 -11 30 12 0 0 1 50 0 1 0 1
phys
0 1 30 10 0 0 1 50 0 1 0 1
0 -11 30 10 0 0 1 50 0 1 0 1
0 -11 30 12 0 0 1 50 0 1 0 1
phys
0 1 30 10 0 0 1 50 0 1 0 1
0 -11 30 12 0 0 1 50 0 1 0 1
0 1 30 12 0 0 1 50 0 1 0 1
phys
0 1 18 12 0 0 1 50 0 1 0 1
0 -11 18 12 0 0 1 50 0 1 0 1
0 -11 18 10 0 0 1 50 0 1 0 1
phys
0 1 18 12 0 0 1 50 0 1 0 1
0 -11 18 10 0 0 1 50 0 1 0 1
0 1 18 10 0 0 1 50 0 1 0 1
phys
0 1 18 10 0 0 1 50 0 1 0 1
0 1 30 10 0 0 1 50 0 1 0 1
0 1 30 12 0 0 1 50 0 1 0 1
phys
0 1 18 10 0 0 1 50 0 1 0 1
0 1 30 12 0 0 1 50 0 1 0 1
0 1 18 12 0 0 1 50 0 1 0 1
phys
0 -11 18 12 0 0 1 50 0 1 0 1
0 -11 30 12 0 0 1 50 0 1 0 1
0 -11 30 10 0 0 1 50 0 1 0 1
phys
0 -11 18 12 0 0 1 50 0 1 0 1
0 -11 30 10 0 0 1 50 0 1 0 1
0 -11 18 10 0 0 1 50 0 1 0 1
phys
0 3 16 6 0 0 1 51 0 1 0 1
0 -13 16 6 0 0 1 51 0 1 0 1
0 -13 32 6 0 0 1 51 0 1 0 1
phys
0 3 16 6 0 0 1 51 0 1 0 1
0 -13 32 6 0 0 1 51 0 1 0 1
0 3 32 6 0 0 1 51 0 1 0 1
phys
0 -13 16 10 0 0 1 51 0 1 0 1
0 3 16 10 0 0 1 51 0 1 0 1
0 3 32 10 0 0 1 51 0 1 0 1
phys
0 -13 16 10 0 0 1 51 0 1 0 1
0 3 32 10 0 0 1 51 0 1 0 1
0 -13 32 10 0 0 1 51 0 1 0 1
phys
0 3 32 6 0 0 1 51 0 1 0 1
0 -13 32 6 0 0 1 51 0 1 0 1
0 -13 32 10 0 0 1 51 0 1 0 1
phys
0 3 32 6 0 0 1 51 0 1 0 1
0 -13 32 10 0 0 1 51 0 1 0 1
0 3 32 10 0 0 1 51 0 1 0 1
phys
0 3 16 10 0 0 1 51 0 1 0 1
0 -13 16 10 0 0 1 51 0 1 0 1
0 -13 16 6 0 0 1 51 0 1 0 1
phys
0 3 16 10 0 0 1 51 0 1 0 1
0 -13 16 6 0 0 1 51 0 1 0 1
0 3 16 6 0 0 1 51 0 1 0 1
phys
0 3 16 6 0 0 1 51 0 1 0 1
0 3 32 6 0 0 1 51 0 1 0 1
0 3 32 10 0 0 1 51 0 1 0 1
phys
0 3 16 6 0 0 1 51 0 1 0 1
0 3 32 10 0 0 1 51 0 1 0 1
0 3 16 10 0 0 1 51 0 1 0 1
phys
0 -13 16 10 0 0 1 51 0 1 0 1
0 -13 32 10 0 0 1 51 0 1 0 1
0 -13 32 6 0 0 1 51 0 1 0 1
phys
0 -13 16 10 0 0 1 51 0 1 0 1
0 -13 32 6 0 0 1 51 0 1 0 1
0 -13 16 6 0 0 1 51 0 1 0 1
phys
0 3 32 31 0 0 1 52 0 1 0 1
0 -13 32 31 0 0 1 52 0 1 0 1
0 -13 48 31 0 0 1 52 0 1 0 1
phys
0 3 32 31 0 0 1 52 0 1 0 1
0 -13 48 31 0 0 1 52 0 1 0 1
0 3 48 31 0 0 1 52 0 1 0 1
phys
0 -13 32 35 0 0 1 52 0 1 0 1
0 3 32 35 0 0 1 52 0 1 0 1
0 3 48 35 0 0 1 52 0 1 0 1
phys
0 -13 32 35 0 0 1 52 0 1 0 1
0 3 48 35 0 0 1 52 0 1 0 1
0 -13 48 35 0 0 1 52 0 1 0 1
phys
0 3 48 31 0 0 1 52 0 1 0 1
0 -13 48 31 0 0 1 52 0 1 0 1
0 -13 48 35 0 0 1 52 0 1 0 1
phys
0 3 48 31 0 0 1 52 0 1 0 1
0 -13 48 35 0 0 1 52 0 1 0 1
0 3 48 35 0 0 1 52 0 1 0 1
phys
0 3 32 35 0 0 1 52 0 1 0 1
0 -13 32 35 0 0 1 52 0 1 0 1
0 -13 32 31 0 0 1 52 0 1 0 1
phys
0 3 32 35 0 0 1 52 0 1 0 1
0 -13 32 31 0 0 1 52 0 1 0 1
0 3 32 31 0 0 1 52 0 1 0 1
phys
0 3 32 31 0 0 1 52 0 1 0 1
0 3 48 31 0 0 1 52 0 1 0 1
0 3 48 35 0 0 1 52 0 1 0 1
phys
0 3 32 31 0 0 1 52 0 1 0 1
0 3 48 35 0 0 1 52 0 1 0 1
0 3 32 35 0 0 1 52 0 1 0 1
phys
0 -13 32 35 0 0 1 52 0 1 0 1
0 -13 48 35 0 0 1 52 0 1 0 1
0 -13 48 31 0 0 1 52 0 1 0 1
phys
0 -13 32 35 0 0 1 52 0 1 0 1
0 -13 48 31 0 0 1 52 0 1 0 1
0 -13 32 31 0 0 1 52 0 1 0 1
phys
0 1 34 10 0 0 1 53 0 1 0 1
0 -11 34 10 0 0 1 53 0 1 0 1
0 -11 46 10 0 0 1 53 0 1 0 1
phys
0 1 34 10 0 0 1 53 0 1 0 1
0 -11 46 10 0 0 1 53 0 1 0 1
0 1 46 10 0 0 1 53 0 1 0 1
phys
0 -11 34 12 0 0 1 53 0 1 0 1
0 1 34 12 0 0 1 53 0 1 0 1
0 1 46 12 0 0 1 53 0 1 0 1
phys
0 -11 34 12 0 0 1 53 0 1 0 1
0 1 46 12 0 0 1 53 0 1 0 1
0 -11 46 12 0 0 1 53 0 1 0 1
phys
0 1 46 10 0 0 1 53 0 1 0 1
0 -11 46 10 0 0 1 53 0 1 0 1
0 -11 46 12 0 0 1 53 0 1 0 1
phys
0 1 46 10 0 0 1 53 0 1 0 1
0 -11 46 12 0 0 1 53 0 1 0 1
0 1 46 12 0 0 1 53 0 1 0 1
phys
0 1 34 12 0 0 1 53 0 1 0 1
0 -11 34 12 0 0 1 53 0 1 0 1
0 -11 34 10 0 0 1 53 0 1 0 1
phys
0 1 34 12 0 0 1 53 0 1 0 1
0 -11 34 10 0 0 1 53 0 1 0 1
0 1 34 10 0 0 1 53 0 1 0 1
phys
0 1 34 10 0 0 1 53 0 1 0 1
0 1 46 10 0 0 1 53 0 1 0 1
0 1 46 12 0 0 1 53 0 1 0 1
phys
0 1 34 10 0 0 1 53 0 1 0 1
0 1 46 12 0 0 1 53 0 1 0 1
0 1 34 12 0 0 1 53 0 1 0 1
phys
0 -11 34 12 0 0 1 53 0 1 0 1
0 -11 46 12 0 0 1 53 0 1 0 1
0 -11 46 10 0 0 1 53 0 1 0 1
phys
0 -11 34 12 0 0 1 53 0 1 0 1
0 -11 46 10 0 0 1 53 0 1 0 1
0 -11 34 10 0 0 1 53 0 1 0 1
phys
0 3 32 6 0 0 1 54 0 1 0 1
0 -13 32 6 0 0 1 54 0 1 0 1
0 -13 48 6 0 0 1 54 0 1 0 1
phys
0 3 32 6 0 0 1 54 0 1 0 1
0 -13 48 6 0 0 1 54 0 1 0 1
0 3 48 6 0 0 1 54 0 1 0 1
phys
0 -13 32 10 0 0 1 54 0 1 0 1
0 3 32 10 0 0 1 54 0 1 0 1
0 3 48 10 0 0 1 54 0 1 0 1
phys
0 -13 32 10 0 0 1 54 0 1 0 1
0 3 48 10 0 0 1 54 0 1 0 1
0 -13 48 10 0 0 1 54 0 1 0 1
phys
0 3 48 6 0 0 1 54 0 1 0 1
0 -13 48 6 0 0 1 54 0 1 0 1
0 -13 48 10 0 0 1 54 0 1 0 1
phys
0 3 48 6 0 0 1 54 0 1 0 1
0 -13 48 10 0 0 1 54 0 1 0 1
0 3 48 10 0 0 1 54 0 1 0 1
phys
0 3 32 10 0 0 1 54 0 1 0 1
0 -13 32 10 0 0 1 54 0 1 0 1
0 -13 32 6 0 0 1 54 0 1 0 1
phys
0 3 32 10 0 0 1 54 0 1 0 1
0 -13 32 6 0 0 1 54 0 1 0 1
0 3 32 6 0 0 1 54 0 1 0 1
phys
0 3 32 6 0 0 1 54 0 1 0 1
0 3 48 6 0 0 1 54 0 1 0 1
0 3 48 10 0 0 1 54 0 1 0 1
phys
0 3 32 6 0 0 1 54 0 1 0 1
0 3 48 10 0 0 1 54 0 1 0 1
0 3 32 10 0 0 1 54 0 1 0 1
phys
0 -13 32 10 0 0 1 54 0 1 0 1
0 -13 48 10 0 0 1 54 0 1 0 1
0 -13 48 6 0 0 1 54 0 1 0 1
phys
0 -13 32 10 0 0 1 54 0 1 0 1
0 -13 48 6 0 0 1 54 0 1 0 1
0 -13 32 6 0 0 1 54 0 1 0 1
phys
0 -9 36 29 0 0 1 55 0 1 0 1
0 -1 36 29 0 0 1 55 0 1 0 1
0 -1 44 29 0 0 1 55 0 1 0 1
phys
0 -9 36 29 0 0 1 55 0 1 0 1
0 -1 44 29 0 0 1 55 0 1 0 1
0 -9 44 29 0 0 1 55 0 1 0 1
phys
0 -1 36 12 0 0 1 55 0 1 0 1
0 -9 36 12 0 0 1 55 0 1 0 1
0 -9 44 12 0 0 1 55 0 1 0 1
phys
0 -1 36 12 0 0 1 55 0 1 0 1
0 -9 44 12 0 0 1 55 0 1 0 1
0 -1 44 12 0 0 1 55 0 1 0 1
phys
0 -1 44 12 0 0 1 55 0 1 0 1
0 -9 44 12 0 0 1 55 0 1 0 1
0 -9 44 29 0 0 1 55 0 1 0 1
phys
0 -1 44 12 0 0 1 55 0 1 0 1
0 -9 44 29 0 0 1 55 0 1 0 1
0 -1 44 29 0 0 1 55 0 1 0 1
phys
0 -1 36 29 0 0 1 55 0 1 0 1
0 -9 36 29 0 0 1 55 0 1 0 1
0 -9 36 12 0 0 1 55 0 1 0 1
phys
0 -1 36 29 0 0 1 55 0 1 0 1
0 -9 36 12 0 0 1 55 0 1 0 1
0 -1 36 12 0 0 1 55 0 1 0 1
phys
0 -1 36 12 0 0 1 55 0 1 0 1
0 -1 44 12 0 0 1 55 0 1 0 1
0 -1 44 29 0 0 1 55 0 1 0 1
phys
0 -1 36 12 0 0 1 55 0 1 0 1
0 -1 44 29 0 0 1 55 0 1 0 1
0 -1 36 29 0 0 1 55 0 1 0 1
phys
0 -9 36 29 0 0 1 55 0 1 0 1
0 -9 44 29 0 0 1 55 0 1 0 1
0 -9 44 12 0 0 1 55 0 1 0 1
phys
0 -9 36 29 0 0 1 55 0 1 0 1
0 -9 44 12 0 0 1 55 0 1 0 1
0 -9 36 12 0 0 1 55 0 1 0 1
phys
0 1 34 29 0 0 1 56 0 1 0 1
0 -11 34 29 0 0 1 56 0 1 0 1
0 -11 46 29 0 0 1 56 0 1 0 1
phys
0 1 34 29 0 0 1 56 0 1 0 1
0 -11 46 29 0 0 1 56 0 1 0 1
0 1 46 29 0 0 1 56 0 1 0 1
phys
0 -11 34 31 0 0 1 56 0 1 0 1
0 1 34 31 0 0 1 56 0 1 0 1
0 1 46 31 0 0 1 56 0 1 0 1
phys
0 -11 34 31 0 0 1 56 0 1 0 1
0 1 46 31 0 0 1 56 0 1 0 1
0 -11 46 31 0 0 1 56 0 1 0 1
phys
0 1 46 29 0 0 1 56 0 1 0 1
0 -11 46 29 0 0 1 56 0 1 0 1
0 -11 46 31 0 0 1 56 0 1 0 1
phys
0 1 46 29 0 0 1 56 0 1 0 1
0 -11 46 31 0 0 1 56 0 1 0 1
0 1 46 31 0 0 1 56 0 1 0 1
phys
0 1 34 31 0 0 1 56 0 1 0 1
0 -11 34 31 0 0 1 56 0 1 0 1
0 -11 34 29 0 0 1 56 0 1 0 1
phys
0 1 34 31 0 0 1 56 0 1 0 1
0 -11 34 29 0 0 1 56 0 1 0 1
0 1 34 29 0 0 1 56 0 1 0 1
phys
0 1 34 29 0 0 1 56 0 1 0 1
0 1 46 29 0 0 1 56 0 1 0 1
0 1 46 31 0 0 1 56 0 1 0 1
phys
0 1 34 29 0 0 1 56 0 1 0 1
0 1 46 31 0 0 1 56 0 1 0 1
0 1 34 31 0 0 1 56 0 1 0 1
phys
0 -11 34 31 0 0 1 56 0 1 0 1
0 -11 46 31 0 0 1 56 0 1 0 1
0 -11 46 29 0 0 1 56 0 1 0 1
phys
0 -11 34 31 0 0 1 56 0 1 0 1
0 -11 46 29 0 0 1 56 0 1 0 1
0 -11 34 29 0 0 1 56 0 1 0 1
phys
0 3 48 31 0 0 1 57 0 1 0 1
0 -13 48 31 0 0 1 57 0 1 0 1
0 -13 64 31 0 0 1 57 0 1 0 1
phys
0 3 48 31 0 0 1 57 0 1 0 1
0 -13 64 31 0 0 1 57 0 1 0 1
0 3 64 31 0 0 1 57 0 1 0 1
phys
0 -13 48 35 0 0 1 57 0 1 0 1
0 3 48 35 0 0 1 57 0 1 0 1
0 3 64 35 0 0 1 57 0 1 0 1
phys
0 -13 48 35 0 0 1 57 0 1 0 1
0 3 64 35 0 0 1 57 0 1 0 1
0 -13 64 35 0 0 1 57 0 1 0 1
phys
0 3 64 31 0 0 1 57 0 1 0 1
0 -13 64 31 0 0 1 57 0 1 0 1
0 -13 64 35 0 0 1 57 0 1 0 1
phys
0 3 64 31 0 0 1 57 0 1 0 1
0 -13 64 35 0 0 1 57 0 1 0 1
0 3 64 35 0 0 1 57 0 1 0 1
phys
0 3 48 35 0 0 1 57 0 1 0 1
0 -13 48 35 0 0 1 57 0 1 0 1
0 -13 48 31 0 0 1 57 0 1 0 1
phys
0 3 48 35 0 0 1 57 0 1 0 1
0 -13 48 31 0 0 1 57 0 1 0 1
0 3 48 31 0 0 1 57 0 1 0 1
phys
0 3 48 31 0 0 1 57 0 1 0 1
0 3 64 31 0 0 1 57 0 1 0 1
0 3 64 35 0 0 1 57 0 1 0 1
phys
0 3 48 31 0 0 1 57 0 1 0 1
0 3 64 35 0 0 1 57 0 1 0 1
0 3 48 35 0 0 1 57 0 1 0 1
phys
0 -13 48 35 0 0 1 57 0 1 0 1
0 -13 64 35 0 0 1 57 0 1 0 1
0 -13 64 31 0 0 1 57 0 1 0 1
phys
0 -13 48 35 0 0 1 57 0 1 0 1
0 -13 64 31 0 0 1 57 0 1 0 1
0 -13 48 31 0 0 1 57 0 1 0 1
phys
0 -9 52 29 0 0 1 58 0 1 0 1
0 -1 52 29 0 0 1 58 0 1 0 1
0 -1 60 29 0 0 1 58 0 1 0 1
phys
0 -9 52 29 0 0 1 58 0 1 0 1
0 -1 60 29 0 0 1 58 0 1 0 1
0 -9 60 29 0 0 1 58 0 1 0 1
phys
0 -1 52 12 0 0 1 58 0 1 0 1
0 -9 52 12 0 0 1 58 0 1 0 1
0 -9 60 12 0 0 1 58 0 1 0 1
phys
0 -1 52 12 0 0 1 58 0 1 0 1
0 -9 60 12 0 0 1 58 0 1 0 1
0 -1 60 12 0 0 1 58 0 1 0 1
phys
0 -1 60 12 0 0 1 58 0 1 0 1
0 -9 60 12 0 0 1 58 0 1 0 1
0 -9 60 29 0 0 1 58 0 1 0 1
phys
0 -1 60 12 0 0 1 58 0 1 0 1
0 -9 60 29 0 0 1 58 0 1 0 1
0 -1 60 29 0 0 1 58 0 1 0 1
phys
0 -1 52 29 0 0 1 58 0 1 0 1
0 -9 52 29 0 0 1 58 0 1 0 1
0 -9 52 12 0 0 1 58 0 1 0 1
phys
0 -1 52 29 0 0 1 58 0 1 0 1
0 -9 52 12 0 0 1 58 0 1 0 1
0 -1 52 12 0 0 1 58 0 1 0 1
phys
0 -1 52 12 0 0 1 58 0 1 0 1
0 -1 60 12 0 0 1 58 0 1 0 1
0 -1 60 29 0 0 1 58 0 1 0 1
phys
0 -1 52 12 0 0 1 58 0 1 0 1
0 -1 60 29 0 0 1 58 0 1 0 1
0 -1 52 29 0 0 1 58 0 1 0 1
phys
0 -9 52 29 0 0 1 58 0 1 0 1
0 -9 60 29 0 0 1 58 0 1 0 1
0 -9 60 12 0 0 1 58 0 1 0 1
phys
0 -9 52 29 0 0 1 58 0 1 0 1
0 -9 60 12 0 0 1 58 0 1 0 1
0 -9 52 12 0 0 1 58 0 1 0 1
phys
0 1 50 29 0 0 1 59 0 1 0 1
0 -11 50 29 0 0 1 59 0 1 0 1
0 -11 62 29 0 0 1 59 0 1 0 1
phys
0 1 50 29 0 0 1 59 0 1 0 1
0 -11 62 29 0 0 1 59 0 1 0 1
0 1 62 29 0 0 1 59 0 1 0 1
phys
0 -11 50 31 0 0 1 59 0 1 0 1
0 1 50 31 0 0 1 59 0 1 0 1
0 1 62 31 0 0 1 59 0 1 0 1
phys
0 -11 50 31 0 0 1 59 0 1 0 1
0 1 62 31 0 0 1 59 0 1 0 1
0 -11 62 31 0 0 1 59 0 1 0 1
phys
0 1 62 29 0 0 1 59 0 1 0 1
0 -11 62 29 0 0 1 59 0 1 0 1
0 -11 62 31 0 0 1 59 0 1 0 1
phys
0 1 62 29 0 0 1 59 0 1 0 1
0 -11 62 31 0 0 1 59 0 1 0 1
0 1 62 31 0 0 1 59 0 1 0 1
phys
0 1 50 31 0 0 1 59 0 1 0 1
0 -11 50 31 0 0 1 59 0 1 0 1
0 -11 50 29 0 0 1 59 0 1 0 1
phys
0 1 50 31 0 0 1 59 0 1 0 1
0 -11 50 29 0 0 1 59 0 1 0 1
0 1 50 29 0 0 1 59 0 1 0 1
phys
0 1 50 29 0 0 1 59 0 1 0 1
0 1 62 29 0 0 1 59 0 1 0 1
0 1 62 31 0 0 1 59 0 1 0 1
phys
0 1 50 29 0 0 1 59 0 1 0 1
0 1 62 31 0 0 1 59 0 1 0 1
0 1 50 31 0 0 1 59 0 1 0 1
phys
0 -11 50 31 0 0 1 59 0 1 0 1
0 -11 62 31 0 0 1 59 0 1 0 1
0 -11 62 29 0 0 1 59 0 1 0 1
phys
0 -11 50 31 0 0 1 59 0 1 0 1
0 -11 62 29 0 0 1 59 0 1 0 1
0 -11 50 29 0 0 1 59 0 1 0 1
phys
0 1 50 10 0 0 1 60 0 1 0 1
0 -11 50 10 0 0 1 60 0 1 0 1
0 -11 62 10 0 0 1 60 0 1 0 1
phys
0 1 50 10 0 0 1 60 0 1 0 1
0 -11 62 10 0 0 1 60 0 1 0 1
0 1 62 10 0 0 1 60 0 1 0 1
phys
0 -11 50 12 0 0 1 60 0 1 0 1
0 1 50 12 0 0 1 60 0 1 0 1
0 1 62 12 0 0 1 60 0 1 0 1
phys
0 -11 50 12 0 0 1 60 0 1 0 1
0 1 62 12 0 0 1 60 0 1 0 1
0 -11 62 12 0 0 1 60 0 1 0 1
phys
0 1 62 10 0 0 1 60 0 1 0 1
0 -11 62 10 0 0 1 60 0 1 0 1
0 -11 62 12 0 0 1 60 0 1 0 1
phys
0 1 62 10 0 0 1 60 0 1 0 1
0 -11 62 12 0 0 1 60 0 1 0 1
0 1 62 12 0 0 1 60 0 1 0 1
phys
0 1 50 12 0 0 1 60 0 1 0 1
0 -11 50 12 0 0 1 60 0 1 0 1
0 -11 50 10 0 0 1 60 0 1 0 1
phys
0 1 50 12 0 0 1 60 0 1 0 1
0 -11 50 10 0 0 1 60 0 1 0 1
0 1 50 10 0 0 1 60 0 1 0 1
phys
0 1 50 10 0 0 1 60 0 1 0 1
0 1 62 10 0 0 1 60 0 1 0 1
0 1 62 12 0 0 1 60 0 1 0 1
phys
0 1 50 10 0 0 1 60 0 1 0 1
0 1 62 12 0 0 1 60 0 1 0 1
0 1 50 12 0 0 1 60 0 1 0 1
phys
0 -11 50 12 0 0 1 60 0 1 0 1
0 -11 62 12 0 0 1 60 0 1 0 1
0 -11 62 10 0 0 1 60 0 1 0 1
phys
0 -11 50 12 0 0 1 60 0 1 0 1
0 -11 62 10 0 0 1 60 0 1 0 1
0 -11 50 10 0 0 1 60 0 1 0 1
phys
0 3 48 6 0 0 1 61 0 1 0 1
0 -13 48 6 0 0 1 61 0 1 0 1
0 -13 64 6 0 0 1 61 0 1 0 1
phys
0 3 48 6 0 0 1 61 0 1 0 1
0 -13 64 6 0 0 1 61 0 1 0 1
0 3 64 6 0 0 1 61 0 1 0 1
phys
0 -13 48 10 0 0 1 61 0 1 0 1
0 3 48 10 0 0 1 61 0 1 0 1
0 3 64 10 0 0 1 61 0 1 0 1
phys
0 -13 48 10 0 0 1 61 0 1 0 1
0 3 64 10 0 0 1 61 0 1 0 1
0 -13 64 10 0 0 1 61 0 1 0 1
phys
0 3 64 6 0 0 1 61 0 1 0 1
0 -13 64 6 0 0 1 61 0 1 0 1
0 -13 64 10 0 0 1 61 0 1 0 1
phys
0 3 64 6 0 0 1 61 0 1 0 1
0 -13 64 10 0 0 1 61 0 1 0 1
0 3 64 10 0 0 1 61 0 1 0 1
phys
0 3 48 10 0 0 1 61 0 1 0 1
0 -13 48 10 0 0 1 61 0 1 0 1
0 -13 48 6 0 0 1 61 0 1 0 1
phys
0 3 48 10 0 0 1 61 0 1 0 1
0 -13 48 6 0 0 1 61 0 1 0 1
0 3 48 6 0 0 1 61 0 1 0 1
phys
0 3 48 6 0 0 1 61 0 1 0 1
0 3 64 6 0 0 1 61 0 1 0 1
0 3 64 10 0 0 1 61 0 1 0 1
phys
0 3 48 6 0 0 1 61 0 1 0 1
0 3 64 10 0 0 1 61 0 1 0 1
0 3 48 10 0 0 1 61 0 1 0 1
phys
0 -13 48 10 0 0 1 61 0 1 0 1
0 -13 64 10 0 0 1 61 0 1 0 1
0 -13 64 6 0 0 1 61 0 1 0 1
phys
0 -13 48 10 0 0 1 61 0 1 0 1
0 -13 64 6 0 0 1 61 0 1 0 1
0 -13 48 6 0 0 1 61 0 1 0 1
phys
0 3 64 31 0 0 1 62 0 1 0 1
0 -13 64 31 0 0 1 62 0 1 0 1
0 -13 80 31 0 0 1 62 0 1 0 1
phys
0 3 64 31 0 0 1 62 0 1 0 1
0 -13 80 31 0 0 1 62 0 1 0 1
0 3 80 31 0 0 1 62 0 1 0 1
phys
0 -13 64 35 0 0 1 62 0 1 0 1
0 3 64 35 0 0 1 62 0 1 0 1
0 3 80 35 0 0 1 62 0 1 0 1
phys
0 -13 64 35 0 0 1 62 0 1 0 1
0 3 80 35 0 0 1 62 0 1 0 1
0 -13 80 35 0 0 1 62 0 1 0 1
phys
0 3 80 31 0 0 1 62 0 1 0 1
0 -13 80 31 0 0 1 62 0 1 0 1
0 -13 80 35 0 0 1 62 0 1 0 1
phys
0 3 80 31 0 0 1 62 0 1 0 1
0 -13 80 35 0 0 1 62 0 1 0 1
0 3 80 35 0 0 1 62 0 1 0 1
phys
0 3 64 35 0 0 1 62 0 1 0 1
0 -13 64 35 0 0 1 62 0 1 0 1
0 -13 64 31 0 0 1 62 0 1 0 1
phys
0 3 64 35 0 0 1 62 0 1 0 1
0 -13 64 31 0 0 1 62 0 1 0 1
0 3 64 31 0 0 1 62 0 1 0 1
phys
0 3 64 31 0 0 1 62 0 1 0 1
0 3 80 31 0 0 1 62 0 1 0 1
0 3 80 35 0 0 1 62 0 1 0 1
phys
0 3 64 31 0 0 1 62 0 1 0 1
0 3 80 35 0 0 1 62 0 1 0 1
0 3 64 35 0 0 1 62 0 1 0 1
phys
0 -13 64 35 0 0 1 62 0 1 0 1
0 -13 80 35 0 0 1 62 0 1 0 1
0 -13 80 31 0 0 1 62 0 1 0 1
phys
0 -13 64 35 0 0 1 62 0 1 0 1
0 -13 80 31 0 0 1 62 0 1 0 1
0 -13 64 31 0 0 1 62 0 1 0 1
phys
0 1 66 10 0 0 1 63 0 1 0 1
0 -11 66 10 0 0 1 63 0 1 0 1
0 -11 78 10 0 0 1 63 0 1 0 1
phys
0 1 66 10 0 0 1 63 0 1 0 1
0 -11 78 10 0 0 1 63 0 1 0 1
0 1 78 10 0 0 1 63 0 1 0 1
phys
0 -11 66 12 0 0 1 63 0 1 0 1
0 1 66 12 0 0 1 63 0 1 0 1
0 1 78 12 0 0 1 63 0 1 0 1
phys
0 -11 66 12 0 0 1 63 0 1 0 1
0 1 78 12 0 0 1 63 0 1 0 1
0 -11 78 12 0 0 1 63 0 1 0 1
phys
0 1 78 10 0 0 1 63 0 1 0 1
0 -11 78 10 0 0 1 63 0 1 0 1
0 -11 78 12 0 0 1 63 0 1 0 1
phys
0 1 78 10 0 0 1 63 0 1 0 1
0 -11 78 12 0 0 1 63 0 1 0 1
0 1 78 12 0 0 1 63 0 1 0 1
phys
0 1 66 12 0 0 1 63 0 1 0 1
0 -11 66 12 0 0 1 63 0 1 0 1
0 -11 66 10 0 0 1 63 0 1 0 1
phys
0 1 66 12 0 0 1 63 0 1 0 1
0 -11 66 10 0 0 1 63 0 1 0 1
0 1 66 10 0 0 1 63 0 1 0 1
phys
0 1 66 10 0 0 1 63 0 1 0 1
0 1 78 10 0 0 1 63 0 1 0 1
0 1 78 12 0 0 1 63 0 1 0 1
phys
0 1 66 10 0 0 1 63 0 1 0 1
0 1 78 12 0 0 1 63 0 1 0 1
0 1 66 12 0 0 1 63 0 1 0 1
phys
0 -11 66 12 0 0 1 63 0 1 0 1
0 -11 78 12 0 0 1 63 0 1 0 1
0 -11 78 10 0 0 1 63 0 1 0 1
phys
0 -11 66 12 0 0 1 63 0 1 0 1
0 -11 78 10 0 0 1 63 0 1 0 1
0 -11 66 10 0 0 1 63 0 1 0 1
phys
0 3 64 6 0 0 1 64 0 1 0 1
0 -13 64 6 0 0 1 64 0 1 0 1
0 -13 80 6 0 0 1 64 0 1 0 1
phys
0 3 64 6 0 0 1 64 0 1 0 1
0 -13 80 6 0 0 1 64 0 1 0 1
0 3 80 6 0 0 1 64 0 1 0 1
phys
0 -13 64 10 0 0 1 64 0 1 0 1
0 3 64 10 0 0 1 64 0 1 0 1
0 3 80 10 0 0 1 64 0 1 0 1
phys
0 -13 64 10 0 0 1 64 0 1 0 1
0 3 80 10 0 0 1 64 0 1 0 1
0 -13 80 10 0 0 1 64 0 1 0 1
phys
0 3 80 6 0 0 1 64 0 1 0 1
0 -13 80 6 0 0 1 64 0 1 0 1
0 -13 80 10 0 0 1 64 0 1 0 1
phys
0 3 80 6 0 0 1 64 0 1 0 1
0 -13 80 10 0 0 1 64 0 1 0 1
0 3 80 10 0 0 1 64 0 1 0 1
phys
0 3 64 10 0 0 1 64 0 1 0 1
0 -13 64 10 0 0 1 64 0 1 0 1
0 -13 64 6 0 0 1 64 0 1 0 1
phys
0 3 64 10 0 0 1 64 0 1 0 1
0 -13 64 6 0 0 1 64 0 1 0 1
0 3 64 6 0 0 1 64 0 1 0 1
phys
0 3 64 6 0 0 1 64 0 1 0 1
0 3 80 6 0 0 1 64 0 1 0 1
0 3 80 10 0 0 1 64 0 1 0 1
phys
0 3 64 6 0 0 1 64 0 1 0 1
0 3 80 10 0 0 1 64 0 1 0 1
0 3 64 10 0 0 1 64 0 1 0 1
phys
0 -13 64 10 0 0 1 64 0 1 0 1
0 -13 80 10 0 0 1 64 0 1 0 1
0 -13 80 6 0 0 1 64 0 1 0 1
phys
0 -13 64 10 0 0 1 64 0 1 0 1
0 -13 80 6 0 0 1 64 0 1 0 1
0 -13 64 6 0 0 1 64 0 1 0 1
phys
0 -9 68 29 0 0 1 65 0 1 0 1
0 -1 68 29 0 0 1 65 0 1 0 1
0 -1 76 29 0 0 1 65 0 1 0 1
phys
0 -9 68 29 0 0 1 65 0 1 0 1
0 -1 76 29 0 0 1 65 0 1 0 1
0 -9 76 29 0 0 1 65 0 1 0 1
phys
0 -1 68 12 0 0 1 65 0 1 0 1
0 -9 68 12 0 0 1 65 0 1 0 1
0 -9 76 12 0 0 1 65 0 1 0 1
phys
0 -1 68 12 0 0 1 65 0 1 0 1
0 -9 76 12 0 0 1 65 0 1 0 1
0 -1 76 12 0 0 1 65 0 1 0 1
phys
0 -1 76 12 0 0 1 65 0 1 0 1
0 -9 76 12 0 0 1 65 0 1 0 1
0 -9 76 29 0 0 1 65 0 1 0 1
phys
0 -1 76 12 0 0 1 65 0 1 0 1
0 -9 76 29 0 0 1 65 0 1 0 1
0 -1 76 29 0 0 1 65 0 1 0 1
phys
0 -1 68 29 0 0 1 65 0 1 0 1
0 -9 68 29 0 0 1 65 0 1 0 1
0 -9 68 12 0 0 1 65 0 1 0 1
phys
0 -1 68 29 0 0 1 65 0 1 0 1
0 -9 68 12 0 0 1 65 0 1 0 1
0 -1 68 12 0 0 1 65 0 1 0 1
phys
0 -1 68 12 0 0 1 65 0 1 0 1
0 -1 76 12 0 0 1 65 0 1 0 1
0 -1 76 29 0 0 1 65 0 1 0 1
phys
0 -1 68 12 0 0 1 65 0 1 0 1
0 -1 76 29 0 0 1 65 0 1 0 1
0 -1 68 29 0 0 1 65 0 1 0 1
phys
0 -9 68 29 0 0 1 65 0 1 0 1
0 -9 76 29 0 0 1 65 0 1 0 1
0 -9 76 12 0 0 1 65 0 1 0 1
phys
0 -9 68 29 0 0 1 65 0 1 0 1
0 -9 76 12 0 0 1 65 0 1 0 1
0 -9 68 12 0 0 1 65 0 1 0 1
phys
0 1 66 29 0 0 1 66 0 1 0 1
0 -11 66 29 0 0 1 66 0 1 0 1
0 -11 78 29 0 0 1 66 0 1 0 1
phys
0 1 66 29 0 0 1 66 0 1 0 1
0 -11 78 29 0 0 1 66 0 1 0 1
0 1 78 29 0 0 1 66 0 1 0 1
phys
0 -11 66 31 0 0 1 66 0 1 0 1
0 1 66 31 0 0 1 66 0 1 0 1
0 1 78 31 0 0 1 66 0 1 0 1
phys
0 -11 66 31 0 0 1 66 0 1 0 1
0 1 78 31 0 0 1 66 0 1 0 1
0 -11 78 31 0 0 1 66 0 1 0 1
phys
0 1 78 29 0 0 1 66 0 1 0 1
0 -11 78 29 0 0 1 66 0 1 0 1
0 -11 78 31 0 0 1 66 0 1 0 1
phys
0 1 78 29 0 0 1 66 0 1 0 1
0 -11 78 31 0 0 1 66 0 1 0 1
0 1 78 31 0 0 1 66 0 1 0 1
phys
0 1 66 31 0 0 1 66 0 1 0 1
0 -11 66 31 0 0 1 66 0 1 0 1
0 -11 66 29 0 0 1 66 0 1 0 1
phys
0 1 66 31 0 0 1 66 0 1 0 1
0 -11 66 29 0 0 1 66 0 1 0 1
0 1 66 29 0 0 1 66 0 1 0 1
phys
0 1 66 29 0 0 1 66 0 1 0 1
0 1 78 29 0 0 1 66 0 1 0 1
0 1 78 31 0 0 1 66 0 1 0 1
phys
0 1 66 29 0 0 1 66 0 1 0 1
0 1 78 31 0 0 1 66 0 1 0 1
0 1 66 31 0 0 1 66 0 1 0 1
phys
0 -11 66 31 0 0 1 66 0 1 0 1
0 -11 78 31 0 0 1 66 0 1 0 1
0 -11 78 29 0 0 1 66 0 1 0 1
phys
0 -11 66 31 0 0 1 66 0 1 0 1
0 -11 78 29 0 0 1 66 0 1 0 1
0 -11 66 29 0 0 1 66 0 1 0 1
phys
0 3 80 31 0 0 1 67 0 1 0 1
0 -13 80 31 0 0 1 67 0 1 0 1
0 -13 96 31 0 0 1 67 0 1 0 1
phys
0 3 80 31 0 0 1 67 0 1 0 1
0 -13 96 31 0 0 1 67 0 1 0 1
0 3 96 31 0 0 1 67 0 1 0 1
phys
0 -13 80 35 0 0 1 67 0 1 0 1
0 3 80 35 0 0 1 67 0 1 0 1
0 3 96 35 0 0 1 67 0 1 0 1
phys
0 -13 80 35 0 0 1 67 0 1 0 1
0 3 96 35 0 0 1 67 0 1 0 1
0 -13 96 35 0 0 1 67 0 1 0 1
phys
0 3 96 31 0 0 1 67 0 1 0 1
0 -13 96 31 0 0 1 67 0 1 0 1
0 -13 96 35 0 0 1 67 0 1 0 1
phys
0 3 96 31 0 0 1 67 0 1 0 1
0 -13 96 35 0 0 1 67 0 1 0 1
0 3 96 35 0 0 1 67 0 1 0 1
phys
0 3 80 35 0 0 1 67 0 1 0 1
0 -13 80 35 0 0 1 67 0 1 0 1
0 -13 80 31 0 0 1 67 0 1 0 1
phys
0 3 80 35 0 0 1 67 0 1 0 1
0 -13 80 31 0 0 1 67 0 1 0 1
0 3 80 31 0 0 1 67 0 1 0 1
phys
0 3 80 31 0 0 1 67 0 1 0 1
0 3 96 31 0 0 1 67 0 1 0 1
0 3 96 35 0 0 1 67 0 1 0 1
phys
0 3 80 31 0 0 1 67 0 1 0 1
0 3 96 35 0 0 1 67 0 1 0 1
0 3 80 35 0 0 1 67 0 1 0 1
phys
0 -13 80 35 0 0 1 67 0 1 0 1
0 -13 96 35 0 0 1 67 0 1 0 1
0 -13 96 31 0 0 1 67 0 1 0 1
phys
0 -13 80 35 0 0 1 67 0 1 0 1
0 -13 96 31 0 0 1 67 0 1 0 1
0 -13 80 31 0 0 1 67 0 1 0 1
phys
0 -9 84 29 0 0 1 68 0 1 0 1
0 -1 84 29 0 0 1 68 0 1 0 1
0 -1 92 29 0 0 1 68 0 1 0 1
phys
0 -9 84 29 0 0 1 68 0 1 0 1
0 -1 92 29 0 0 1 68 0 1 0 1
0 -9 92 29 0 0 1 68 0 1 0 1
phys
0 -1 84 12 0 0 1 68 0 1 0 1
0 -9 84 12 0 0 1 68 0 1 0 1
0 -9 92 12 0 0 1 68 0 1 0 1
phys
0 -1 84 12 0 0 1 68 0 1 0 1
0 -9 92 12 0 0 1 68 0 1 0 1
0 -1 92 12 0 0 1 68 0 1 0 1
phys
0 -1 92 12 0 0 1 68 0 1 0 1
0 -9 92 12 0 0 1 68 0 1 0 1
0 -9 92 29 0 0 1 68 0 1 0 1
phys
0 -1 92 12 0 0 1 68 0 1 0 1
0 -9 92 29 0 0 1 68 0 1 0 1
0 -1 92 29 0 0 1 68 0 1 0 1
phys
0 -1 84 29 0 0 1 68 0 1 0 1
0 -9 84 29 0 0 1 68 0 1 0 1
0 -9 84 12 0 0 1 68 0 1 0 1
phys
0 -1 84 29 0 0 1 68 0 1 0 1
0 -9 84 12 0 0 1 68 0 1 0 1
0 -1 84 12 0 0 1 68 0 1 0 1
phys
0 -1 84 12 0 0 1 68 0 1 0 1
0 -1 92 12 0 0 1 68 0 1 0 1
0 -1 92 29 0 0 1 68 0 1 0 1
phys
0 -1 84 12 0 0 1 68 0 1 0 1
0 -1 92 29 0 0 1 68 0 1 0 1
0 -1 84 29 0 0 1 68 0 1 0 1
phys
0 -9 84 29 0 0 1 68 0 1 0 1
0 -9 92 29 0 0 1 68 0 1 0 1
0 -9 92 12 0 0 1 68 0 1 0 1
phys
0 -9 84 29 0 0 1 68 0 1 0 1
0 -9 92 12 0 0 1 68 0 1 0 1
0 -9 84 12 0 0 1 68 0 1 0 1
phys
0 1 82 29 0 0 1 69 0 1 0 1
0 -11 82 29 0 0 1 69 0 1 0 1
0 -11 94 29 0 0 1 69 0 1 0 1
phys
0 1 82 29 0 0 1 69 0 1 0 1
0 -11 94 29 0 0 1 69 0 1 0 1
0 1 94 29 0 0 1 69 0 1 0 1
phys
0 -11 82 31 0 0 1 69 0 1 0 1
0 1 82 31 0 0 1 69 0 1 0 1
0 1 94 31 0 0 1 69 0 1 0 1
phys
0 -11 82 31 0 0 1 69 0 1 0 1
0 1 94 31 0 0 1 69 0 1 0 1
0 -11 94 31 0 0 1 69 0 1 0 1
phys
0 1 94 29 0 0 1 69 0 1 0 1
0 -11 94 29 0 0 1 69 0 1 0 1
0 -11 94 31 0 0 1 69 0 1 0 1
phys
0 1 94 29 0 0 1 69 0 1 0 1
0 -11 94 31 0 0 1 69 0 1 0 1
0 1 94 31 0 0 1 69 0 1 0 1
phys
0 1 82 31 0 0 1 69 0 1 0 1
0 -11 82 31 0 0 1 69 0 1 0 1
0 -11 82 29 0 0 1 69 0 1 0 1
phys
0 1 82 31 0 0 1 69 0 1 0 1
0 -11 82 29 0 0 1 69 0 1 0 1
0 1 82 29 0 0 1 69 0 1 0 1
phys
0 1 82 29 0 0 1 69 0 1 0 1
0 1 94 29 0 0 1 69 0 1 0 1
0 1 94 31 0 0 1 69 0 1 0 1
phys
0 1 82 29 0 0 1 69 0 1 0 1
0 1 94 31 0 0 1 69 0 1 0 1
0 1 82 31 0 0 1 69 0 1 0 1
phys
0 -11 82 31 0 0 1 69 0 1 0 1
0 -11 94 31 0 0 1 69 0 1 0 1
0 -11 94 29 0 0 1 69 0 1 0 1
phys
0 -11 82 31 0 0 1 69 0 1 0 1
0 -11 94 29 0 0 1 69 0 1 0 1
0 -11 82 29 0 0 1 69 0 1 0 1
phys
0 1 82 10 0 0 1 70 0 1 0 1
0 -11 82 10 0 0 1 70 0 1 0 1
0 -11 94 10 0 0 1 70 0 1 0 1
phys
0 1 82 10 0 0 1 70 0 1 0 1
0 -11 94 10 0 0 1 70 0 1 0 1
0 1 94 10 0 0 1 70 0 1 0 1
phys
0 -11 82 12 0 0 1 70 0 1 0 1
0 1 82 12 0 0 1 70 0 1 0 1
0 1 94 12 0 0 1 70 0 1 0 1
phys
0 -11 82 12 0 0 1 70 0 1 0 1
0 1 94 12 0 0 1 70 0 1 0 1
0 -11 94 12 0 0 1 70 0 1 0 1
phys
0 1 94 10 0 0 1 70 0 1 0 1
0 -11 94 10 0 0 1 70 0 1 0 1
0 -11 94 12 0 0 1 70 0 1 0 1
phys
0 1 94 10 0 0 1 70 0 1 0 1
0 -11 94 12 0 0 1 70 0 1 0 1
0 1 94 12 0 0 1 70 0 1 0 1
phys
0 1 82 12 0 0 1 70 0 1 0 1
0 -11 82 12 0 0 1 70 0 1 0 1
0 -11 82 10 0 0 1 70 0 1 0 1
phys
0 1 82 12 0 0 1 70 0 1 0 1
0 -11 82 10 0 0 1 70 0 1 0 1
0 1 82 10 0 0 1 70 0 1 0 1
phys
0 1 82 10 0 0 1 70 0 1 0 1
0 1 94 10 0 0 1 70 0 1 0 1
0 1 94 12 0 0 1 70 0 1 0 1
phys
0 1 82 10 0 0 1 70 0 1 0 1
0 1 94 12 0 0 1 70 0 1 0 1
0 1 82 12 0 0 1 70 0 1 0 1
phys
0 -11 82 12 0 0 1 70 0 1 0 1
0 -11 94 12 0 0 1 70 0 1 0 1
0 -11 94 10 0 0 1 70 0 1 0 1
phys
0 -11 82 12 0 0 1 70 0 1 0 1
0 -11 94 10 0 0 1 70 0 1 0 1
0 -11 82 10 0 0 1 70 0 1 0 1
phys
0 3 80 6 0 0 1 71 0 1 0 1
0 -13 80 6 0 0 1 71 0 1 0 1
0 -13 96 6 0 0 1 71 0 1 0 1
phys
0 3 80 6 0 0 1 71 0 1 0 1
0 -13 96 6 0 0 1 71 0 1 0 1
0 3 96 6 0 0 1 71 0 1 0 1
phys
0 -13 80 10 0 0 1 71 0 1 0 1
0 3 80 10 0 0 1 71 0 1 0 1
0 3 96 10 0 0 1 71 0 1 0 1
phys
0 -13 80 10 0 0 1 71 0 1 0 1
0 3 96 10 0 0 1 71 0 1 0 1
0 -13 96 10 0 0 1 71 0 1 0 1
phys
0 3 96 6 0 0 1 71 0 1 0 1
0 -13 96 6 0 0 1 71 0 1 0 1
0 -13 96 10 0 0 1 71 0 1 0 1
phys
0 3 96 6 0 0 1 71 0 1 0 1
0 -13 96 10 0 0 1 71 0 1 0 1
0 3 96 10 0 0 1 71 0 1 0 1
phys
0 3 80 10 0 0 1 71 0 1 0 1
0 -13 80 10 0 0 1 71 0 1 0 1
0 -13 80 6 0 0 1 71 0 1 0 1
phys
0 3 80 10 0 0 1 71 0 1 0 1
0 -13 80 6 0 0 1 71 0 1 0 1
0 3 80 6 0 0 1 71 0 1 0 1
phys
0 3 80 6 0 0 1 71 0 1 0 1
0 3 96 6 0 0 1 71 0 1 0 1
0 3 96 10 0 0 1 71 0 1 0 1
phys
0 3 80 6 0 0 1 71 0 1 0 1
0 3 96 10 0 0 1 71 0 1 0 1
0 3 80 10 0 0 1 71 0 1 0 1
phys
0 -13 80 10 0 0 1 71 0 1 0 1
0 -13 96 10 0 0 1 71 0 1 0 1
0 -13 96 6 0 0 1 71 0 1 0 1
phys
0 -13 80 10 0 0 1 71 0 1 0 1
0 -13 96 6 0 0 1 71 0 1 0 1
0 -13 80 6 0 0 1 71 0 1 0 1
phys
0 3 96 31 0 0 1 72 0 1 0 1
0 -13 96 31 0 0 1 72 0 1 0 1
0 -13 112 31 0 0 1 72 0 1 0 1
phys
0 3 96 31 0 0 1 72 0 1 0 1
0 -13 112 31 0 0 1 72 0 1 0 1
0 3 112 31 0 0 1 72 0 1 0 1
phys
0 -13 96 35 0 0 1 72 0 1 0 1
0 3 96 35 0 0 1 72 0 1 0 1
0 3 112 35 0 0 1 72 0 1 0 1
phys
0 -13 96 35 0 0 1 72 0 1 0 1
0 3 112 35 0 0 1 72 0 1 0 1
0 -13 112 35 0 0 1 72 0 1 0 1
phys
0 3 112 31 0 0 1 72 0 1 0 1
0 -13 112 31 0 0 1 72 0 1 0 1
0 -13 112 35 0 0 1 72 0 1 0 1
phys
0 3 112 31 0 0 1 72 0 1 0 1
0 -13 112 35 0 0 1 72 0 1 0 1
0 3 112 35 0 0 1 72 0 1 0 1
phys
0 3 96 35 0 0 1 72 0 1 0 1
0 -13 96 35 0 0 1 72 0 1 0 1
0 -13 96 31 0 0 1 72 0 1 0 1
phys
0 3 96 35 0 0 1 72 0 1 0 1
0 -13 96 31 0 0 1 72 0 1 0 1
0 3 96 31 0 0 1 72 0 1 0 1
phys
0 3 96 31 0 0 1 72 0 1 0 1
0 3 112 31 0 0 1 72 0 1 0 1
0 3 112 35 0 0 1 72 0 1 0 1
phys
0 3 96 31 0 0 1 72 0 1 0 1
0 3 112 35 0 0 1 72 0 1 0 1
0 3 96 35 0 0 1 72 0 1 0 1
phys
0 -13 96 35 0 0 1 72 0 1 0 1
0 -13 112 35 0 0 1 72 0 1 0 1
0 -13 112 31 0 0 1 72 0 1 0 1
phys
0 -13 96 35 0 0 1 72 0 1 0 1
0 -13 112 31 0 0 1 72 0 1 0 1
0 -13 96 31 0 0 1 72 0 1 0 1
phys
0 1 98 10 0 0 1 73 0 1 0 1
0 -11 98 10 0 0 1 73 0 1 0 1
0 -11 110 10 0 0 1 73 0 1 0 1
phys
0 1 98 10 0 0 1 73 0 1 0 1
0 -11 110 10 0 0 1 73 0 1 0 1
0 1 110 10 0 0 1 73 0 1 0 1
phys
0 -11 98 12 0 0 1 73 0 1 0 1
0 1 98 12 0 0 1 73 0 1 0 1
0 1 110 12 0 0 1 73 0 1 0 1
phys
0 -11 98 12 0 0 1 73 0 1 0 1
0 1 110 12 0 0 1 73 0 1 0 1
0 -11 110 12 0 0 1 73 0 1 0 1
phys
0 1 110 10 0 0 1 73 0 1 0 1
0 -11 110 10 0 0 1 73 0 1 0 1
0 -11 110 12 0 0 1 73 0 1 0 1
phys
0 1 110 10 0 0 1 73 0 1 0 1
0 -11 110 12 0 0 1 73 0 1 0 1
0 1 110 12 0 0 1 73 0 1 0 1
phys
0 1 98 12 0 0 1 73 0 1 0 1
0 -11 98 12 0 0 1 73 0 1 0 1
0 -11 98 10 0 0 1 73 0 1 0 1
phys
0 1 98 12 0 0 1 73 0 1 0 1
0 -11 98 10 0 0 1 73 0 1 0 1
0 1 98 10 0 0 1 73 0 1 0 1
phys
0 1 98 10 0 0 1 73 0 1 0 1
0 1 110 10 0 0 1 73 0 1 0 1
0 1 110 12 0 0 1 73 0 1 0 1
phys
0 1 98 10 0 0 1 73 0 1 0 1
0 1 110 12 0 0 1 73 0 1 0 1
0 1 98 12 0 0 1 73 0 1 0 1
phys
0 -11 98 12 0 0 1 73 0 1 0 1
0 -11 110 12 0 0 1 73 0 1 0 1
0 -11 110 10 0 0 1 73 0 1 0 1
phys
0 -11 98 12 0 0 1 73 0 1 0 1
0 -11 110 10 0 0 1 73 0 1 0 1
0 -11 98 10 0 0 1 73 0 1 0 1
phys
0 3 96 6 0 0 1 74 0 1 0 1
0 -13 96 6 0 0 1 74 0 1 0 1
0 -13 112 6 0 0 1 74 0 1 0 1
phys
0 3 96 6 0 0 1 74 0 1 0 1
0 -13 112 6 0 0 1 74 0 1 0 1
0 3 112 6 0 0 1 74 0 1 0 1
phys
0 -13 96 10 0 0 1 74 0 1 0 1
0 3 96 10 0 0 1 74 0 1 0 1
0 3 112 10 0 0 1 74 0 1 0 1
phys
0 -13 96 10 0 0 1 74 0 1 0 1
0 3 112 10 0 0 1 74 0 1 0 1
0 -13 112 10 0 0 1 74 0 1 0 1
phys
0 3 112 6 0 0 1 74 0 1 0 1
0 -13 112 6 0 0 1 74 0 1 0 1
0 -13 112 10 0 0 1 74 0 1 0 1
phys
0 3 112 6 0 0 1 74 0 1 0 1
0 -13 112 10 0 0 1 74 0 1 0 1
0 3 112 10 0 0 1 74 0 1 0 1
phys
0 3 96 10 0 0 1 74 0 1 0 1
0 -13 96 10 0 0 1 74 0 1 0 1
0 -13 96 6 0 0 1 74 0 1 0 1
phys
0 3 96 10 0 0 1 74 0 1 0 1
0 -13 96 6 0 0 1 74 0 1 0 1
0 3 96 6 0 0 1 74 0 1 0 1
phys
0 3 96 6 0 0 1 74 0 1 0 1
0 3 112 6 0 0 1 74 0 1 0 1
0 3 112 10 0 0 1 74 0 1 0 1
phys
0 3 96 6 0 0 1 74 0 1 0 1
0 3 112 10 0 0 1 74 0 1 0 1
0 3 96 10 0 0 1 74 0 1 0 1
phys
0 -13 96 10 0 0 1 74 0 1 0 1
0 -13 112 10 0 0 1 74 0 1 0 1
0 -13 112 6 0 0 1 74 0 1 0 1
phys
0 -13 96 10 0 0 1 74 0 1 0 1
0 -13 112 6 0 0 1 74 0 1 0 1
0 -13 96 6 0 0 1 74 0 1 0 1
phys
0 -9 100 29 0 0 1 75 0 1 0 1
0 -1 100 29 0 0 1 75 0 1 0 1
0 -1 108 29 0 0 1 75 0 1 0 1
phys
0 -9 100 29 0 0 1 75 0 1 0 1
0 -1 108 29 0 0 1 75 0 1 0 1
0 -9 108 29 0 0 1 75 0 1 0 1
phys
0 -1 100 12 0 0 1 75 0 1 0 1
0 -9 100 12 0 0 1 75 0 1 0 1
0 -9 108 12 0 0 1 75 0 1 0 1
phys
0 -1 100 12 0 0 1 75 0 1 0 1
0 -9 108 12 0 0 1 75 0 1 0 1
0 -1 108 12 0 0 1 75 0 1 0 1
phys
0 -1 108 12 0 0 1 75 0 1 0 1
0 -9 108 12 0 0 1 75 0 1 0 1
0 -9 108 29 0 0 1 75 0 1 0 1
phys
0 -1 108 12 0 0 1 75 0 1 0 1
0 -9 108 29 0 0 1 75 0 1 0 1
0 -1 108 29 0 0 1 75 0 1 0 1
phys
0 -1 100 29 0 0 1 75 0 1 0 1
0 -9 100 29 0 0 1 75 0 1 0 1
0 -9 100 12 0 0 1 75 0 1 0 1
phys
0 -1 100 29 0 0 1 75 0 1 0 1
0 -9 100 12 0 0 1 75 0 1 0 1
0 -1 100 12 0 0 1 75 0 1 0 1
phys
0 -1 100 12 0 0 1 75 0 1 0 1
0 -1 108 12 0 0 1 75 0 1 0 1
0 -1 108 29 0 0 1 75 0 1 0 1
phys
0 -1 100 12 0 0 1 75 0 1 0 1
0 -1 108 29 0 0 1 75 0 1 0 1
0 -1 100 29 0 0 1 75 0 1 0 1
phys
0 -9 100 29 0 0 1 75 0 1 0 1
0 -9 108 29 0 0 1 75 0 1 0 1
0 -9 108 12 0 0 1 75 0 1 0 1
phys
0 -9 100 29 0 0 1 75 0 1 0 1
0 -9 108 12 0 0 1 75 0 1 0 1
0 -9 100 12 0 0 1 75 0 1 0 1
phys
0 1 98 29 0 0 1 76 0 1 0 1
0 -11 98 29 0 0 1 76 0 1 0 1
0 -11 110 29 0 0 1 76 0 1 0 1
phys
0 1 98 29 0 0 1 76 0 1 0 1
0 -11 110 29 0 0 1 76 0 1 0 1
0 1 110 29 0 0 1 76 0 1 0 1
phys
0 -11 98 31 0 0 1 76 0 1 0 1
0 1 98 31 0 0 1 76 0 1 0 1
0 1 110 31 0 0 1 76 0 1 0 1
phys
0 -11 98 31 0 0 1 76 0 1 0 1
0 1 110 31 0 0 1 76 0 1 0 1
0 -11 110 31 0 0 1 76 0 1 0 1
phys
0 1 110 29 0 0 1 76 0 1 0 1
0 -11 110 29 0 0 1 76 0 1 0 1
0 -11 110 31 0 0 1 76 0 1 0 1
phys
0 1 110 29 0 0 1 76 0 1 0 1
0 -11 110 31 0 0 1 76 0 1 0 1
0 1 110 31 0 0 1 76 0 1 0 1
phys
0 1 98 31 0 0 1 76 0 1 0 1
0 -11 98 31 0 0 1 76 0 1 0 1
0 -11 98 29 0 0 1 76 0 1 0 1
phys
0 1 98 31 0 0 1 76 0 1 0 1
0 -11 98 29 0 0 1 76 0 1 0 1
0 1 98 29 0 0 1 76 0 1 0 1
phys
0 1 98 29 0 0 1 76 0 1 0 1
0 1 110 29 0 0 1 76 0 1 0 1
0 1 110 31 0 0 1 76 0 1 0 1
phys
0 1 98 29 0 0 1 76 0 1 0 1
0 1 110 31 0 0 1 76 0 1 0 1
0 1 98 31 0 0 1 76 0 1 0 1
phys
0 -11 98 31 0 0 1 76 0 1 0 1
0 -11 110 31 0 0 1 76 0 1 0 1
0 -11 110 29 0 0 1 76 0 1 0 1
phys
0 -11 98 31 0 0 1 76 0 1 0 1
0 -11 110 29 0 0 1 76 0 1 0 1
0 -11 98 29 0 0 1 76 0 1 0 1
phys
0 3 112 31 0 0 1 77 0 1 0 1
0 -13 112 31 0 0 1 77 0 1 0 1
0 -13 128 31 0 0 1 77 0 1 0 1
phys
0 3 112 31 0 0 1 77 0 1 0 1
0 -13 128 31 0 0 1 77 0 1 0 1
0 3 128 31 0 0 1 77 0 1 0 1
phys
0 -13 112 35 0 0 1 77 0 1 0 1
0 3 112 35 0 0 1 77 0 1 0 1
0 3 128 35 0 0 1 77 0 1 0 1
phys
0 -13 112 35 0 0 1 77 0 1 0 1
0 3 128 35 0 0 1 77 0 1 0 1
0 -13 128 35 0 0 1 77 0 1 0 1
phys
0 3 128 31 0 0 1 77 0 1 0 1
0 -13 128 31 0 0 1 77 0 1 0 1
0 -13 128 35 0 0 1 77 0 1 0 1
phys
0 3 128 31 0 0 1 77 0 1 0 1
0 -13 128 35 0 0 1 77 0 1 0 1
0 3 128 35 0 0 1 77 0 1 0 1
phys
0 3 112 35 0 0 1 77 0 1 0 1
0 -13 112 35 0 0 1 77 0 1 0 1
0 -13 112 31 0 0 1 77 0 1 0 1
phys
0 3 112 35 0 0 1 77 0 1 0 1
0 -13 112 31 0 0 1 77 0 1 0 1
0 3 112 31 0 0 1 77 0 1 0 1
phys
0 3 112 31 0 0 1 77 0 1 0 1
0 3 128 31 0 0 1 77 0 1 0 1
0 3 128 35 0 0 1 77 0 1 0 1
phys
0 3 112 31 0 0 1 77 0 1 0 1
0 3 128 35 0 0 1 77 0 1 0 1
0 3 112 35 0 0 1 77 0 1 0 1
phys
0 -13 112 35 0 0 1 77 0 1 0 1
0 -13 128 35 0 0 1 77 0 1 0 1
0 -13 128 31 0 0 1 77 0 1 0 1
phys
0 -13 112 35 0 0 1 77 0 1 0 1
0 -13 128 31 0 0 1 77 0 1 0 1
0 -13 112 31 0 0 1 77 0 1 0 1
phys
0 -9 116 29 0 0 1 78 0 1 0 1
0 -1 116 29 0 0 1 78 0 1 0 1
0 -1 124 29 0 0 1 78 0 1 0 1
phys
0 -9 116 29 0 0 1 78 0 1 0 1
0 -1 124 29 0 0 1 78 0 1 0 1
0 -9 124 29 0 0 1 78 0 1 0 1
phys
0 -1 116 12 0 0 1 78 0 1 0 1
0 -9 116 12 0 0 1 78 0 1 0 1
0 -9 124 12 0 0 1 78 0 1 0 1
phys
0 -1 116 12 0 0 1 78 0 1 0 1
0 -9 124 12 0 0 1 78 0 1 0 1
0 -1 124 12 0 0 1 78 0 1 0 1
phys
0 -1 124 12 0 0 1 78 0 1 0 1
0 -9 124 12 0 0 1 78 0 1 0 1
0 -9 124 29 0 0 1 78 0 1 0 1
phys
0 -1 124 12 0 0 1 78 0 1 0 1
0 -9 124 29 0 0 1 78 0 1 0 1
0 -1 124 29 0 0 1 78 0 1 0 1
phys
0 -1 116 29 0 0 1 78 0 1 0 1
0 -9 116 29 0 0 1 78 0 1 0 1
0 -9 116 12 0 0 1 78 0 1 0 1
phys
0 -1 116 29 0 0 1 78 0 1 0 1
0 -9 116 12 0 0 1 78 0 1 0 1
0 -1 116 12 0 0 1 78 0 1 0 1
phys
0 -1 116 12 0 0 1 78 0 1 0 1
0 -1 124 12 0 0 1 78 0 1 0 1
0 -1 124 29 0 0 1 78 0 1 0 1
phys
0 -1 116 12 0 0 1 78 0 1 0 1
0 -1 124 29 0 0 1 78 0 1 0 1
0 -1 116 29 0 0 1 78 0 1 0 1
phys
0 -9 116 29 0 0 1 78 0 1 0 1
0 -9 124 29 0 0 1 78 0 1 0 1
0 -9 124 12 0 0 1 78 0 1 0 1
phys
0 -9 116 29 0 0 1 78 0 1 0 1
0 -9 124 12 0 0 1 78 0 1 0 1
0 -9 116 12 0 0 1 78 0 1 0 1
phys
0 1 114 29 0 0 1 79 0 1 0 1
0 -11 114 29 0 0 1 79 0 1 0 1
0 -11 126 29 0 0 1 79 0 1 0 1
phys
0 1 114 29 0 0 1 79 0 1 0 1
0 -11 126 29 0 0 1 79 0 1 0 1
0 1 126 29 0 0 1 79 0 1 0 1
phys
0 -11 114 31 0 0 1 79 0 1 0 1
0 1 114 31 0 0 1 79 0 1 0 1
0 1 126 31 0 0 1 79 0 1 0 1
phys
0 -11 114 31 0 0 1 79 0 1 0 1
0 1 126 31 0 0 1 79 0 1 0 1
0 -11 126 31 0 0 1 79 0 1 0 1
phys
0 1 126 29 0 0 1 79 0 1 0 1
0 -11 126 29 0 0 1 79 0 1 0 1
0 -11 126 31 0 0 1 79 0 1 0 1
phys
0 1 126 29 0 0 1 79 0 1 0 1
0 -11 126 31 0 0 1 79 0 1 0 1
0 1 126 31 0 0 1 79 0 1 0 1
phys
0 1 114 31 0 0 1 79 0 1 0 1
0 -11 114 31 0 0 1 79 0 1 0 1
0 -11 114 29 0 0 1 79 0 1 0 1
phys
0 1 114 31 0 0 1 79 0 1 0 1
0 -11 114 29 0 0 1 79 0 1 0 1
0 1 114 29 0 0 1 79 0 1 0 1
phys
0 1 114 29 0 0 1 79 0 1 0 1
0 1 126 29 0 0 1 79 0 1 0 1
0 1 126 31 0 0 1 79 0 1 0 1
phys
0 1 114 29 0 0 1 79 0 1 0 1
0 1 126 31 0 0 1 79 0 1 0 1
0 1 114 31 0 0 1 79 0 1 0 1
phys
0 -11 114 31 0 0 1 79 0 1 0 1
0 -11 126 31 0 0 1 79 0 1 0 1
0 -11 126 29 0 0 1 79 0 1 0 1
phys
0 -11 114 31 0 0 1 79 0 1 0 1
0 -11 126 29 0 0 1 79 0 1 0 1
0 -11 114 29 0 0 1 79 0 1 0 1
phys
0 1 114 10 0 0 1 80 0 1 0 1
0 -11 114 10 0 0 1 80 0 1 0 1
0 -11 126 10 0 0 1 80 0 1 0 1
phys
0 1 114 10 0 0 1 80 0 1 0 1
0 -11 126 10 0 0 1 80 0 1 0 1
0 1 126 10 0 0 1 80 0 1 0 1
phys
0 -11 114 12 0 0 1 80 0 1 0 1
0 1 114 12 0 0 1 80 0 1 0 1
0 1 126 12 0 0 1 80 0 1 0 1
phys
0 -11 114 12 0 0 1 80 0 1 0 1
0 1 126 12 0 0 1 80 0 1 0 1
0 -11 126 12 0 0 1 80 0 1 0 1
phys
0 1 126 10 0 0 1 80 0 1 0 1
0 -11 126 10 0 0 1 80 0 1 0 1
0 -11 126 12 0 0 1 80 0 1 0 1
phys
0 1 126 10 0 0 1 80 0 1 0 1
0 -11 126 12 0 0 1 80 0 1 0 1
0 1 126 12 0 0 1 80 0 1 0 1
phys
0 1 114 12 0 0 1 80 0 1 0 1
0 -11 114 12 0 0 1 80 0 1 0 1
0 -11 114 10 0 0 1 80 0 1 0 1
phys
0 1 114 12 0 0 1 80 0 1 0 1
0 -11 114 10 0 0 1 80 0 1 0 1
0 1 114 10 0 0 1 80 0 1 0 1
phys
0 1 114 10 0 0 1 80 0 1 0 1
0 1 126 10 0 0 1 80 0 1 0 1
0 1 126 12 0 0 1 80 0 1 0 1
phys
0 1 114 10 0 0 1 80 0 1 0 1
0 1 126 12 0 0 1 80 0 1 0 1
0 1 114 12 0 0 1 80 0 1 0 1
phys
0 -11 114 12 0 0 1 80 0 1 0 1
0 -11 126 12 0 0 1 80 0 1 0 1
0 -11 126 10 0 0 1 80 0 1 0 1
phys
0 -11 114 12 0 0 1 80 0 1 0 1
0 -11 126 10 0 0 1 80 0 1 0 1
0 -11 114 10 0 0 1 80 0 1 0 1
phys
0 3 112 6 0 0 1 81 0 1 0 1
0 -13 112 6 0 0 1 81 0 1 0 1
0 -13 128 6 0 0 1 81 0 1 0 1
phys
0 3 112 6 0 0 1 81 0 1 0 1
0 -13 128 6 0 0 1 81 0 1 0 1
0 3 128 6 0 0 1 81 0 1 0 1
phys
0 -13 112 10 0 0 1 81 0 1 0 1
0 3 112 10 0 0 1 81 0 1 0 1
0 3 128 10 0 0 1 81 0 1 0 1
phys
0 -13 112 10 0 0 1 81 0 1 0 1
0 3 128 10 0 0 1 81 0 1 0 1
0 -13 128 10 0 0 1 81 0 1 0 1
phys
0 3 128 6 0 0 1 81 0 1 0 1
0 -13 128 6 0 0 1 81 0 1 0 1
0 -13 128 10 0 0 1 81 0 1 0 1
phys
0 3 128 6 0 0 1 81 0 1 0 1
0 -13 128 10 0 0 1 81 0 1 0 1
0 3 128 10 0 0 1 81 0 1 0 1
phys
0 3 112 10 0 0 1 81 0 1 0 1
0 -13 112 10 0 0 1 81 0 1 0 1
0 -13 112 6 0 0 1 81 0 1 0 1
phys
0 3 112 10 0 0 1 81 0 1 0 1
0 -13 112 6 0 0 1 81 0 1 0 1
0 3 112 6 0 0 1 81 0 1 0 1
phys
0 3 112 6 0 0 1 81 0 1 0 1
0 3 128 6 0 0 1 81 0 1 0 1
0 3 128 10 0 0 1 81 0 1 0 1
phys
0 3 112 6 0 0 1 81 0 1 0 1
0 3 128 10 0 0 1 81 0 1 0 1
0 3 112 10 0 0 1 81 0 1 0 1
phys
0 -13 112 10 0 0 1 81 0 1 0 1
0 -13 128 10 0 0 1 81 0 1 0 1
0 -13 128 6 0 0 1 81 0 1 0 1
phys
0 -13 112 10 0 0 1 81 0 1 0 1
0 -13 128 6 0 0 1 81 0 1 0 1
0 -13 112 6 0 0 1 81 0 1 0 1
phys
0 3 128 31 0 0 1 82 0 1 0 1
0 -13 128 31 0 0 1 82 0 1 0 1
0 -13 144 31 0 0 1 82 0 1 0 1
phys
0 3 128 31 0 0 1 82 0 1 0 1
0 -13 144 31 0 0 1 82 0 1 0 1
0 3 144 31 0 0 1 82 0 1 0 1
phys
0 -13 128 35 0 0 1 82 0 1 0 1
0 3 128 35 0 0 1 82 0 1 0 1
0 3 144 35 0 0 1 82 0 1 0 1
phys
0 -13 128 35 0 0 1 82 0 1 0 1
0 3 144 35 0 0 1 82 0 1 0 1
0 -13 144 35 0 0 1 82 0 1 0 1
phys
0 3 144 31 0 0 1 82 0 1 0 1
0 -13 144 31 0 0 1 82 0 1 0 1
0 -13 144 35 0 0 1 82 0 1 0 1
phys
0 3 144 31 0 0 1 82 0 1 0 1
0 -13 144 35 0 0 1 82 0 1 0 1
0 3 144 35 0 0 1 82 0 1 0 1
phys
0 3 128 35 0 0 1 82 0 1 0 1
0 -13 128 35 0 0 1 82 0 1 0 1
0 -13 128 31 0 0 1 82 0 1 0 1
phys
0 3 128 35 0 0 1 82 0 1 0 1
0 -13 128 31 0 0 1 82 0 1 0 1
0 3 128 31 0 0 1 82 0 1 0 1
phys
0 3 128 31 0 0 1 82 0 1 0 1
0 3 144 31 0 0 1 82 0 1 0 1
0 3 144 35 0 0 1 82 0 1 0 1
phys
0 3 128 31 0 0 1 82 0 1 0 1
0 3 144 35 0 0 1 82 0 1 0 1
0 3 128 35 0 0 1 82 0 1 0 1
phys
0 -13 128 35 0 0 1 82 0 1 0 1
0 -13 144 35 0 0 1 82 0 1 0 1
0 -13 144 31 0 0 1 82 0 1 0 1
phys
0 -13 128 35 0 0 1 82 0 1 0 1
0 -13 144 31 0 0 1 82 0 1 0 1
0 -13 128 31 0 0 1 82 0 1 0 1
phys
0 1 130 10 0 0 1 83 0 1 0 1
0 -11 130 10 0 0 1 83 0 1 0 1
0 -11 142 10 0 0 1 83 0 1 0 1
phys
0 1 130 10 0 0 1 83 0 1 0 1
0 -11 142 10 0 0 1 83 0 1 0 1
0 1 142 10 0 0 1 83 0 1 0 1
phys
0 -11 130 12 0 0 1 83 0 1 0 1
0 1 130 12 0 0 1 83 0 1 0 1
0 1 142 12 0 0 1 83 0 1 0 1
phys
0 -11 130 12 0 0 1 83 0 1 0 1
0 1 142 12 0 0 1 83 0 1 0 1
0 -11 142 12 0 0 1 83 0 1 0 1
phys
0 1 142 10 0 0 1 83 0 1 0 1
0 -11 142 10 0 0 1 83 0 1 0 1
0 -11 142 12 0 0 1 83 0 1 0 1
phys
0 1 142 10 0 0 1 83 0 1 0 1
0 -11 142 12 0 0 1 83 0 1 0 1
0 1 142 12 0 0 1 83 0 1 0 1
phys
0 1 130 12 0 0 1 83 0 1 0 1
0 -11 130 12 0 0 1 83 0 1 0 1
0 -11 130 10 0 0 1 83 0 1 0 1
phys
0 1 130 12 0 0 1 83 0 1 0 1
0 -11 130 10 0 0 1 83 0 1 0 1
0 1 130 10 0 0 1 83 0 1 0 1
phys
0 1 130 10 0 0 1 83 0 1 0 1
0 1 142 10 0 0 1 83 0 1 0 1
0 1 142 12 0 0 1 83 0 1 0 1
phys
0 1 130 10 0 0 1 83 0 1 0 1
0 1 142 12 0 0 1 83 0 1 0 1
0 1 130 12 0 0 1 83 0 1 0 1
phys
0 -11 130 12 0 0 1 83 0 1 0 1
0 -11 142 12 0 0 1 83 0 1 0 1
0 -11 142 10 0 0 1 83 0 1 0 1
phys
0 -11 130 12 0 0 1 83 0 1 0 1
0 -11 142 10 0 0 1 83 0 1 0 1
0 -11 130 10 0 0 1 83 0 1 0 1
phys
0 3 128 6 0 0 1 84 0 1 0 1
0 -13 128 6 0 0 1 84 0 1 0 1
0 -13 144 6 0 0 1 84 0 1 0 1
phys
0 3 128 6 0 0 1 84 0 1 0 1
0 -13 144 6 0 0 1 84 0 1 0 1
0 3 144 6 0 0 1 84 0 1 0 1
phys
0 -13 128 10 0 0 1 84 0 1 0 1
0 3 128 10 0 0 1 84 0 1 0 1
0 3 144 10 0 0 1 84 0 1 0 1
phys
0 -13 128 10 0 0 1 84 0 1 0 1
0 3 144 10 0 0 1 84 0 1 0 1
0 -13 144 10 0 0 1 84 0 1 0 1
phys
0 3 144 6 0 0 1 84 0 1 0 1
0 -13 144 6 0 0 1 84 0 1 0 1
0 -13 144 10 0 0 1 84 0 1 0 1
phys
0 3 144 6 0 0 1 84 0 1 0 1
0 -13 144 10 0 0 1 84 0 1 0 1
0 3 144 10 0 0 1 84 0 1 0 1
phys
0 3 128 10 0 0 1 84 0 1 0 1
0 -13 128 10 0 0 1 84 0 1 0 1
0 -13 128 6 0 0 1 84 0 1 0 1
phys
0 3 128 10 0 0 1 84 0 1 0 1
0 -13 128 6 0 0 1 84 0 1 0 1
0 3 128 6 0 0 1 84 0 1 0 1
phys
0 3 128 6 0 0 1 84 0 1 0 1
0 3 144 6 0 0 1 84 0 1 0 1
0 3 144 10 0 0 1 84 0 1 0 1
phys
0 3 128 6 0 0 1 84 0 1 0 1
0 3 144 10 0 0 1 84 0 1 0 1
0 3 128 10 0 0 1 84 0 1 0 1
phys
0 -13 128 10 0 0 1 84 0 1 0 1
0 -13 144 10 0 0 1 84 0 1 0 1
0 -13 144 6 0 0 1 84 0 1 0 1
phys
0 -13 128 10 0 0 1 84 0 1 0 1
0 -13 144 6 0 0 1 84 0 1 0 1
0 -13 128 6 0 0 1 84 0 1 0 1
phys
0 -9 132 29 0 0 1 85 0 1 0 1
0 -1 132 29 0 0 1 85 0 1 0 1
0 -1 140 29 0 0 1 85 0 1 0 1
phys
0 -9 132 29 0 0 1 85 0 1 0 1
0 -1 140 29 0 0 1 85 0 1 0 1
0 -9 140 29 0 0 1 85 0 1 0 1
phys
0 -1 132 12 0 0 1 85 0 1 0 1
0 -9 132 12 0 0 1 85 0 1 0 1
0 -9 140 12 0 0 1 85 0 1 0 1
phys
0 -1 132 12 0 0 1 85 0 1 0 1
0 -9 140 12 0 0 1 85 0 1 0 1
0 -1 140 12 0 0 1 85 0 1 0 1
phys
0 -1 140 12 0 0 1 85 0 1 0 1
0 -9 140 12 0 0 1 85 0 1 0 1
0 -9 140 29 0 0 1 85 0 1 0 1
phys
0 -1 140 12 0 0 1 85 0 1 0 1
0 -9 140 29 0 0 1 85 0 1 0 1
0 -1 140 29 0 0 1 85 0 1 0 1
phys
0 -1 132 29 0 0 1 85 0 1 0 1
0 -9 132 29 0 0 1 85 0 1 0 1
0 -9 132 12 0 0 1 85 0 1 0 1
phys
0 -1 132 29 0 0 1 85 0 1 0 1
0 -9 132 12 0 0 1 85 0 1 0 1
0 -1 132 12 0 0 1 85 0 1 0 1
phys
0 -1 132 12 0 0 1 85 0 1 0 1
0 -1 140 12 0 0 1 85 0 1 0 1
0 -1 140 29 0 0 1 85 0 1 0 1
phys
0 -1 132 12 0 0 1 85 0 1 0 1
0 -1 140 29 0 0 1 85 0 1 0 1
0 -1 132 29 0 0 1 85 0 1 0 1
phys
0 -9 132 29 0 0 1 85 0 1 0 1
0 -9 140 29 0 0 1 85 0 1 0 1
0 -9 140 12 0 0 1 85 0 1 0 1
phys
0 -9 132 29 0 0 1 85 0 1 0 1
0 -9 140 12 0 0 1 85 0 1 0 1
0 -9 132 12 0 0 1 85 0 1 0 1
phys
0 1 130 29 0 0 1 86 0 1 0 1
0 -11 130 29 0 0 1 86 0 1 0 1
0 -11 142 29 0 0 1 86 0 1 0 1
phys
0 1 130 29 0 0 1 86 0 1 0 1
0 -11 142 29 0 0 1 86 0 1 0 1
0 1 142 29 0 0 1 86 0 1 0 1
phys
0 -11 130 31 0 0 1 86 0 1 0 1
0 1 130 31 0 0 1 86 0 1 0 1
0 1 142 31 0 0 1 86 0 1 0 1
phys
0 -11 130 31 0 0 1 86 0 1 0 1
0 1 142 31 0 0 1 86 0 1 0 1
0 -11 142 31 0 0 1 86 0 1 0 1
phys
0 1 142 29 0 0 1 86 0 1 0 1
0 -11 142 29 0 0 1 86 0 1 0 1
0 -11 142 31 0 0 1 86 0 1 0 1
phys
0 1 142 29 0 0 1 86 0 1 0 1
0 -11 142 31 0 0 1 86 0 1 0 1
0 1 142 31 0 0 1 86 0 1 0 1
phys
0 1 130 31 0 0 1 86 0 1 0 1
0 -11 130 31 0 0 1 86 0 1 0 1
0 -11 130 29 0 0 1 86 0 1 0 1
phys
0 1 130 31 0 0 1 86 0 1 0 1
0 -11 130 29 0 0 1 86 0 1 0 1
0 1 130 29 0 0 1 86 0 1 0 1
phys
0 1 130 29 0 0 1 86 0 1 0 1
0 1 142 29 0 0 1 86 0 1 0 1
0 1 142 31 0 0 1 86 0 1 0 1
phys
0 1 130 29 0 0 1 86 0 1 0 1
0 1 142 31 0 0 1 86 0 1 0 1
0 1 130 31 0 0 1 86 0 1 0 1
phys
0 -11 130 31 0 0 1 86 0 1 0 1
0 -11 142 31 0 0 1 86 0 1 0 1
0 -11 142 29 0 0 1 86 0 1 0 1
phys
0 -11 130 31 0 0 1 86 0 1 0 1
0 -11 142 29 0 0 1 86 0 1 0 1
0 -11 130 29 0 0 1 86 0 1 0 1
phys
0 3 144 31 0 0 1 87 0 1 0 1
0 -13 144 31 0 0 1 87 0 1 0 1
0 -13 160 31 0 0 1 87 0 1 0 1
phys
0 3 144 31 0 0 1 87 0 1 0 1
0 -13 160 31 0 0 1 87 0 1 0 1
0 3 160 31 0 0 1 87 0 1 0 1
phys
0 -13 144 35 0 0 1 87 0 1 0 1
0 3 144 35 0 0 1 87 0 1 0 1
0 3 160 35 0 0 1 87 0 1 0 1
phys
0 -13 144 35 0 0 1 87 0 1 0 1
0 3 160 35 0 0 1 87 0 1 0 1
0 -13 160 35 0 0 1 87 0 1 0 1
phys
0 3 160 31 0 0 1 87 0 1 0 1
0 -13 160 31 0 0 1 87 0 1 0 1
0 -13 160 35 0 0 1 87 0 1 0 1
phys
0 3 160 31 0 0 1 87 0 1 0 1
0 -13 160 35 0 0 1 87 0 1 0 1
0 3 160 35 0 0 1 87 0 1 0 1
phys
0 3 144 35 0 0 1 87 0 1 0 1
0 -13 144 35 0 0 1 87 0 1 0 1
0 -13 144 31 0 0 1 87 0 1 0 1
phys
0 3 144 35 0 0 1 87 0 1 0 1
0 -13 144 31 0 0 1 87 0 1 0 1
0 3 144 31 0 0 1 87 0 1 0 1
phys
0 3 144 31 0 0 1 87 0 1 0 1
0 3 160 31 0 0 1 87 0 1 0 1
0 3 160 35 0 0 1 87 0 1 0 1
phys
0 3 144 31 0 0 1 87 0 1 0 1
0 3 160 35 0 0 1 87 0 1 0 1
0 3 144 35 0 0 1 87 0 1 0 1
phys
0 -13 144 35 0 0 1 87 0 1 0 1
0 -13 160 35 0 0 1 87 0 1 0 1
0 -13 160 31 0 0 1 87 0 1 0 1
phys
0 -13 144 35 0 0 1 87 0 1 0 1
0 -13 160 31 0 0 1 87 0 1 0 1
0 -13 144 31 0 0 1 87 0 1 0 1
phys
0 -9 148 29 0 0 1 88 0 1 0 1
0 -1 148 29 0 0 1 88 0 1 0 1
0 -1 156 29 0 0 1 88 0 1 0 1
phys
0 -9 148 29 0 0 1 88 0 1 0 1
0 -1 156 29 0 0 1 88 0 1 0 1
0 -9 156 29 0 0 1 88 0 1 0 1
phys
0 -1 148 12 0 0 1 88 0 1 0 1
0 -9 148 12 0 0 1 88 0 1 0 1
0 -9 156 12 0 0 1 88 0 1 0 1
phys
0 -1 148 12 0 0 1 88 0 1 0 1
0 -9 156 12 0 0 1 88 0 1 0 1
0 -1 156 12 0 0 1 88 0 1 0 1
phys
0 -1 156 12 0 0 1 88 0 1 0 1
0 -9 156 12 0 0 1 88 0 1 0 1
0 -9 156 29 0 0 1 88 0 1 0 1
phys
0 -1 156 12 0 0 1 88 0 1 0 1
0 -9 156 29 0 0 1 88 0 1 0 1
0 -1 156 29 0 0 1 88 0 1 0 1
phys
0 -1 148 29 0 0 1 88 0 1 0 1
0 -9 148 29 0 0 1 88 0 1 0 1
0 -9 148 12 0 0 1 88 0 1 0 1
phys
0 -1 148 29 0 0 1 88 0 1 0 1
0 -9 148 12 0 0 1 88 0 1 0 1
0 -1 148 12 0 0 1 88 0 1 0 1
phys
0 -1 148 12 0 0 1 88 0 1 0 1
0 -1 156 12 0 0 1 88 0 1 0 1
0 -1 156 29 0 0 1 88 0 1 0 1
phys
0 -1 148 12 0 0 1 88 0 1 0 1
0 -1 156 29 0 0 1 88 0 1 0 1
0 -1 148 29 0 0 1 88 0 1 0 1
phys
0 -9 148 29 0 0 1 88 0 1 0 1
0 -9 156 29 0 0 1 88 0 1 0 1
0 -9 156 12 0 0 1 88 0 1 0 1
phys
0 -9 148 29 0 0 1 88 0 1 0 1
0 -9 156 12 0 0 1 88 0 1 0 1
0 -9 148 12 0 0 1 88 0 1 0 1
phys
0 1 146 29 0 0 1 89 0 1 0 1
0 -11 146 29 0 0 1 89 0 1 0 1
0 -11 158 29 0 0 1 89 0 1 0 1
phys
0 1 146 29 0 0 1 89 0 1 0 1
0 -11 158 29 0 0 1 89 0 1 0 1
0 1 158 29 0 0 1 89 0 1 0 1
phys
0 -11 146 31 0 0 1 89 0 1 0 1
0 1 146 31 0 0 1 89 0 1 0 1
0 1 158 31 0 0 1 89 0 1 0 1
phys
0 -11 146 31 0 0 1 89 0 1 0 1
0 1 158 31 0 0 1 89 0 1 0 1
0 -11 158 31 0 0 1 89 0 1 0 1
phys
0 1 158 29 0 0 1 89 0 1 0 1
0 -11 158 29 0 0 1 89 0 1 0 1
0 -11 158 31 0 0 1 89 0 1 0 1
phys
0 1 158 29 0 0 1 89 0 1 0 1
0 -11 158 31 0 0 1 89 0 1 0 1
0 1 158 31 0 0 1 89 0 1 0 1
phys
0 1 146 31 0 0 1 89 0 1 0 1
0 -11 146 31 0 0 1 89 0 1 0 1
0 -11 146 29 0 0 1 89 0 1 0 1
phys
0 1 146 31 0 0 1 89 0 1 0 1
0 -11 146 29 0 0 1 89 0 1 0 1
0 1 146 29 0 0 1 89 0 1 0 1
phys
0 1 146 29 0 0 1 89 0 1 0 1
0 1 158 29 0 0 1 89 0 1 0 1
0 1 158 31 0 0 1 89 0 1 0 1
phys
0 1 146 29 0 0 1 89 0 1 0 1
0 1 158 31 0 0 1 89 0 1 0 1
0 1 146 31 0 0 1 89 0 1 0 1
phys
0 -11 146 31 0 0 1 89 0 1 0 1
0 -11 158 31 0 0 1 89 0 1 0 1
0 -11 158 29 0 0 1 89 0 1 0 1
phys
0 -11 146 31 0 0 1 89 0 1 0 1
0 -11 158 29 0 0 1 89 0 1 0 1
0 -11 146 29 0 0 1 89 0 1 0 1
phys
0 1 146 10 0 0 1 90 0 1 0 1
0 -11 146 10 0 0 1 90 0 1 0 1
0 -11 158 10 0 0 1 90 0 1 0 1
phys
0 1 146 10 0 0 1 90 0 1 0 1
0 -11 158 10 0 0 1 90 0 1 0 1
0 1 158 10 0 0 1 90 0 1 0 1
phys
0 -11 146 12 0 0 1 90 0 1 0 1
0 1 146 12 0 0 1 90 0 1 0 1
0 1 158 12 0 0 1 90 0 1 0 1
phys
0 -11 146 12 0 0 1 90 0 1 0 1
0 1 158 12 0 0 1 90 0 1 0 1
0 -11 158 12 0 0 1 90 0 1 0 1
phys
0 1 158 10 0 0 1 90 0 1 0 1
0 -11 158 10 0 0 1 90 0 1 0 1
0 -11 158 12 0 0 1 90 0 1 0 1
phys
0 1 158 10 0 0 1 90 0 1 0 1
0 -11 158 12 0 0 1 90 0 1 0 1
0 1 158 12 0 0 1 90 0 1 0 1
phys
0 1 146 12 0 0 1 90 0 1 0 1
0 -11 146 12 0 0 1 90 0 1 0 1
0 -11 146 10 0 0 1 90 0 1 0 1
phys
0 1 146 12 0 0 1 90 0 1 0 1
0 -11 146 10 0 0 1 90 0 1 0 1
0 1 146 10 0 0 1 90 0 1 0 1
phys
0 1 146 10 0 0 1 90 0 1 0 1
0 1 158 10 0 0 1 90 0 1 0 1
0 1 158 12 0 0 1 90 0 1 0 1
phys
0 1 146 10 0 0 1 90 0 1 0 1
0 1 158 12 0 0 1 90 0 1 0 1
0 1 146 12 0 0 1 90 0 1 0 1
phys
0 -11 146 12 0 0 1 90 0 1 0 1
0 -11 158 12 0 0 1 90 0 1 0 1
0 -11 158 10 0 0 1 90 0 1 0 1
phys
0 -11 146 12 0 0 1 90 0 1 0 1
0 -11 158 10 0 0 1 90 0 1 0 1
0 -11 146 10 0 0 1 90 0 1 0 1
phys
0 3 144 6 0 0 1 91 0 1 0 1
0 -13 144 6 0 0 1 91 0 1 0 1
0 -13 160 6 0 0 1 91 0 1 0 1
phys
0 3 144 6 0 0 1 91 0 1 0 1
0 -13 160 6 0 0 1 91 0 1 0 1
0 3 160 6 0 0 1 91 0 1 0 1
phys
0 -13 144 10 0 0 1 91 0 1 0 1
0 3 144 10 0 0 1 91 0 1 0 1
0 3 160 10 0 0 1 91 0 1 0 1
phys
0 -13 144 10 0 0 1 91 0 1 0 1
0 3 160 10 0 0 1 91 0 1 0 1
0 -13 160 10 0 0 1 91 0 1 0 1
phys
0 3 160 6 0 0 1 91 0 1 0 1
0 -13 160 6 0 0 1 91 0 1 0 1
0 -13 160 10 0 0 1 91 0 1 0 1
phys
0 3 160 6 0 0 1 91 0 1 0 1
0 -13 160 10 0 0 1 91 0 1 0 1
0 3 160 10 0 0 1 91 0 1 0 1
phys
0 3 144 10 0 0 1 91 0 1 0 1
0 -13 144 10 0 0 1 91 0 1 0 1
0 -13 144 6 0 0 1 91 0 1 0 1
phys
0 3 144 10 0 0 1 91 0 1 0 1
0 -13 144 6 0 0 1 91 0 1 0 1
0 3 144 6 0 0 1 91 0 1 0 1
phys
0 3 144 6 0 0 1 91 0 1 0 1
0 3 160 6 0 0 1 91 0 1 0 1
0 3 160 10 0 0 1 91 0 1 0 1
phys
0 3 144 6 0 0 1 91 0 1 0 1
0 3 160 10 0 0 1 91 0 1 0 1
0 3 144 10 0 0 1 91 0 1 0 1
phys
0 -13 144 10 0 0 1 91 0 1 0 1
0 -13 160 10 0 0 1 91 0 1 0 1
0 -13 160 6 0 0 1 91 0 1 0 1
phys
0 -13 144 10 0 0 1 91 0 1 0 1
0 -13 160 6 0 0 1 91 0 1 0 1
0 -13 144 6 0 0 1 91 0 1 0 1
phys
0 3 -144 31 0 0 1 92 0 1 0 1
0 -13 -144 31 0 0 1 92 0 1 0 1
0 -13 -128 31 0 0 1 92 0 1 0 1
phys
0 3 -144 31 0 0 1 92 0 1 0 1
0 -13 -128 31 0 0 1 92 0 1 0 1
0 3 -128 31 0 0 1 92 0 1 0 1
phys
0 -13 -144 35 0 0 1 92 0 1 0 1
0 3 -144 35 0 0 1 92 0 1 0 1
0 3 -128 35 0 0 1 92 0 1 0 1
phys
0 -13 -144 35 0 0 1 92 0 1 0 1
0 3 -128 35 0 0 1 92 0 1 0 1
0 -13 -128 35 0 0 1 92 0 1 0 1
phys
0 3 -128 31 0 0 1 92 0 1 0 1
0 -13 -128 31 0 0 1 92 0 1 0 1
0 -13 -128 35 0 0 1 92 0 1 0 1
phys
0 3 -128 31 0 0 1 92 0 1 0 1
0 -13 -128 35 0 0 1 92 0 1 0 1
0 3 -128 35 0 0 1 92 0 1 0 1
phys
0 3 -144 35 0 0 1 92 0 1 0 1
0 -13 -144 35 0 0 1 92 0 1 0 1
0 -13 -144 31 0 0 1 92 0 1 0 1
phys
0 3 -144 35 0 0 1 92 0 1 0 1
0 -13 -144 31 0 0 1 92 0 1 0 1
0 3 -144 31 0 0 1 92 0 1 0 1
phys
0 3 -144 31 0 0 1 92 0 1 0 1
0 3 -128 31 0 0 1 92 0 1 0 1
0 3 -128 35 0 0 1 92 0 1 0 1
phys
0 3 -144 31 0 0 1 92 0 1 0 1
0 3 -128 35 0 0 1 92 0 1 0 1
0 3 -144 35 0 0 1 92 0 1 0 1
phys
0 -13 -144 35 0 0 1 92 0 1 0 1
0 -13 -128 35 0 0 1 92 0 1 0 1
0 -13 -128 31 0 0 1 92 0 1 0 1
phys
0 -13 -144 35 0 0 1 92 0 1 0 1
0 -13 -128 31 0 0 1 92 0 1 0 1
0 -13 -144 31 0 0 1 92 0 1 0 1
phys
0 1 -142 10 0 0 1 93 0 1 0 1
0 -11 -142 10 0 0 1 93 0 1 0 1
0 -11 -130 10 0 0 1 93 0 1 0 1
phys
0 1 -142 10 0 0 1 93 0 1 0 1
0 -11 -130 10 0 0 1 93 0 1 0 1
0 1 -130 10 0 0 1 93 0 1 0 1
phys
0 -11 -142 12 0 0 1 93 0 1 0 1
0 1 -142 12 0 0 1 93 0 1 0 1
0 1 -130 12 0 0 1 93 0 1 0 1
phys
0 -11 -142 12 0 0 1 93 0 1 0 1
0 1 -130 12 0 0 1 93 0 1 0 1
0 -11 -130 12 0 0 1 93 0 1 0 1
phys
0 1 -130 10 0 0 1 93 0 1 0 1
0 -11 -130 10 0 0 1 93 0 1 0 1
0 -11 -130 12 0 0 1 93 0 1 0 1
phys
0 1 -130 10 0 0 1 93 0 1 0 1
0 -11 -130 12 0 0 1 93 0 1 0 1
0 1 -130 12 0 0 1 93 0 1 0 1
phys
0 1 -142 12 0 0 1 93 0 1 0 1
0 -11 -142 12 0 0 1 93 0 1 0 1
0 -11 -142 10 0 0 1 93 0 1 0 1
phys
0 1 -142 12 0 0 1 93 0 1 0 1
0 -11 -142 10 0 0 1 93 0 1 0 1
0 1 -142 10 0 0 1 93 0 1 0 1
phys
0 1 -142 10 0 0 1 93 0 1 0 1
0 1 -130 10 0 0 1 93 0 1 0 1
0 1 -130 12 0 0 1 93 0 1 0 1
phys
0 1 -142 10 0 0 1 93 0 1 0 1
0 1 -130 12 0 0 1 93 0 1 0 1
0 1 -142 12 0 0 1 93 0 1 0 1
phys
0 -11 -142 12 0 0 1 93 0 1 0 1
0 -11 -130 12 0 0 1 93 0 1 0 1
0 -11 -130 10 0 0 1 93 0 1 0 1
phys
0 -11 -142 12 0 0 1 93 0 1 0 1
0 -11 -130 10 0 0 1 93 0 1 0 1
0 -11 -142 10 0 0 1 93 0 1 0 1
phys
0 3 -144 6 0 0 1 94 0 1 0 1
0 -13 -144 6 0 0 1 94 0 1 0 1
0 -13 -128 6 0 0 1 94 0 1 0 1
phys
0 3 -144 6 0 0 1 94 0 1 0 1
0 -13 -128 6 0 0 1 94 0 1 0 1
0 3 -128 6 0 0 1 94 0 1 0 1
phys
0 -13 -144 10 0 0 1 94 0 1 0 1
0 3 -144 10 0 0 1 94 0 1 0 1
0 3 -128 10 0 0 1 94 0 1 0 1
phys
0 -13 -144 10 0 0 1 94 0 1 0 1
0 3 -128 10 0 0 1 94 0 1 0 1
0 -13 -128 10 0 0 1 94 0 1 0 1
phys
0 3 -128 6 0 0 1 94 0 1 0 1
0 -13 -128 6 0 0 1 94 0 1 0 1
0 -13 -128 10 0 0 1 94 0 1 0 1
phys
0 3 -128 6 0 0 1 94 0 1 0 1
0 -13 -128 10 0 0 1 94 0 1 0 1
0 3 -128 10 0 0 1 94 0 1 0 1
phys
0 3 -144 10 0 0 1 94 0 1 0 1
0 -13 -144 10 0 0 1 94 0 1 0 1
0 -13 -144 6 0 0 1 94 0 1 0 1
phys
0 3 -144 10 0 0 1 94 0 1 0 1
0 -13 -144 6 0 0 1 94 0 1 0 1
0 3 -144 6 0 0 1 94 0 1 0 1
phys
0 3 -144 6 0 0 1 94 0 1 0 1
0 3 -128 6 0 0 1 94 0 1 0 1
0 3 -128 10 0 0 1 94 0 1 0 1
phys
0 3 -144 6 0 0 1 94 0 1 0 1
0 3 -128 10 0 0 1 94 0 1 0 1
0 3 -144 10 0 0 1 94 0 1 0 1
phys
0 -13 -144 10 0 0 1 94 0 1 0 1
0 -13 -128 10 0 0 1 94 0 1 0 1
0 -13 -128 6 0 0 1 94 0 1 0 1
phys
0 -13 -144 10 0 0 1 94 0 1 0 1
0 -13 -128 6 0 0 1 94 0 1 0 1
0 -13 -144 6 0 0 1 94 0 1 0 1
phys
0 -9 -140 29 0 0 1 95 0 1 0 1
0 -1 -140 29 0 0 1 95 0 1 0 1
0 -1 -132 29 0 0 1 95 0 1 0 1
phys
0 -9 -140 29 0 0 1 95 0 1 0 1
0 -1 -132 29 0 0 1 95 0 1 0 1
0 -9 -132 29 0 0 1 95 0 1 0 1
phys
0 -1 -140 12 0 0 1 95 0 1 0 1
0 -9 -140 12 0 0 1 95 0 1 0 1
0 -9 -132 12 0 0 1 95 0 1 0 1
phys
0 -1 -140 12 0 0 1 95 0 1 0 1
0 -9 -132 12 0 0 1 95 0 1 0 1
0 -1 -132 12 0 0 1 95 0 1 0 1
phys
0 -1 -132 12 0 0 1 95 0 1 0 1
0 -9 -132 12 0 0 1 95 0 1 0 1
0 -9 -132 29 0 0 1 95 0 1 0 1
phys
0 -1 -132 12 0 0 1 95 0 1 0 1
0 -9 -132 29 0 0 1 95 0 1 0 1
0 -1 -132 29 0 0 1 95 0 1 0 1
phys
0 -1 -140 29 0 0 1 95 0 1 0 1
0 -9 -140 29 0 0 1 95 0 1 0 1
0 -9 -140 12 0 0 1 95 0 1 0 1
phys
0 -1 -140 29 0 0 1 95 0 1 0 1
0 -9 -140 12 0 0 1 95 0 1 0 1
0 -1 -140 12 0 0 1 95 0 1 0 1
phys
0 -1 -140 12 0 0 1 95 0 1 0 1
0 -1 -132 12 0 0 1 95 0 1 0 1
0 -1 -132 29 0 0 1 95 0 1 0 1
phys
0 -1 -140 12 0 0 1 95 0 1 0 1
0 -1 -132 29 0 0 1 95 0 1 0 1
0 -1 -140 29 0 0 1 95 0 1 0 1
phys
0 -9 -140 29 0 0 1 95 0 1 0 1
0 -9 -132 29 0 0 1 95 0 1 0 1
0 -9 -132 12 0 0 1 95 0 1 0 1
phys
0 -9 -140 29 0 0 1 95 0 1 0 1
0 -9 -132 12 0 0 1 95 0 1 0 1
0 -9 -140 12 0 0 1 95 0 1 0 1
phys
0 -3 -160 6 0 0 1 96 0 1 0 1
0 3 -160 6 0 0 1 96 0 1 0 1
0 3 160 6 0 0 1 96 0 1 0 1
phys
0 -3 -160 6 0 0 1 96 0 1 0 1
0 3 160 6 0 0 1 96 0 1 0 1
0 -3 160 6 0 0 1 96 0 1 0 1
phys
0 -3 160 -6 0 0 1 96 0 1 0 1
0 -3 160 6 0 0 1 96 0 1 0 1
0 3 160 6 0 0 1 96 0 1 0 1
phys
0 -3 160 -6 0 0 1 96 0 1 0 1
0 3 160 6 0 0 1 96 0 1 0 1
0 3 160 0 0 0 1 96 0 1 0 1
phys
0 3 -160 0 0 0 1 96 0 1 0 1
0 3 -160 6 0 0 1 96 0 1 0 1
0 -3 -160 6 0 0 1 96 0 1 0 1
phys
0 3 -160 0 0 0 1 96 0 1 0 1
0 -3 -160 6 0 0 1 96 0 1 0 1
0 -3 -160 -6 0 0 1 96 0 1 0 1
phys
0 -3 -160 -6 0 0 1 96 0 1 0 1
0 -3 -160 6 0 0 1 96 0 1 0 1
0 -3 160 6 0 0 1 96 0 1 0 1
phys
0 -3 -160 -6 0 0 1 96 0 1 0 1
0 -3 160 6 0 0 1 96 0 1 0 1
0 -3 160 -6 0 0 1 96 0 1 0 1
phys
0 3 160 0 0 0 1 96 0 1 0 1
0 3 160 6 0 0 1 96 0 1 0 1
0 3 -160 6 0 0 1 96 0 1 0 1
phys
0 3 160 0 0 0 1 96 0 1 0 1
0 3 -160 6 0 0 1 96 0 1 0 1
0 3 -160 0 0 0 1 96 0 1 0 1
phys
0 -3 160 -6 0 0 1 96 0 1 0 1
0 3 160 0 0 0 1 96 0 1 0 1
0 3 -160 0 0 0 1 96 0 1 0 1
phys
0 -3 160 -6 0 0 1 96 0 1 0 1
0 3 -160 0 0 0 1 96 0 1 0 1
0 -3 -160 -6 0 0 1 96 0 1 0 1
end
