version 1
nodes
0 "root" -1
end
skeleton
time 0
0 0 0 0 0 0 0
end
triangles
maps_rp_surdonoso_realworldtextures_floor_mixtile_solid_white_1424_14430_314
0 1 -142 29 0 0 -1 0.015625 -124.421875 1 0 1
0 -11 -142 29 0 0 -1 0.015625 -124.515625 1 0 1
0 -11 -130 29 0 0 -1 -0.078125 -124.515625 1 0 1
maps_rp_surdonoso_realworldtextures_floor_mixtile_solid_white_1424_14430_314
0 1 -142 29 0 0 -1 0.015625 -124.421875 1 0 1
0 -11 -130 29 0 0 -1 -0.078125 -124.515625 1 0 1
0 1 -130 29 0 0 -1 -0.078125 -124.421875 1 0 1
maps_rp_surdonoso_realworldtextures_floor_mixtile_solid_white_1424_14430_314
0 -11 -142 31 0 0 1 0.015625 -124.515625 1 0 1
0 1 -142 31 0 0 1 0.015625 -124.421875 1 0 1
0 1 -130 31 0 0 1 -0.078125 -124.421875 1 0 1
maps_rp_surdonoso_realworldtextures_floor_mixtile_solid_white_1424_14430_314
0 -11 -142 31 0 0 1 0.015625 -124.515625 1 0 1
0 1 -130 31 0 0 1 -0.078125 -124.421875 1 0 1
0 -11 -130 31 0 0 1 -0.078125 -124.515625 1 0 1
maps_rp_surdonoso_realworldtextures_floor_mixtile_solid_white_1424_14430_314
0 1 -130 29 0 1 0 -125.421875 -0.601562 1 0 1
0 -11 -130 29 0 1 0 -125.515625 -0.601562 1 0 1
0 -11 -130 31 0 1 0 -125.515625 -0.585938 1 0 1
maps_rp_surdonoso_realworldtextures_floor_mixtile_solid_white_1424_14430_314
0 1 -130 29 0 1 0 -125.421875 -0.601562 1 0 1
0 -11 -130 31 0 1 0 -125.515625 -0.585938 1 0 1
0 1 -130 31 0 1 0 -125.421875 -0.585938 1 0 1
maps_rp_surdonoso_realworldtextures_floor_mixtile_solid_white_1424_14430_314
0 1 -142 31 0 -1 0 -125.421875 -0.585938 1 0 1
0 -11 -142 31 0 -1 0 -125.515625 -0.585938 1 0 1
0 -11 -142 29 0 -1 0 -125.515625 -0.601562 1 0 1
maps_rp_surdonoso_realworldtextures_floor_mixtile_solid_white_1424_14430_314
0 1 -142 31 0 -1 0 -125.421875 -0.585938 1 0 1
0 -11 -142 29 0 -1 0 -125.515625 -0.601562 1 0 1
0 1 -142 29 0 -1 0 -125.421875 -0.601562 1 0 1
maps_rp_surdonoso_realworldtextures_floor_mixtile_solid_white_1424_14430_314
0 1 -142 29 1 0 0 0.015625 -0.601562 1 0 1
0 1 -130 29 1 0 0 -0.078125 -0.601562 1 0 1
0 1 -130 31 1 0 0 -0.078125 -0.585938 1 0 1
maps_rp_surdonoso_realworldtextures_floor_mixtile_solid_white_1424_14430_314
0 1 -142 29 1 0 0 0.015625 -0.601562 1 0 1
0 1 -130 31 1 0 0 -0.078125 -0.585938 1 0 1
0 1 -142 31 1 0 0 0.015625 -0.585938 1 0 1
maps_rp_surdonoso_realworldtextures_floor_mixtile_solid_white_1424_14430_314
0 -11 -142 31 -1 0 0 0.015625 -0.585938 1 0 1
0 -11 -130 31 -1 0 0 -0.078125 -0.585938 1 0 1
0 -11 -130 29 -1 0 0 -0.078125 -0.601562 1 0 1
maps_rp_surdonoso_realworldtextures_floor_mixtile_solid_white_1424_14430_314
0 -11 -142 31 -1 0 0 0.015625 -0.585938 1 0 1
0 -11 -130 29 -1 0 0 -0.078125 -0.601562 1 0 1
0 -11 -142 29 -1 0 0 0.015625 -0.601562 1 0 1
maps_rp_surdonoso_realworldtextures_floor_mixtile_solid_white_1424_14430_314
0 3 -128 31 0 0 -1 -0.09375 -124.40625 1 0 1
0 -13 -128 31 0 0 -1 -0.09375 -124.53125 1 0 1
0 -13 -112 31 0 0 -1 -0.21875 -124.53125 1 0 1
maps_rp_surdonoso_realworldtextures_floor_mixtile_solid_white_1424_14430_314
0 3 -128 31 0 0 -1 -0.09375 -124.40625 1 0 1
0 -13 -112 31 0 0 -1 -0.21875 -124.53125 1 0 1
0 3 -112 31 0 0 -1 -0.21875 -124.40625 1 0 1
maps_rp_surdonoso_realworldtextures_floor_mixtile_solid_white_1424_14430_314
0 -13 -128 35 0 0 1 -0.09375 -124.53125 1 0 1
0 3 -128 35 0 0 1 -0.09375 -124.40625 1 0 1
0 3 -112 35 0 0 1 -0.21875 -124.40625 1 0 1
maps_rp_surdonoso_realworldtextures_floor_mixtile_solid_white_1424_14430_314
0 -13 -128 35 0 0 1 -0.09375 -124.53125 1 0 1
0 3 -112 35 0 0 1 -0.21875 -124.40625 1 0 1
0 -13 -112 35 0 0 1 -0.21875 -124.53125 1 0 1
maps_rp_surdonoso_realworldtextures_floor_mixtile_solid_white_1424_14430_314
0 3 -112 31 0 1 0 -125.40625 -0.585938 1 0 1
0 -13 -112 31 0 1 0 -125.53125 -0.585938 1 0 1
0 -13 -112 35 0 1 0 -125.53125 -0.554688 1 0 1
maps_rp_surdonoso_realworldtextures_floor_mixtile_solid_white_1424_14430_314
0 3 -112 31 0 1 0 -125.40625 -0.585938 1 0 1
0 -13 -112 35 0 1 0 -125.53125 -0.554688 1 0 1
0 3 -112 35 0 1 0 -125.40625 -0.554688 1 0 1
maps_rp_surdonoso_realworldtextures_floor_mixtile_solid_white_1424_14430_314
0 3 -128 35 0 -1 0 -125.40625 -0.554688 1 0 1
0 -13 -128 35 0 -1 0 -125.53125 -0.554688 1 0 1
0 -13 -128 31 0 -1 0 -125.53125 -0.585938 1 0 1
maps_rp_surdonoso_realworldtextures_floor_mixtile_solid_white_1424_14430_314
0 3 -128 35 0 -1 0 -125.40625 -0.554688 1 0 1
0 -13 -128 31 0 -1 0 -125.53125 -0.585938 1 0 1
0 3 -128 31 0 -1 0 -125.40625 -0.585938 1 0 1
maps_rp_surdonoso_realworldtextures_floor_mixtile_solid_white_1424_14430_314
0 3 -128 31 1 0 0 -0.09375 -0.585938 1 0 1
0 3 -112 31 1 0 0 -0.21875 -0.585938 1 0 1
0 3 -112 35 1 0 0 -0.21875 -0.554688 1 0 1
maps_rp_surdonoso_realworldtextures_floor_mixtile_solid_white_1424_14430_314
0 3 -128 31 1 0 0 -0.09375 -0.585938 1 0 1
0 3 -112 35 1 0 0 -0.21875 -0.554688 1 0 1
0 3 -128 35 1 0 0 -0.09375 -0.554688 1 0 1
maps_rp_surdonoso_realworldtextures_floor_mixtile_solid_white_1424_14430_314
0 -13 -128 35 -1 0 0 -0.09375 -0.554688 1 0 1
0 -13 -112 35 -1 0 0 -0.21875 -0.554688 1 0 1
0 -13 -112 31 -1 0 0 -0.21875 -0.585938 1 0 1
maps_rp_surdonoso_realworldtextures_floor_mixtile_solid_white_1424_14430_314
0 -13 -128 35 -1 0 0 -0.09375 -0.554688 1 0 1
0 -13 -112 31 -1 0 0 -0.21875 -0.585938 1 0 1
0 -13 -128 31 -1 0 0 -0.09375 -0.585938 1 0 1
maps_rp_surdonoso_realworldtextures_floor_mixtile_solid_white_1424_14430_314
0 -9 -124 29 0 0 1 -0.125 -124.5 1 0 1
0 -1 -124 29 0 0 1 -0.125 -124.4375 1 0 1
0 -1 -116 29 0 0 1 -0.1875 -124.4375 1 0 1
maps_rp_surdonoso_realworldtextures_floor_mixtile_solid_white_1424_14430_314
0 -9 -124 29 0 0 1 -0.125 -124.5 1 0 1
0 -1 -116 29 0 0 1 -0.1875 -124.4375 1 0 1
0 -9 -116 29 0 0 1 -0.1875 -124.5 1 0 1
maps_rp_surdonoso_realworldtextures_floor_mixtile_solid_white_1424_14430_314
0 -1 -124 12 0 0 -1 -0.125 -124.4375 1 0 1
0 -9 -124 12 0 0 -1 -0.125 -124.5 1 0 1
0 -9 -116 12 0 0 -1 -0.1875 -124.5 1 0 1
maps_rp_surdonoso_realworldtextures_floor_mixtile_solid_white_1424_14430_314
0 -1 -124 12 0 0 -1 -0.125 -124.4375 1 0 1
0 -9 -116 12 0 0 -1 -0.1875 -124.5 1 0 1
0 -1 -116 12 0 0 -1 -0.1875 -124.4375 1 0 1
maps_rp_surdonoso_realworldtextures_floor_mixtile_solid_white_1424_14430_314
0 -1 -116 12 0 1 0 -125.4375 -0.734375 1 0 1
0 -9 -116 12 0 1 0 -125.5 -0.734375 1 0 1
0 -9 -116 29 0 1 0 -125.5 -0.601562 1 0 1
maps_rp_surdonoso_realworldtextures_floor_mixtile_solid_white_1424_14430_314
0 -1 -116 12 0 1 0 -125.4375 -0.734375 1 0 1
0 -9 -116 29 0 1 0 -125.5 -0.601562 1 0 1
0 -1 -116 29 0 1 0 -125.4375 -0.601562 1 0 1
maps_rp_surdonoso_realworldtextures_floor_mixtile_solid_white_1424_14430_314
0 -1 -124 29 0 -1 0 -125.4375 -0.601562 1 0 1
0 -9 -124 29 0 -1 0 -125.5 -0.601562 1 0 1
0 -9 -124 12 0 -1 0 -125.5 -0.734375 1 0 1
maps_rp_surdonoso_realworldtextures_floor_mixtile_solid_white_1424_14430_314
0 -1 -124 29 0 -1 0 -125.4375 -0.601562 1 0 1
0 -9 -124 12 0 -1 0 -125.5 -0.734375 1 0 1
0 -1 -124 12 0 -1 0 -125.4375 -0.734375 1 0 1
maps_rp_surdonoso_realworldtextures_floor_mixtile_solid_white_1424_14430_314
0 -1 -124 12 1 0 0 -0.125 -0.734375 1 0 1
0 -1 -116 12 1 0 0 -0.1875 -0.734375 1 0 1
0 -1 -116 29 1 0 0 -0.1875 -0.601562 1 0 1
maps_rp_surdonoso_realworldtextures_floor_mixtile_solid_white_1424_14430_314
0 -1 -124 12 1 0 0 -0.125 -0.734375 1 0 1
0 -1 -116 29 1 0 0 -0.1875 -0.601562 1 0 1
0 -1 -124 29 1 0 0 -0.125 -0.601562 1 0 1
maps_rp_surdonoso_realworldtextures_floor_mixtile_solid_white_1424_14430_314
0 -9 -124 29 -1 0 0 -0.125 -0.601562 1 0 1
0 -9 -116 29 -1 0 0 -0.1875 -0.601562 1 0 1
0 -9 -116 12 -1 0 0 -0.1875 -0.734375 1 0 1
maps_rp_surdonoso_realworldtextures_floor_mixtile_solid_white_1424_14430_314
0 -9 -124 29 -1 0 0 -0.125 -0.601562 1 0 1
0 -9 -116 12 -1 0 0 -0.1875 -0.734375 1 0 1
0 -9 -124 12 -1 0 0 -0.125 -0.734375 1 0 1
maps_rp_surdonoso_realworldtextures_floor_mixtile_solid_white_1424_14430_314
0 1 -126 29 0 0 -1 -0.109375 -124.421875 1 0 1
0 -11 -126 29 0 0 -1 -0.109375 -124.515625 1 0 1
0 -11 -114 29 0 0 -1 -0.203125 -124.515625 1 0 1
maps_rp_surdonoso_realworldtextures_floor_mixtile_solid_white_1424_14430_314
0 1 -126 29 0 0 -1 -0.109375 -124.421875 1 0 1
0 -11 -114 29 0 0 -1 -0.203125 -124.515625 1 0 1
0 1 -114 29 0 0 -1 -0.203125 -124.421875 1 0 1
maps_rp_surdonoso_realworldtextures_floor_mixtile_solid_white_1424_14430_314
0 -11 -126 31 0 0 1 -0.109375 -124.515625 1 0 1
0 1 -126 31 0 0 1 -0.109375 -124.421875 1 0 1
0 1 -114 31 0 0 1 -0.203125 -124.421875 1 0 1
maps_rp_surdonoso_realworldtextures_floor_mixtile_solid_white_1424_14430_314
0 -11 -126 31 0 0 1 -0.109375 -124.515625 1 0 1
0 1 -114 31 0 0 1 -0.203125 -124.421875 1 0 1
0 -11 -114 31 0 0 1 -0.203125 -124.515625 1 0 1
maps_rp_surdonoso_realworldtextures_floor_mixtile_solid_white_1424_14430_314
0 1 -114 29 0 1 0 -125.421875 -0.601562 1 0 1
0 -11 -114 29 0 1 0 -125.515625 -0.601562 1 0 1
0 -11 -114 31 0 1 0 -125.515625 -0.585938 1 0 1
maps_rp_surdonoso_realworldtextures_floor_mixtile_solid_white_1424_14430_314
0 1 -114 29 0 1 0 -125.421875 -0.601562 1 0 1
0 -11 -114 31 0 1 0 -125.515625 -0.585938 1 0 1
0 1 -114 31 0 1 0 -125.421875 -0.585938 1 0 1
maps_rp_surdonoso_realworldtextures_floor_mixtile_solid_white_1424_14430_314
0 1 -126 31 0 -1 0 -125.421875 -0.585938 1 0 1
0 -11 -126 31 0 -1 0 -125.515625 -0.585938 1 0 1
0 -11 -126 29 0 -1 0 -125.515625 -0.601562 1 0 1
maps_rp_surdonoso_realworldtextures_floor_mixtile_solid_white_1424_14430_314
0 1 -126 31 0 -1 0 -125.421875 -0.585938 1 0 1
0 -11 -126 29 0 -1 0 -125.515625 -0.601562 1 0 1
0 1 -126 29 0 -1 0 -125.421875 -0.601562 1 0 1
maps_rp_surdonoso_realworldtextures_floor_mixtile_solid_white_1424_14430_314
0 1 -126 29 1 0 0 -0.109375 -0.601562 1 0 1
0 1 -114 29 1 0 0 -0.203125 -0.601562 1 0 1
0 1 -114 31 1 0 0 -0.203125 -0.585938 1 0 1
maps_rp_surdonoso_realworldtextures_floor_mixtile_solid_white_1424_14430_314
0 1 -126 29 1 0 0 -0.109375 -0.601562 1 0 1
0 1 -114 31 1 0 0 -0.203125 -0.585938 1 0 1
0 1 -126 31 1 0 0 -0.109375 -0.585938 1 0 1
maps_rp_surdonoso_realworldtextures_floor_mixtile_solid_white_1424_14430_314
0 -11 -126 31 -1 0 0 -0.109375 -0.585938 1 0 1
0 -11 -114 31 -1 0 0 -0.203125 -0.585938 1 0 1
0 -11 -114 29 -1 0 0 -0.203125 -0.601562 1 0 1
maps_rp_surdonoso_realworldtextures_floor_mixtile_solid_white_1424_14430_314
0 -11 -126 31 -1 0 0 -0.109375 -0.585938 1 0 1
0 -11 -114 29 -1 0 0 -0.203125 -0.601562 1 0 1
0 -11 -126 29 -1 0 0 -0.109375 -0.601562 1 0 1
maps_rp_surdonoso_realworldtextures_floor_mixtile_solid_white_1424_14430_314
0 1 -126 10 0 0 -1 -0.109375 -124.421875 1 0 1
0 -11 -126 10 0 0 -1 -0.109375 -124.515625 1 0 1
0 -11 -114 10 0 0 -1 -0.203125 -124.515625 1 0 1
maps_rp_surdonoso_realworldtextures_floor_mixtile_solid_white_1424_14430_314
0 1 -126 10 0 0 -1 -0.109375 -124.421875 1 0 1
0 -11 -114 10 0 0 -1 -0.203125 -124.515625 1 0 1
0 1 -114 10 0 0 -1 -0.203125 -124.421875 1 0 1
maps_rp_surdonoso_realworldtextures_floor_mixtile_solid_white_1424_14430_314
0 -11 -126 12 0 0 1 -0.109375 -124.515625 1 0 1
0 1 -126 12 0 0 1 -0.109375 -124.421875 1 0 1
0 1 -114 12 0 0 1 -0.203125 -124.421875 1 0 1
maps_rp_surdonoso_realworldtextures_floor_mixtile_solid_white_1424_14430_314
0 -11 -126 12 0 0 1 -0.109375 -124.515625 1 0 1
0 1 -114 12 0 0 1 -0.203125 -124.421875 1 0 1
0 -11 -114 12 0 0 1 -0.203125 -124.515625 1 0 1
maps_rp_surdonoso_realworldtextures_floor_mixtile_solid_white_1424_14430_314
0 1 -114 10 0 1 0 -125.421875 -0.75 1 0 1
0 -11 -114 10 0 1 0 -125.515625 -0.75 1 0 1
0 -11 -114 12 0 1 0 -125.515625 -0.734375 1 0 1
maps_rp_surdonoso_realworldtextures_floor_mixtile_solid_white_1424_14430_314
0 1 -114 10 0 1 0 -125.421875 -0.75 1 0 1
0 -11 -114 12 0 1 0 -125.515625 -0.734375 1 0 1
0 1 -114 12 0 1 0 -125.421875 -0.734375 1 0 1
maps_rp_surdonoso_realworldtextures_floor_mixtile_solid_white_1424_14430_314
0 1 -126 12 0 -1 0 -125.421875 -0.734375 1 0 1
0 -11 -126 12 0 -1 0 -125.515625 -0.734375 1 0 1
0 -11 -126 10 0 -1 0 -125.515625 -0.75 1 0 1
maps_rp_surdonoso_realworldtextures_floor_mixtile_solid_white_1424_14430_314
0 1 -126 12 0 -1 0 -125.421875 -0.734375 1 0 1
0 -11 -126 10 0 -1 0 -125.515625 -0.75 1 0 1
0 1 -126 10 0 -1 0 -125.421875 -0.75 1 0 1
maps_rp_surdonoso_realworldtextures_floor_mixtile_solid_white_1424_14430_314
0 1 -126 10 1 0 0 -0.109375 -0.75 1 0 1
0 1 -114 10 1 0 0 -0.203125 -0.75 1 0 1
0 1 -114 12 1 0 0 -0.203125 -0.734375 1 0 1
maps_rp_surdonoso_realworldtextures_floor_mixtile_solid_white_1424_14430_314
0 1 -126 10 1 0 0 -0.109375 -0.75 1 0 1
0 1 -114 12 1 0 0 -0.203125 -0.734375 1 0 1
0 1 -126 12 1 0 0 -0.109375 -0.734375 1 0 1
maps_rp_surdonoso_realworldtextures_floor_mixtile_solid_white_1424_14430_314
0 -11 -126 12 -1 0 0 -0.109375 -0.734375 1 0 1
0 -11 -114 12 -1 0 0 -0.203125 -0.734375 1 0 1
0 -11 -114 10 -1 0 0 -0.203125 -0.75 1 0 1
maps_rp_surdonoso_realworldtextures_floor_mixtile_solid_white_1424_14430_314
0 -11 -126 12 -1 0 0 -0.109375 -0.734375 1 0 1
0 -11 -114 10 -1 0 0 -0.203125 -0.75 1 0 1
0 -11 -126 10 -1 0 0 -0.109375 -0.75 1 0 1
maps_rp_surdonoso_realworldtextures_floor_mixtile_solid_white_1424_14430_314
0 -13 -128 10 0 0 1 -0.09375 -124.53125 1 0 1
0 3 -128 10 0 0 1 -0.09375 -124.40625 1 0 1
0 3 -112 10 0 0 1 -0.21875 -124.40625 1 0 1
maps_rp_surdonoso_realworldtextures_floor_mixtile_solid_white_1424_14430_314
0 -13 -128 10 0 0 1 -0.09375 -124.53125 1 0 1
0 3 -112 10 0 0 1 -0.21875 -124.40625 1 0 1
0 -13 -112 10 0 0 1 -0.21875 -124.53125 1 0 1
maps_rp_surdonoso_realworldtextures_floor_mixtile_solid_white_1424_14430_314
0 3 -112 6 0 1 0 -125.40625 -0.78125 1 0 1
0 -13 -112 6 0 1 0 -125.53125 -0.78125 1 0 1
0 -13 -112 10 0 1 0 -125.53125 -0.75 1 0 1
maps_rp_surdonoso_realworldtextures_floor_mixtile_solid_white_1424_14430_314
0 3 -112 6 0 1 0 -125.40625 -0.78125 1 0 1
0 -13 -112 10 0 1 0 -125.53125 -0.75 1 0 1
0 3 -112 10 0 1 0 -125.40625 -0.75 1 0 1
maps_rp_surdonoso_realworldtextures_floor_mixtile_solid_white_1424_14430_314
0 3 -128 10 0 -1 0 -125.40625 -0.75 1 0 1
0 -13 -128 10 0 -1 0 -125.53125 -0.75 1 0 1
0 -13 -128 6 0 -1 0 -125.53125 -0.78125 1 0 1
maps_rp_surdonoso_realworldtextures_floor_mixtile_solid_white_1424_14430_314
0 3 -128 10 0 -1 0 -125.40625 -0.75 1 0 1
0 -13 -128 6 0 -1 0 -125.53125 -0.78125 1 0 1
0 3 -128 6 0 -1 0 -125.40625 -0.78125 1 0 1
maps_rp_surdonoso_realworldtextures_floor_mixtile_solid_white_1424_14430_314
0 3 -128 6 1 0 0 -0.09375 -0.78125 1 0 1
0 3 -112 6 1 0 0 -0.21875 -0.78125 1 0 1
0 3 -112 10 1 0 0 -0.21875 -0.75 1 0 1
maps_rp_surdonoso_realworldtextures_floor_mixtile_solid_white_1424_14430_314
0 3 -128 6 1 0 0 -0.09375 -0.78125 1 0 1
0 3 -112 10 1 0 0 -0.21875 -0.75 1 0 1
0 3 -128 10 1 0 0 -0.09375 -0.75 1 0 1
maps_rp_surdonoso_realworldtextures_floor_mixtile_solid_white_1424_14430_314
0 -13 -128 10 -1 0 0 -0.09375 -0.75 1 0 1
0 -13 -112 10 -1 0 0 -0.21875 -0.75 1 0 1
0 -13 -112 6 -1 0 0 -0.21875 -0.78125 1 0 1
maps_rp_surdonoso_realworldtextures_floor_mixtile_solid_white_1424_14430_314
0 -13 -128 10 -1 0 0 -0.09375 -0.75 1 0 1
0 -13 -112 6 -1 0 0 -0.21875 -0.78125 1 0 1
0 -13 -128 6 -1 0 0 -0.09375 -0.78125 1 0 1
maps_rp_surdonoso_realworldtextures_floor_mixtile_solid_white_1424_14430_314
0 3 -112 31 0 0 -1 -0.21875 -124.40625 1 0 1
0 -13 -112 31 0 0 -1 -0.21875 -124.53125 1 0 1
0 -13 -96 31 0 0 -1 -0.34375 -124.53125 1 0 1
maps_rp_surdonoso_realworldtextures_floor_mixtile_solid_white_1424_14430_314
0 3 -112 31 0 0 -1 -0.21875 -124.40625 1 0 1
0 -13 -96 31 0 0 -1 -0.34375 -124.53125 1 0 1
0 3 -96 31 0 0 -1 -0.34375 -124.40625 1 0 1
maps_rp_surdonoso_realworldtextures_floor_mixtile_solid_white_1424_14430_314
0 -13 -112 35 0 0 1 -0.21875 -124.53125 1 0 1
0 3 -112 35 0 0 1 -0.21875 -124.40625 1 0 1
0 3 -96 35 0 0 1 -0.34375 -124.40625 1 0 1
maps_rp_surdonoso_realworldtextures_floor_mixtile_solid_white_1424_14430_314
0 -13 -112 35 0 0 1 -0.21875 -124.53125 1 0 1
0 3 -96 35 0 0 1 -0.34375 -124.40625 1 0 1
0 -13 -96 35 0 0 1 -0.34375 -124.53125 1 0 1
maps_rp_surdonoso_realworldtextures_floor_mixtile_solid_white_1424_14430_314
0 3 -96 31 0 1 0 -125.40625 -0.585938 1 0 1
0 -13 -96 31 0 1 0 -125.53125 -0.585938 1 0 1
0 -13 -96 35 0 1 0 -125.53125 -0.554688 1 0 1
maps_rp_surdonoso_realworldtextures_floor_mixtile_solid_white_1424_14430_314
0 3 -96 31 0 1 0 -125.40625 -0.585938 1 0 1
0 -13 -96 35 0 1 0 -125.53125 -0.554688 1 0 1
0 3 -96 35 0 1 0 -125.40625 -0.554688 1 0 1
maps_rp_surdonoso_realworldtextures_floor_mixtile_solid_white_1424_14430_314
0 3 -112 35 0 -1 0 -125.40625 -0.554688 1 0 1
0 -13 -112 35 0 -1 0 -125.53125 -0.554688 1 0 1
0 -13 -112 31 0 -1 0 -125.53125 -0.585938 1 0 1
maps_rp_surdonoso_realworldtextures_floor_mixtile_solid_white_1424_14430_314
0 3 -112 35 0 -1 0 -125.40625 -0.554688 1 0 1
0 -13 -112 31 0 -1 0 -125.53125 -0.585938 1 0 1
0 3 -112 31 0 -1 0 -125.40625 -0.585938 1 0 1
maps_rp_surdonoso_realworldtextures_floor_mixtile_solid_white_1424_14430_314
0 3 -112 31 1 0 0 -0.21875 -0.585938 1 0 1
0 3 -96 31 1 0 0 -0.34375 -0.585938 1 0 1
0 3 -96 35 1 0 0 -0.34375 -0.554688 1 0 1
maps_rp_surdonoso_realworldtextures_floor_mixtile_solid_white_1424_14430_314
0 3 -112 31 1 0 0 -0.21875 -0.585938 1 0 1
0 3 -96 35 1 0 0 -0.34375 -0.554688 1 0 1
0 3 -112 35 1 0 0 -0.21875 -0.554688 1 0 1
maps_rp_surdonoso_realworldtextures_floor_mixtile_solid_white_1424_14430_314
0 -13 -112 35 -1 0 0 -0.21875 -0.554688 1 0 1
0 -13 -96 35 -1 0 0 -0.34375 -0.554688 1 0 1
0 -13 -96 31 -1 0 0 -0.34375 -0.585938 1 0 1
maps_rp_surdonoso_realworldtextures_floor_mixtile_solid_white_1424_14430_314
0 -13 -112 35 -1 0 0 -0.21875 -0.554688 1 0 1
0 -13 -96 31 -1 0 0 -0.34375 -0.585938 1 0 1
0 -13 -112 31 -1 0 0 -0.21875 -0.585938 1 0 1
maps_rp_surdonoso_realworldtextures_floor_mixtile_solid_white_1424_14430_314
0 1 -110 10 0 0 -1 -0.234375 -124.421875 1 0 1
0 -11 -110 10 0 0 -1 -0.234375 -124.515625 1 0 1
0 -11 -98 10 0 0 -1 -0.328125 -124.515625 1 0 1
maps_rp_surdonoso_realworldtextures_floor_mixtile_solid_white_1424_14430_314
0 1 -110 10 0 0 -1 -0.234375 -124.421875 1 0 1
0 -11 -98 10 0 0 -1 -0.328125 -124.515625 1 0 1
0 1 -98 10 0 0 -1 -0.328125 -124.421875 1 0 1
maps_rp_surdonoso_realworldtextures_floor_mixtile_solid_white_1424_14430_314
0 -11 -110 12 0 0 1 -0.234375 -124.515625 1 0 1
0 1 -110 12 0 0 1 -0.234375 -124.421875 1 0 1
0 1 -98 12 0 0 1 -0.328125 -124.421875 1 0 1
maps_rp_surdonoso_realworldtextures_floor_mixtile_solid_white_1424_14430_314
0 -11 -110 12 0 0 1 -0.234375 -124.515625 1 0 1
0 1 -98 12 0 0 1 -0.328125 -124.421875 1 0 1
0 -11 -98 12 0 0 1 -0.328125 -124.515625 1 0 1
maps_rp_surdonoso_realworldtextures_floor_mixtile_solid_white_1424_14430_314
0 1 -98 10 0 1 0 -125.421875 -0.75 1 0 1
0 -11 -98 10 0 1 0 -125.515625 -0.75 1 0 1
0 -11 -98 12 0 1 0 -125.515625 -0.734375 1 0 1
maps_rp_surdonoso_realworldtextures_floor_mixtile_solid_white_1424_14430_314
0 1 -98 10 0 1 0 -125.421875 -0.75 1 0 1
0 -11 -98 12 0 1 0 -125.515625 -0.734375 1 0 1
0 1 -98 12 0 1 0 -125.421875 -0.734375 1 0 1
maps_rp_surdonoso_realworldtextures_floor_mixtile_solid_white_1424_14430_314
0 1 -110 12 0 -1 0 -125.421875 -0.734375 1 0 1
0 -11 -110 12 0 -1 0 -125.515625 -0.734375 1 0 1
0 -11 -110 10 0 -1 0 -125.515625 -0.75 1 0 1
maps_rp_surdonoso_realworldtextures_floor_mixtile_solid_white_1424_14430_314
0 1 -110 12 0 -1 0 -125.421875 -0.734375 1 0 1
0 -11 -110 10 0 -1 0 -125.515625 -0.75 1 0 1
0 1 -110 10 0 -1 0 -125.421875 -0.75 1 0 1
maps_rp_surdonoso_realworldtextures_floor_mixtile_solid_white_1424_14430_314
0 1 -110 10 1 0 0 -0.234375 -0.75 1 0 1
0 1 -98 10 1 0 0 -0.328125 -0.75 1 0 1
0 1 -98 12 1 0 0 -0.328125 -0.734375 1 0 1
maps_rp_surdonoso_realworldtextures_floor_mixtile_solid_white_1424_14430_314
0 1 -110 10 1 0 0 -0.234375 -0.75 1 0 1
0 1 -98 12 1 0 0 -0.328125 -0.734375 1 0 1
0 1 -110 12 1 0 0 -0.234375 -0.734375 1 0 1
maps_rp_surdonoso_realworldtextures_floor_mixtile_solid_white_1424_14430_314
0 -11 -110 12 -1 0 0 -0.234375 -0.734375 1 0 1
0 -11 -98 12 -1 0 0 -0.328125 -0.734375 1 0 1
0 -11 -98 10 -1 0 0 -0.328125 -0.75 1 0 1
maps_rp_surdonoso_realworldtextures_floor_mixtile_solid_white_1424_14430_314
0 -11 -110 12 -1 0 0 -0.234375 -0.734375 1 0 1
0 -11 -98 10 -1 0 0 -0.328125 -0.75 1 0 1
0 -11 -110 10 -1 0 0 -0.234375 -0.75 1 0 1
maps_rp_surdonoso_realworldtextures_floor_mixtile_solid_white_1424_14430_314
0 -13 -112 10 0 0 1 -0.21875 -124.53125 1 0 1
0 3 -112 10 0 0 1 -0.21875 -124.40625 1 0 1
0 3 -96 10 0 0 1 -0.34375 -124.40625 1 0 1
maps_rp_surdonoso_realworldtextures_floor_mixtile_solid_white_1424_14430_314
0 -13 -112 10 0 0 1 -0.21875 -124.53125 1 0 1
0 3 -96 10 0 0 1 -0.34375 -124.40625 1 0 1
0 -13 -96 10 0 0 1 -0.34375 -124.53125 1 0 1
maps_rp_surdonoso_realworldtextures_floor_mixtile_solid_white_1424_14430_314
0 3 -96 6 0 1 0 -125.40625 -0.78125 1 0 1
0 -13 -96 6 0 1 0 -125.53125 -0.78125 1 0 1
0 -13 -96 10 0 1 0 -125.53125 -0.75 1 0 1
maps_rp_surdonoso_realworldtextures_floor_mixtile_solid_white_1424_14430_314
0 3 -96 6 0 1 0 -125.40625 -0.78125 1 0 1
0 -13 -96 10 0 1 0 -125.53125 -0.75 1 0 1
0 3 -96 10 0 1 0 -125.40625 -0.75 1 0 1
maps_rp_surdonoso_realworldtextures_floor_mixtile_solid_white_1424_14430_314
0 3 -112 10 0 -1 0 -125.40625 -0.75 1 0 1
0 -13 -112 10 0 -1 0 -125.53125 -0.75 1 0 1
0 -13 -112 6 0 -1 0 -125.53125 -0.78125 1 0 1
maps_rp_surdonoso_realworldtextures_floor_mixtile_solid_white_1424_14430_314
0 3 -112 10 0 -1 0 -125.40625 -0.75 1 0 1
0 -13 -112 6 0 -1 0 -125.53125 -0.78125 1 0 1
0 3 -112 6 0 -1 0 -125.40625 -0.78125 1 0 1
maps_rp_surdonoso_realworldtextures_floor_mixtile_solid_white_1424_14430_314
0 3 -112 6 1 0 0 -0.21875 -0.78125 1 0 1
0 3 -96 6 1 0 0 -0.34375 -0.78125 1 0 1
0 3 -96 10 1 0 0 -0.34375 -0.75 1 0 1
maps_rp_surdonoso_realworldtextures_floor_mixtile_solid_white_1424_14430_314
0 3 -112 6 1 0 0 -0.21875 -0.78125 1 0 1
0 3 -96 10 1 0 0 -0.34375 -0.75 1 0 1
0 3 -112 10 1 0 0 -0.21875 -0.75 1 0 1
maps_rp_surdonoso_realworldtextures_floor_mixtile_solid_white_1424_14430_314
0 -13 -112 10 -1 0 0 -0.21875 -0.75 1 0 1
0 -13 -96 10 -1 0 0 -0.34375 -0.75 1 0 1
0 -13 -96 6 -1 0 0 -0.34375 -0.78125 1 0 1
maps_rp_surdonoso_realworldtextures_floor_mixtile_solid_white_1424_14430_314
0 -13 -112 10 -1 0 0 -0.21875 -0.75 1 0 1
0 -13 -96 6 -1 0 0 -0.34375 -0.78125 1 0 1
0 -13 -112 6 -1 0 0 -0.21875 -0.78125 1 0 1
maps_rp_surdonoso_realworldtextures_floor_mixtile_solid_white_1424_14430_314
0 -9 -108 29 0 0 1 -0.25 -124.5 1 0 1
0 -1 -108 29 0 0 1 -0.25 -124.4375 1 0 1
0 -1 -100 29 0 0 1 -0.3125 -124.4375 1 0 1
maps_rp_surdonoso_realworldtextures_floor_mixtile_solid_white_1424_14430_314
0 -9 -108 29 0 0 1 -0.25 -124.5 1 0 1
0 -1 -100 29 0 0 1 -0.3125 -124.4375 1 0 1
0 -9 -100 29 0 0 1 -0.3125 -124.5 1 0 1
maps_rp_surdonoso_realworldtextures_floor_mixtile_solid_white_1424_14430_314
0 -1 -108 12 0 0 -1 -0.25 -124.4375 1 0 1
0 -9 -108 12 0 0 -1 -0.25 -124.5 1 0 1
0 -9 -100 12 0 0 -1 -0.3125 -124.5 1 0 1
maps_rp_surdonoso_realworldtextures_floor_mixtile_solid_white_1424_14430_314
0 -1 -108 12 0 0 -1 -0.25 -124.4375 1 0 1
0 -9 -100 12 0 0 -1 -0.3125 -124.5 1 0 1
0 -1 -100 12 0 0 -1 -0.3125 -124.4375 1 0 1
maps_rp_surdonoso_realworldtextures_floor_mixtile_solid_white_1424_14430_314
0 -1 -100 12 0 1 0 -125.4375 -0.734375 1 0 1
0 -9 -100 12 0 1 0 -125.5 -0.734375 1 0 1
0 -9 -100 29 0 1 0 -125.5 -0.601562 1 0 1
maps_rp_surdonoso_realworldtextures_floor_mixtile_solid_white_1424_14430_314
0 -1 -100 12 0 1 0 -125.4375 -0.734375 1 0 1
0 -9 -100 29 0 1 0 -125.5 -0.601562 1 0 1
0 -1 -100 29 0 1 0 -125.4375 -0.601562 1 0 1
maps_rp_surdonoso_realworldtextures_floor_mixtile_solid_white_1424_14430_314
0 -1 -108 29 0 -1 0 -125.4375 -0.601562 1 0 1
0 -9 -108 29 0 -1 0 -125.5 -0.601562 1 0 1
0 -9 -108 12 0 -1 0 -125.5 -0.734375 1 0 1
maps_rp_surdonoso_realworldtextures_floor_mixtile_solid_white_1424_14430_314
0 -1 -108 29 0 -1 0 -125.4375 -0.601562 1 0 1
0 -9 -108 12 0 -1 0 -125.5 -0.734375 1 0 1
0 -1 -108 12 0 -1 0 -125.4375 -0.734375 1 0 1
maps_rp_surdonoso_realworldtextures_floor_mixtile_solid_white_1424_14430_314
0 -1 -108 12 1 0 0 -0.25 -0.734375 1 0 1
0 -1 -100 12 1 0 0 -0.3125 -0.734375 1 0 1
0 -1 -100 29 1 0 0 -0.3125 -0.601562 1 0 1
maps_rp_surdonoso_realworldtextures_floor_mixtile_solid_white_1424_14430_314
0 -1 -108 12 1 0 0 -0.25 -0.734375 1 0 1
0 -1 -100 29 1 0 0 -0.3125 -0.601562 1 0 1
0 -1 -108 29 1 0 0 -0.25 -0.601562 1 0 1
maps_rp_surdonoso_realworldtextures_floor_mixtile_solid_white_1424_14430_314
0 -9 -108 29 -1 0 0 -0.25 -0.601562 1 0 1
0 -9 -100 29 -1 0 0 -0.3125 -0.601562 1 0 1
0 -9 -100 12 -1 0 0 -0.3125 -0.734375 1 0 1
maps_rp_surdonoso_realworldtextures_floor_mixtile_solid_white_1424_14430_314
0 -9 -108 29 -1 0 0 -0.25 -0.601562 1 0 1
0 -9 -100 12 -1 0 0 -0.3125 -0.734375 1 0 1
0 -9 -108 12 -1 0 0 -0.25 -0.734375 1 0 1
maps_rp_surdonoso_realworldtextures_floor_mixtile_solid_white_1424_14430_314
0 1 -110 29 0 0 -1 -0.234375 -124.421875 1 0 1
0 -11 -110 29 0 0 -1 -0.234375 -124.515625 1 0 1
0 -11 -98 29 0 0 -1 -0.328125 -124.515625 1 0 1
maps_rp_surdonoso_realworldtextures_floor_mixtile_solid_white_1424_14430_314
0 1 -110 29 0 0 -1 -0.234375 -124.421875 1 0 1
0 -11 -98 29 0 0 -1 -0.328125 -124.515625 1 0 1
0 1 -98 29 0 0 -1 -0.328125 -124.421875 1 0 1
maps_rp_surdonoso_realworldtextures_floor_mixtile_solid_white_1424_14430_314
0 -11 -110 31 0 0 1 -0.234375 -124.515625 1 0 1
0 1 -110 31 0 0 1 -0.234375 -124.421875 1 0 1
0 1 -98 31 0 0 1 -0.328125 -124.421875 1 0 1
maps_rp_surdonoso_realworldtextures_floor_mixtile_solid_white_1424_14430_314
0 -11 -110 31 0 0 1 -0.234375 -124.515625 1 0 1
0 1 -98 31 0 0 1 -0.328125 -124.421875 1 0 1
0 -11 -98 31 0 0 1 -0.328125 -124.515625 1 0 1
maps_rp_surdonoso_realworldtextures_floor_mixtile_solid_white_1424_14430_314
0 1 -98 29 0 1 0 -125.421875 -0.601562 1 0 1
0 -11 -98 29 0 1 0 -125.515625 -0.601562 1 0 1
0 -11 -98 31 0 1 0 -125.515625 -0.585938 1 0 1
maps_rp_surdonoso_realworldtextures_floor_mixtile_solid_white_1424_14430_314
0 1 -98 29 0 1 0 -125.421875 -0.601562 1 0 1
0 -11 -98 31 0 1 0 -125.515625 -0.585938 1 0 1
0 1 -98 31 0 1 0 -125.421875 -0.585938 1 0 1
maps_rp_surdonoso_realworldtextures_floor_mixtile_solid_white_1424_14430_314
0 1 -110 31 0 -1 0 -125.421875 -0.585938 1 0 1
0 -11 -110 31 0 -1 0 -125.515625 -0.585938 1 0 1
0 -11 -110 29 0 -1 0 -125.515625 -0.601562 1 0 1
maps_rp_surdonoso_realworldtextures_floor_mixtile_solid_white_1424_14430_314
0 1 -110 31 0 -1 0 -125.421875 -0.585938 1 0 1
0 -11 -110 29 0 -1 0 -125.515625 -0.601562 1 0 1
0 1 -110 29 0 -1 0 -125.421875 -0.601562 1 0 1
maps_rp_surdonoso_realworldtextures_floor_mixtile_solid_white_1424_14430_314
0 1 -110 29 1 0 0 -0.234375 -0.601562 1 0 1
0 1 -98 29 1 0 0 -0.328125 -0.601562 1 0 1
0 1 -98 31 1 0 0 -0.328125 -0.585938 1 0 1
maps_rp_surdonoso_realworldtextures_floor_mixtile_solid_white_1424_14430_314
0 1 -110 29 1 0 0 -0.234375 -0.601562 1 0 1
0 1 -98 31 1 0 0 -0.328125 -0.585938 1 0 1
0 1 -110 31 1 0 0 -0.234375 -0.585938 1 0 1
maps_rp_surdonoso_realworldtextures_floor_mixtile_solid_white_1424_14430_314
0 -11 -110 31 -1 0 0 -0.234375 -0.585938 1 0 1
0 -11 -98 31 -1 0 0 -0.328125 -0.585938 1 0 1
0 -11 -98 29 -1 0 0 -0.328125 -0.601562 1 0 1
maps_rp_surdonoso_realworldtextures_floor_mixtile_solid_white_1424_14430_314
0 -11 -110 31 -1 0 0 -0.234375 -0.585938 1 0 1
0 -11 -98 29 -1 0 0 -0.328125 -0.601562 1 0 1
0 -11 -110 29 -1 0 0 -0.234375 -0.601562 1 0 1
maps_rp_surdonoso_realworldtextures_floor_mixtile_solid_white_1424_14430_314
0 3 -96 31 0 0 -1 -0.34375 -124.40625 1 0 1
0 -13 -96 31 0 0 -1 -0.34375 -124.53125 1 0 1
0 -13 -80 31 0 0 -1 -0.46875 -124.53125 1 0 1
maps_rp_surdonoso_realworldtextures_floor_mixtile_solid_white_1424_14430_314
0 3 -96 31 0 0 -1 -0.34375 -124.40625 1 0 1
0 -13 -80 31 0 0 -1 -0.46875 -124.53125 1 0 1
0 3 -80 31 0 0 -1 -0.46875 -124.40625 1 0 1
maps_rp_surdonoso_realworldtextures_floor_mixtile_solid_white_1424_14430_314
0 -13 -96 35 0 0 1 -0.34375 -124.53125 1 0 1
0 3 -96 35 0 0 1 -0.34375 -124.40625 1 0 1
0 3 -80 35 0 0 1 -0.46875 -124.40625 1 0 1
maps_rp_surdonoso_realworldtextures_floor_mixtile_solid_white_1424_14430_314
0 -13 -96 35 0 0 1 -0.34375 -124.53125 1 0 1
0 3 -80 35 0 0 1 -0.46875 -124.40625 1 0 1
0 -13 -80 35 0 0 1 -0.46875 -124.53125 1 0 1
maps_rp_surdonoso_realworldtextures_floor_mixtile_solid_white_1424_14430_314
0 3 -80 31 0 1 0 -125.40625 -0.585938 1 0 1
0 -13 -80 31 0 1 0 -125.53125 -0.585938 1 0 1
0 -13 -80 35 0 1 0 -125.53125 -0.554688 1 0 1
maps_rp_surdonoso_realworldtextures_floor_mixtile_solid_white_1424_14430_314
0 3 -80 31 0 1 0 -125.40625 -0.585938 1 0 1
0 -13 -80 35 0 1 0 -125.53125 -0.554688 1 0 1
0 3 -80 35 0 1 0 -125.40625 -0.554688 1 0 1
maps_rp_surdonoso_realworldtextures_floor_mixtile_solid_white_1424_14430_314
0 3 -96 35 0 -1 0 -125.40625 -0.554688 1 0 1
0 -13 -96 35 0 -1 0 -125.53125 -0.554688 1 0 1
0 -13 -96 31 0 -1 0 -125.53125 -0.585938 1 0 1
maps_rp_surdonoso_realworldtextures_floor_mixtile_solid_white_1424_14430_314
0 3 -96 35 0 -1 0 -125.40625 -0.554688 1 0 1
0 -13 -96 31 0 -1 0 -125.53125 -0.585938 1 0 1
0 3 -96 31 0 -1 0 -125.40625 -0.585938 1 0 1
maps_rp_surdonoso_realworldtextures_floor_mixtile_solid_white_1424_14430_314
0 3 -96 31 1 0 0 -0.34375 -0.585938 1 0 1
0 3 -80 31 1 0 0 -0.46875 -0.585938 1 0 1
0 3 -80 35 1 0 0 -0.46875 -0.554688 1 0 1
maps_rp_surdonoso_realworldtextures_floor_mixtile_solid_white_1424_14430_314
0 3 -96 31 1 0 0 -0.34375 -0.585938 1 0 1
0 3 -80 35 1 0 0 -0.46875 -0.554688 1 0 1
0 3 -96 35 1 0 0 -0.34375 -0.554688 1 0 1
maps_rp_surdonoso_realworldtextures_floor_mixtile_solid_white_1424_14430_314
0 -13 -96 35 -1 0 0 -0.34375 -0.554688 1 0 1
0 -13 -80 35 -1 0 0 -0.46875 -0.554688 1 0 1
0 -13 -80 31 -1 0 0 -0.46875 -0.585938 1 0 1
maps_rp_surdonoso_realworldtextures_floor_mixtile_solid_white_1424_14430_314
0 -13 -96 35 -1 0 0 -0.34375 -0.554688 1 0 1
0 -13 -80 31 -1 0 0 -0.46875 -0.585938 1 0 1
0 -13 -96 31 -1 0 0 -0.34375 -0.585938 1 0 1
maps_rp_surdonoso_realworldtextures_floor_mixtile_solid_white_1424_14430_314
0 1 -94 10 0 0 -1 -0.359375 -124.421875 1 0 1
0 -11 -94 10 0 0 -1 -0.359375 -124.515625 1 0 1
0 -11 -82 10 0 0 -1 -0.453125 -124.515625 1 0 1
maps_rp_surdonoso_realworldtextures_floor_mixtile_solid_white_1424_14430_314
0 1 -94 10 0 0 -1 -0.359375 -124.421875 1 0 1
0 -11 -82 10 0 0 -1 -0.453125 -124.515625 1 0 1
0 1 -82 10 0 0 -1 -0.453125 -124.421875 1 0 1
maps_rp_surdonoso_realworldtextures_floor_mixtile_solid_white_1424_14430_314
0 -11 -94 12 0 0 1 -0.359375 -124.515625 1 0 1
0 1 -94 12 0 0 1 -0.359375 -124.421875 1 0 1
0 1 -82 12 0 0 1 -0.453125 -124.421875 1 0 1
maps_rp_surdonoso_realworldtextures_floor_mixtile_solid_white_1424_14430_314
0 -11 -94 12 0 0 1 -0.359375 -124.515625 1 0 1
0 1 -82 12 0 0 1 -0.453125 -124.421875 1 0 1
0 -11 -82 12 0 0 1 -0.453125 -124.515625 1 0 1
maps_rp_surdonoso_realworldtextures_floor_mixtile_solid_white_1424_14430_314
0 1 -82 10 0 1 0 -125.421875 -0.75 1 0 1
0 -11 -82 10 0 1 0 -125.515625 -0.75 1 0 1
0 -11 -82 12 0 1 0 -125.515625 -0.734375 1 0 1
maps_rp_surdonoso_realworldtextures_floor_mixtile_solid_white_1424_14430_314
0 1 -82 10 0 1 0 -125.421875 -0.75 1 0 1
0 -11 -82 12 0 1 0 -125.515625 -0.734375 1 0 1
0 1 -82 12 0 1 0 -125.421875 -0.734375 1 0 1
maps_rp_surdonoso_realworldtextures_floor_mixtile_solid_white_1424_14430_314
0 1 -94 12 0 -1 0 -125.421875 -0.734375 1 0 1
0 -11 -94 12 0 -1 0 -125.515625 -0.734375 1 0 1
0 -11 -94 10 0 -1 0 -125.515625 -0.75 1 0 1
maps_rp_surdonoso_realworldtextures_floor_mixtile_solid_white_1424_14430_314
0 1 -94 12 0 -1 0 -125.421875 -0.734375 1 0 1
0 -11 -94 10 0 -1 0 -125.515625 -0.75 1 0 1
0 1 -94 10 0 -1 0 -125.421875 -0.75 1 0 1
maps_rp_surdonoso_realworldtextures_floor_mixtile_solid_white_1424_14430_314
0 1 -94 10 1 0 0 -0.359375 -0.75 1 0 1
0 1 -82 10 1 0 0 -0.453125 -0.75 1 0 1
0 1 -82 12 1 0 0 -0.453125 -0.734375 1 0 1
maps_rp_surdonoso_realworldtextures_floor_mixtile_solid_white_1424_14430_314
0 1 -94 10 1 0 0 -0.359375 -0.75 1 0 1
0 1 -82 12 1 0 0 -0.453125 -0.734375 1 0 1
0 1 -94 12 1 0 0 -0.359375 -0.734375 1 0 1
maps_rp_surdonoso_realworldtextures_floor_mixtile_solid_white_1424_14430_314
0 -11 -94 12 -1 0 0 -0.359375 -0.734375 1 0 1
0 -11 -82 12 -1 0 0 -0.453125 -0.734375 1 0 1
0 -11 -82 10 -1 0 0 -0.453125 -0.75 1 0 1
maps_rp_surdonoso_realworldtextures_floor_mixtile_solid_white_1424_14430_314
0 -11 -94 12 -1 0 0 -0.359375 -0.734375 1 0 1
0 -11 -82 10 -1 0 0 -0.453125 -0.75 1 0 1
0 -11 -94 10 -1 0 0 -0.359375 -0.75 1 0 1
maps_rp_surdonoso_realworldtextures_floor_mixtile_solid_white_1424_14430_314
0 -13 -96 10 0 0 1 -0.34375 -124.53125 1 0 1
0 3 -96 10 0 0 1 -0.34375 -124.40625 1 0 1
0 3 -80 10 0 0 1 -0.46875 -124.40625 1 0 1
maps_rp_surdonoso_realworldtextures_floor_mixtile_solid_white_1424_14430_314
0 -13 -96 10 0 0 1 -0.34375 -124.53125 1 0 1
0 3 -80 10 0 0 1 -0.46875 -124.40625 1 0 1
0 -13 -80 10 0 0 1 -0.46875 -124.53125 1 0 1
maps_rp_surdonoso_realworldtextures_floor_mixtile_solid_white_1424_14430_314
0 3 -80 6 0 1 0 -125.40625 -0.78125 1 0 1
0 -13 -80 6 0 1 0 -125.53125 -0.78125 1 0 1
0 -13 -80 10 0 1 0 -125.53125 -0.75 1 0 1
maps_rp_surdonoso_realworldtextures_floor_mixtile_solid_white_1424_14430_314
0 3 -80 6 0 1 0 -125.40625 -0.78125 1 0 1
0 -13 -80 10 0 1 0 -125.53125 -0.75 1 0 1
0 3 -80 10 0 1 0 -125.40625 -0.75 1 0 1
maps_rp_surdonoso_realworldtextures_floor_mixtile_solid_white_1424_14430_314
0 3 -96 10 0 -1 0 -125.40625 -0.75 1 0 1
0 -13 -96 10 0 -1 0 -125.53125 -0.75 1 0 1
0 -13 -96 6 0 -1 0 -125.53125 -0.78125 1 0 1
maps_rp_surdonoso_realworldtextures_floor_mixtile_solid_white_1424_14430_314
0 3 -96 10 0 -1 0 -125.40625 -0.75 1 0 1
0 -13 -96 6 0 -1 0 -125.53125 -0.78125 1 0 1
0 3 -96 6 0 -1 0 -125.40625 -0.78125 1 0 1
maps_rp_surdonoso_realworldtextures_floor_mixtile_solid_white_1424_14430_314
0 3 -96 6 1 0 0 -0.34375 -0.78125 1 0 1
0 3 -80 6 1 0 0 -0.46875 -0.78125 1 0 1
0 3 -80 10 1 0 0 -0.46875 -0.75 1 0 1
maps_rp_surdonoso_realworldtextures_floor_mixtile_solid_white_1424_14430_314
0 3 -96 6 1 0 0 -0.34375 -0.78125 1 0 1
0 3 -80 10 1 0 0 -0.46875 -0.75 1 0 1
0 3 -96 10 1 0 0 -0.34375 -0.75 1 0 1
maps_rp_surdonoso_realworldtextures_floor_mixtile_solid_white_1424_14430_314
0 -13 -96 10 -1 0 0 -0.34375 -0.75 1 0 1
0 -13 -80 10 -1 0 0 -0.46875 -0.75 1 0 1
0 -13 -80 6 -1 0 0 -0.46875 -0.78125 1 0 1
maps_rp_surdonoso_realworldtextures_floor_mixtile_solid_white_1424_14430_314
0 -13 -96 10 -1 0 0 -0.34375 -0.75 1 0 1
0 -13 -80 6 -1 0 0 -0.46875 -0.78125 1 0 1
0 -13 -96 6 -1 0 0 -0.34375 -0.78125 1 0 1
maps_rp_surdonoso_realworldtextures_floor_mixtile_solid_white_1424_14430_314
0 -9 -92 29 0 0 1 -0.375 -124.5 1 0 1
0 -1 -92 29 0 0 1 -0.375 -124.4375 1 0 1
0 -1 -84 29 0 0 1 -0.4375 -124.4375 1 0 1
maps_rp_surdonoso_realworldtextures_floor_mixtile_solid_white_1424_14430_314
0 -9 -92 29 0 0 1 -0.375 -124.5 1 0 1
0 -1 -84 29 0 0 1 -0.4375 -124.4375 1 0 1
0 -9 -84 29 0 0 1 -0.4375 -124.5 1 0 1
maps_rp_surdonoso_realworldtextures_floor_mixtile_solid_white_1424_14430_314
0 -1 -92 12 0 0 -1 -0.375 -124.4375 1 0 1
0 -9 -92 12 0 0 -1 -0.375 -124.5 1 0 1
0 -9 -84 12 0 0 -1 -0.4375 -124.5 1 0 1
maps_rp_surdonoso_realworldtextures_floor_mixtile_solid_white_1424_14430_314
0 -1 -92 12 0 0 -1 -0.375 -124.4375 1 0 1
0 -9 -84 12 0 0 -1 -0.4375 -124.5 1 0 1
0 -1 -84 12 0 0 -1 -0.4375 -124.4375 1 0 1
maps_rp_surdonoso_realworldtextures_floor_mixtile_solid_white_1424_14430_314
0 -1 -84 12 0 1 0 -125.4375 -0.734375 1 0 1
0 -9 -84 12 0 1 0 -125.5 -0.734375 1 0 1
0 -9 -84 29 0 1 0 -125.5 -0.601562 1 0 1
maps_rp_surdonoso_realworldtextures_floor_mixtile_solid_white_1424_14430_314
0 -1 -84 12 0 1 0 -125.4375 -0.734375 1 0 1
0 -9 -84 29 0 1 0 -125.5 -0.601562 1 0 1
0 -1 -84 29 0 1 0 -125.4375 -0.601562 1 0 1
maps_rp_surdonoso_realworldtextures_floor_mixtile_solid_white_1424_14430_314
0 -1 -92 29 0 -1 0 -125.4375 -0.601562 1 0 1
0 -9 -92 29 0 -1 0 -125.5 -0.601562 1 0 1
0 -9 -92 12 0 -1 0 -125.5 -0.734375 1 0 1
maps_rp_surdonoso_realworldtextures_floor_mixtile_solid_white_1424_14430_314
0 -1 -92 29 0 -1 0 -125.4375 -0.601562 1 0 1
0 -9 -92 12 0 -1 0 -125.5 -0.734375 1 0 1
0 -1 -92 12 0 -1 0 -125.4375 -0.734375 1 0 1
maps_rp_surdonoso_realworldtextures_floor_mixtile_solid_white_1424_14430_314
0 -1 -92 12 1 0 0 -0.375 -0.734375 1 0 1
0 -1 -84 12 1 0 0 -0.4375 -0.734375 1 0 1
0 -1 -84 29 1 0 0 -0.4375 -0.601562 1 0 1
maps_rp_surdonoso_realworldtextures_floor_mixtile_solid_white_1424_14430_314
0 -1 -92 12 1 0 0 -0.375 -0.734375 1 0 1
0 -1 -84 29 1 0 0 -0.4375 -0.601562 1 0 1
0 -1 -92 29 1 0 0 -0.375 -0.601562 1 0 1
maps_rp_surdonoso_realworldtextures_floor_mixtile_solid_white_1424_14430_314
0 -9 -92 29 -1 0 0 -0.375 -0.601562 1 0 1
0 -9 -84 29 -1 0 0 -0.4375 -0.601562 1 0 1
0 -9 -84 12 -1 0 0 -0.4375 -0.734375 1 0 1
maps_rp_surdonoso_realworldtextures_floor_mixtile_solid_white_1424_14430_314
0 -9 -92 29 -1 0 0 -0.375 -0.601562 1 0 1
0 -9 -84 12 -1 0 0 -0.4375 -0.734375 1 0 1
0 -9 -92 12 -1 0 0 -0.375 -0.734375 1 0 1
maps_rp_surdonoso_realworldtextures_floor_mixtile_solid_white_1424_14430_314
0 -13 -64 10 0 0 1 -0.59375 -124.53125 1 0 1
0 3 -64 10 0 0 1 -0.59375 -124.40625 1 0 1
0 3 -48 10 0 0 1 -0.71875 -124.40625 1 0 1
maps_rp_surdonoso_realworldtextures_floor_mixtile_solid_white_1424_14430_314
0 -13 -64 10 0 0 1 -0.59375 -124.53125 1 0 1
0 3 -48 10 0 0 1 -0.71875 -124.40625 1 0 1
0 -13 -48 10 0 0 1 -0.71875 -124.53125 1 0 1
maps_rp_surdonoso_realworldtextures_floor_mixtile_solid_white_1424_14430_314
0 3 -48 6 0 1 0 -125.40625 -0.78125 1 0 1
0 -13 -48 6 0 1 0 -125.53125 -0.78125 1 0 1
0 -13 -48 10 0 1 0 -125.53125 -0.75 1 0 1
maps_rp_surdonoso_realworldtextures_floor_mixtile_solid_white_1424_14430_314
0 3 -48 6 0 1 0 -125.40625 -0.78125 1 0 1
0 -13 -48 10 0 1 0 -125.53125 -0.75 1 0 1
0 3 -48 10 0 1 0 -125.40625 -0.75 1 0 1
maps_rp_surdonoso_realworldtextures_floor_mixtile_solid_white_1424_14430_314
0 3 -64 10 0 -1 0 -125.40625 -0.75 1 0 1
0 -13 -64 10 0 -1 0 -125.53125 -0.75 1 0 1
0 -13 -64 6 0 -1 0 -125.53125 -0.78125 1 0 1
maps_rp_surdonoso_realworldtextures_floor_mixtile_solid_white_1424_14430_314
0 3 -64 10 0 -1 0 -125.40625 -0.75 1 0 1
0 -13 -64 6 0 -1 0 -125.53125 -0.78125 1 0 1
0 3 -64 6 0 -1 0 -125.40625 -0.78125 1 0 1
maps_rp_surdonoso_realworldtextures_floor_mixtile_solid_white_1424_14430_314
0 3 -64 6 1 0 0 -0.59375 -0.78125 1 0 1
0 3 -48 6 1 0 0 -0.71875 -0.78125 1 0 1
0 3 -48 10 1 0 0 -0.71875 -0.75 1 0 1
maps_rp_surdonoso_realworldtextures_floor_mixtile_solid_white_1424_14430_314
0 3 -64 6 1 0 0 -0.59375 -0.78125 1 0 1
0 3 -48 10 1 0 0 -0.71875 -0.75 1 0 1
0 3 -64 10 1 0 0 -0.59375 -0.75 1 0 1
maps_rp_surdonoso_realworldtextures_floor_mixtile_solid_white_1424_14430_314
0 -13 -64 10 -1 0 0 -0.59375 -0.75 1 0 1
0 -13 -48 10 -1 0 0 -0.71875 -0.75 1 0 1
0 -13 -48 6 -1 0 0 -0.71875 -0.78125 1 0 1
maps_rp_surdonoso_realworldtextures_floor_mixtile_solid_white_1424_14430_314
0 -13 -64 10 -1 0 0 -0.59375 -0.75 1 0 1
0 -13 -48 6 -1 0 0 -0.71875 -0.78125 1 0 1
0 -13 -64 6 -1 0 0 -0.59375 -0.78125 1 0 1
maps_rp_surdonoso_realworldtextures_floor_mixtile_solid_white_1424_14430_314
0 1 -94 29 0 0 -1 -0.359375 -124.421875 1 0 1
0 -11 -94 29 0 0 -1 -0.359375 -124.515625 1 0 1
0 -11 -82 29 0 0 -1 -0.453125 -124.515625 1 0 1
maps_rp_surdonoso_realworldtextures_floor_mixtile_solid_white_1424_14430_314
0 1 -94 29 0 0 -1 -0.359375 -124.421875 1 0 1
0 -11 -82 29 0 0 -1 -0.453125 -124.515625 1 0 1
0 1 -82 29 0 0 -1 -0.453125 -124.421875 1 0 1
maps_rp_surdonoso_realworldtextures_floor_mixtile_solid_white_1424_14430_314
0 -11 -94 31 0 0 1 -0.359375 -124.515625 1 0 1
0 1 -94 31 0 0 1 -0.359375 -124.421875 1 0 1
0 1 -82 31 0 0 1 -0.453125 -124.421875 1 0 1
maps_rp_surdonoso_realworldtextures_floor_mixtile_solid_white_1424_14430_314
0 -11 -94 31 0 0 1 -0.359375 -124.515625 1 0 1
0 1 -82 31 0 0 1 -0.453125 -124.421875 1 0 1
0 -11 -82 31 0 0 1 -0.453125 -124.515625 1 0 1
maps_rp_surdonoso_realworldtextures_floor_mixtile_solid_white_1424_14430_314
0 1 -82 29 0 1 0 -125.421875 -0.601562 1 0 1
0 -11 -82 29 0 1 0 -125.515625 -0.601562 1 0 1
0 -11 -82 31 0 1 0 -125.515625 -0.585938 1 0 1
maps_rp_surdonoso_realworldtextures_floor_mixtile_solid_white_1424_14430_314
0 1 -82 29 0 1 0 -125.421875 -0.601562 1 0 1
0 -11 -82 31 0 1 0 -125.515625 -0.585938 1 0 1
0 1 -82 31 0 1 0 -125.421875 -0.585938 1 0 1
maps_rp_surdonoso_realworldtextures_floor_mixtile_solid_white_1424_14430_314
0 1 -94 31 0 -1 0 -125.421875 -0.585938 1 0 1
0 -11 -94 31 0 -1 0 -125.515625 -0.585938 1 0 1
0 -11 -94 29 0 -1 0 -125.515625 -0.601562 1 0 1
maps_rp_surdonoso_realworldtextures_floor_mixtile_solid_white_1424_14430_314
0 1 -94 31 0 -1 0 -125.421875 -0.585938 1 0 1
0 -11 -94 29 0 -1 0 -125.515625 -0.601562 1 0 1
0 1 -94 29 0 -1 0 -125.421875 -0.601562 1 0 1
maps_rp_surdonoso_realworldtextures_floor_mixtile_solid_white_1424_14430_314
0 1 -94 29 1 0 0 -0.359375 -0.601562 1 0 1
0 1 -82 29 1 0 0 -0.453125 -0.601562 1 0 1
0 1 -82 31 1 0 0 -0.453125 -0.585938 1 0 1
maps_rp_surdonoso_realworldtextures_floor_mixtile_solid_white_1424_14430_314
0 1 -94 29 1 0 0 -0.359375 -0.601562 1 0 1
0 1 -82 31 1 0 0 -0.453125 -0.585938 1 0 1
0 1 -94 31 1 0 0 -0.359375 -0.585938 1 0 1
maps_rp_surdonoso_realworldtextures_floor_mixtile_solid_white_1424_14430_314
0 -11 -94 31 -1 0 0 -0.359375 -0.585938 1 0 1
0 -11 -82 31 -1 0 0 -0.453125 -0.585938 1 0 1
0 -11 -82 29 -1 0 0 -0.453125 -0.601562 1 0 1
maps_rp_surdonoso_realworldtextures_floor_mixtile_solid_white_1424_14430_314
0 -11 -94 31 -1 0 0 -0.359375 -0.585938 1 0 1
0 -11 -82 29 -1 0 0 -0.453125 -0.601562 1 0 1
0 -11 -94 29 -1 0 0 -0.359375 -0.601562 1 0 1
maps_rp_surdonoso_realworldtextures_floor_mixtile_solid_white_1424_14430_314
0 3 -80 31 0 0 -1 -0.46875 -124.40625 1 0 1
0 -13 -80 31 0 0 -1 -0.46875 -124.53125 1 0 1
0 -13 -64 31 0 0 -1 -0.59375 -124.53125 1 0 1
maps_rp_surdonoso_realworldtextures_floor_mixtile_solid_white_1424_14430_314
0 3 -80 31 0 0 -1 -0.46875 -124.40625 1 0 1
0 -13 -64 31 0 0 -1 -0.59375 -124.53125 1 0 1
0 3 -64 31 0 0 -1 -0.59375 -124.40625 1 0 1
maps_rp_surdonoso_realworldtextures_floor_mixtile_solid_white_1424_14430_314
0 -13 -80 35 0 0 1 -0.46875 -124.53125 1 0 1
0 3 -80 35 0 0 1 -0.46875 -124.40625 1 0 1
0 3 -64 35 0 0 1 -0.59375 -124.40625 1 0 1
maps_rp_surdonoso_realworldtextures_floor_mixtile_solid_white_1424_14430_314
0 -13 -80 35 0 0 1 -0.46875 -124.53125 1 0 1
0 3 -64 35 0 0 1 -0.59375 -124.40625 1 0 1
0 -13 -64 35 0 0 1 -0.59375 -124.53125 1 0 1
maps_rp_surdonoso_realworldtextures_floor_mixtile_solid_white_1424_14430_314
0 3 -64 31 0 1 0 -125.40625 -0.585938 1 0 1
0 -13 -64 31 0 1 0 -125.53125 -0.585938 1 0 1
0 -13 -64 35 0 1 0 -125.53125 -0.554688 1 0 1
maps_rp_surdonoso_realworldtextures_floor_mixtile_solid_white_1424_14430_314
0 3 -64 31 0 1 0 -125.40625 -0.585938 1 0 1
0 -13 -64 35 0 1 0 -125.53125 -0.554688 1 0 1
0 3 -64 35 0 1 0 -125.40625 -0.554688 1 0 1
maps_rp_surdonoso_realworldtextures_floor_mixtile_solid_white_1424_14430_314
0 3 -80 35 0 -1 0 -125.40625 -0.554688 1 0 1
0 -13 -80 35 0 -1 0 -125.53125 -0.554688 1 0 1
0 -13 -80 31 0 -1 0 -125.53125 -0.585938 1 0 1
maps_rp_surdonoso_realworldtextures_floor_mixtile_solid_white_1424_14430_314
0 3 -80 35 0 -1 0 -125.40625 -0.554688 1 0 1
0 -13 -80 31 0 -1 0 -125.53125 -0.585938 1 0 1
0 3 -80 31 0 -1 0 -125.40625 -0.585938 1 0 1
maps_rp_surdonoso_realworldtextures_floor_mixtile_solid_white_1424_14430_314
0 3 -80 31 1 0 0 -0.46875 -0.585938 1 0 1
0 3 -64 31 1 0 0 -0.59375 -0.585938 1 0 1
0 3 -64 35 1 0 0 -0.59375 -0.554688 1 0 1
maps_rp_surdonoso_realworldtextures_floor_mixtile_solid_white_1424_14430_314
0 3 -80 31 1 0 0 -0.46875 -0.585938 1 0 1
0 3 -64 35 1 0 0 -0.59375 -0.554688 1 0 1
0 3 -80 35 1 0 0 -0.46875 -0.554688 1 0 1
maps_rp_surdonoso_realworldtextures_floor_mixtile_solid_white_1424_14430_314
0 -13 -80 35 -1 0 0 -0.46875 -0.554688 1 0 1
0 -13 -64 35 -1 0 0 -0.59375 -0.554688 1 0 1
0 -13 -64 31 -1 0 0 -0.59375 -0.585938 1 0 1
maps_rp_surdonoso_realworldtextures_floor_mixtile_solid_white_1424_14430_314
0 -13 -80 35 -1 0 0 -0.46875 -0.554688 1 0 1
0 -13 -64 31 -1 0 0 -0.59375 -0.585938 1 0 1
0 -13 -80 31 -1 0 0 -0.46875 -0.585938 1 0 1
maps_rp_surdonoso_realworldtextures_floor_mixtile_solid_white_1424_14430_314
0 -9 -76 29 0 0 1 -0.5 -124.5 1 0 1
0 -1 -76 29 0 0 1 -0.5 -124.4375 1 0 1
0 -1 -68 29 0 0 1 -0.5625 -124.4375 1 0 1
maps_rp_surdonoso_realworldtextures_floor_mixtile_solid_white_1424_14430_314
0 -9 -76 29 0 0 1 -0.5 -124.5 1 0 1
0 -1 -68 29 0 0 1 -0.5625 -124.4375 1 0 1
0 -9 -68 29 0 0 1 -0.5625 -124.5 1 0 1
maps_rp_surdonoso_realworldtextures_floor_mixtile_solid_white_1424_14430_314
0 -1 -76 12 0 0 -1 -0.5 -124.4375 1 0 1
0 -9 -76 12 0 0 -1 -0.5 -124.5 1 0 1
0 -9 -68 12 0 0 -1 -0.5625 -124.5 1 0 1
maps_rp_surdonoso_realworldtextures_floor_mixtile_solid_white_1424_14430_314
0 -1 -76 12 0 0 -1 -0.5 -124.4375 1 0 1
0 -9 -68 12 0 0 -1 -0.5625 -124.5 1 0 1
0 -1 -68 12 0 0 -1 -0.5625 -124.4375 1 0 1
maps_rp_surdonoso_realworldtextures_floor_mixtile_solid_white_1424_14430_314
0 -1 -68 12 0 1 0 -125.4375 -0.734375 1 0 1
0 -9 -68 12 0 1 0 -125.5 -0.734375 1 0 1
0 -9 -68 29 0 1 0 -125.5 -0.601562 1 0 1
maps_rp_surdonoso_realworldtextures_floor_mixtile_solid_white_1424_14430_314
0 -1 -68 12 0 1 0 -125.4375 -0.734375 1 0 1
0 -9 -68 29 0 1 0 -125.5 -0.601562 1 0 1
0 -1 -68 29 0 1 0 -125.4375 -0.601562 1 0 1
maps_rp_surdonoso_realworldtextures_floor_mixtile_solid_white_1424_14430_314
0 -1 -76 29 0 -1 0 -125.4375 -0.601562 1 0 1
0 -9 -76 29 0 -1 0 -125.5 -0.601562 1 0 1
0 -9 -76 12 0 -1 0 -125.5 -0.734375 1 0 1
maps_rp_surdonoso_realworldtextures_floor_mixtile_solid_white_1424_14430_314
0 -1 -76 29 0 -1 0 -125.4375 -0.601562 1 0 1
0 -9 -76 12 0 -1 0 -125.5 -0.734375 1 0 1
0 -1 -76 12 0 -1 0 -125.4375 -0.734375 1 0 1
maps_rp_surdonoso_realworldtextures_floor_mixtile_solid_white_1424_14430_314
0 -1 -76 12 1 0 0 -0.5 -0.734375 1 0 1
0 -1 -68 12 1 0 0 -0.5625 -0.734375 1 0 1
0 -1 -68 29 1 0 0 -0.5625 -0.601562 1 0 1
maps_rp_surdonoso_realworldtextures_floor_mixtile_solid_white_1424_14430_314
0 -1 -76 12 1 0 0 -0.5 -0.734375 1 0 1
0 -1 -68 29 1 0 0 -0.5625 -0.601562 1 0 1
0 -1 -76 29 1 0 0 -0.5 -0.601562 1 0 1
maps_rp_surdonoso_realworldtextures_floor_mixtile_solid_white_1424_14430_314
0 -9 -76 29 -1 0 0 -0.5 -0.601562 1 0 1
0 -9 -68 29 -1 0 0 -0.5625 -0.601562 1 0 1
0 -9 -68 12 -1 0 0 -0.5625 -0.734375 1 0 1
maps_rp_surdonoso_realworldtextures_floor_mixtile_solid_white_1424_14430_314
0 -9 -76 29 -1 0 0 -0.5 -0.601562 1 0 1
0 -9 -68 12 -1 0 0 -0.5625 -0.734375 1 0 1
0 -9 -76 12 -1 0 0 -0.5 -0.734375 1 0 1
maps_rp_surdonoso_realworldtextures_floor_mixtile_solid_white_1424_14430_314
0 1 -78 29 0 0 -1 -0.484375 -124.421875 1 0 1
0 -11 -78 29 0 0 -1 -0.484375 -124.515625 1 0 1
0 -11 -66 29 0 0 -1 -0.578125 -124.515625 1 0 1
maps_rp_surdonoso_realworldtextures_floor_mixtile_solid_white_1424_14430_314
0 1 -78 29 0 0 -1 -0.484375 -124.421875 1 0 1
0 -11 -66 29 0 0 -1 -0.578125 -124.515625 1 0 1
0 1 -66 29 0 0 -1 -0.578125 -124.421875 1 0 1
maps_rp_surdonoso_realworldtextures_floor_mixtile_solid_white_1424_14430_314
0 -11 -78 31 0 0 1 -0.484375 -124.515625 1 0 1
0 1 -78 31 0 0 1 -0.484375 -124.421875 1 0 1
0 1 -66 31 0 0 1 -0.578125 -124.421875 1 0 1
maps_rp_surdonoso_realworldtextures_floor_mixtile_solid_white_1424_14430_314
0 -11 -78 31 0 0 1 -0.484375 -124.515625 1 0 1
0 1 -66 31 0 0 1 -0.578125 -124.421875 1 0 1
0 -11 -66 31 0 0 1 -0.578125 -124.515625 1 0 1
maps_rp_surdonoso_realworldtextures_floor_mixtile_solid_white_1424_14430_314
0 1 -66 29 0 1 0 -125.421875 -0.601562 1 0 1
0 -11 -66 29 0 1 0 -125.515625 -0.601562 1 0 1
0 -11 -66 31 0 1 0 -125.515625 -0.585938 1 0 1
maps_rp_surdonoso_realworldtextures_floor_mixtile_solid_white_1424_14430_314
0 1 -66 29 0 1 0 -125.421875 -0.601562 1 0 1
0 -11 -66 31 0 1 0 -125.515625 -0.585938 1 0 1
0 1 -66 31 0 1 0 -125.421875 -0.585938 1 0 1
maps_rp_surdonoso_realworldtextures_floor_mixtile_solid_white_1424_14430_314
0 1 -78 31 0 -1 0 -125.421875 -0.585938 1 0 1
0 -11 -78 31 0 -1 0 -125.515625 -0.585938 1 0 1
0 -11 -78 29 0 -1 0 -125.515625 -0.601562 1 0 1
maps_rp_surdonoso_realworldtextures_floor_mixtile_solid_white_1424_14430_314
0 1 -78 31 0 -1 0 -125.421875 -0.585938 1 0 1
0 -11 -78 29 0 -1 0 -125.515625 -0.601562 1 0 1
0 1 -78 29 0 -1 0 -125.421875 -0.601562 1 0 1
maps_rp_surdonoso_realworldtextures_floor_mixtile_solid_white_1424_14430_314
0 1 -78 29 1 0 0 -0.484375 -0.601562 1 0 1
0 1 -66 29 1 0 0 -0.578125 -0.601562 1 0 1
0 1 -66 31 1 0 0 -0.578125 -0.585938 1 0 1
maps_rp_surdonoso_realworldtextures_floor_mixtile_solid_white_1424_14430_314
0 1 -78 29 1 0 0 -0.484375 -0.601562 1 0 1
0 1 -66 31 1 0 0 -0.578125 -0.585938 1 0 1
0 1 -78 31 1 0 0 -0.484375 -0.585938 1 0 1
maps_rp_surdonoso_realworldtextures_floor_mixtile_solid_white_1424_14430_314
0 -11 -78 31 -1 0 0 -0.484375 -0.585938 1 0 1
0 -11 -66 31 -1 0 0 -0.578125 -0.585938 1 0 1
0 -11 -66 29 -1 0 0 -0.578125 -0.601562 1 0 1
maps_rp_surdonoso_realworldtextures_floor_mixtile_solid_white_1424_14430_314
0 -11 -78 31 -1 0 0 -0.484375 -0.585938 1 0 1
0 -11 -66 29 -1 0 0 -0.578125 -0.601562 1 0 1
0 -11 -78 29 -1 0 0 -0.484375 -0.601562 1 0 1
maps_rp_surdonoso_realworldtextures_floor_mixtile_solid_white_1424_14430_314
0 1 -78 10 0 0 -1 -0.484375 -124.421875 1 0 1
0 -11 -78 10 0 0 -1 -0.484375 -124.515625 1 0 1
0 -11 -66 10 0 0 -1 -0.578125 -124.515625 1 0 1
maps_rp_surdonoso_realworldtextures_floor_mixtile_solid_white_1424_14430_314
0 1 -78 10 0 0 -1 -0.484375 -124.421875 1 0 1
0 -11 -66 10 0 0 -1 -0.578125 -124.515625 1 0 1
0 1 -66 10 0 0 -1 -0.578125 -124.421875 1 0 1
maps_rp_surdonoso_realworldtextures_floor_mixtile_solid_white_1424_14430_314
0 -11 -78 12 0 0 1 -0.484375 -124.515625 1 0 1
0 1 -78 12 0 0 1 -0.484375 -124.421875 1 0 1
0 1 -66 12 0 0 1 -0.578125 -124.421875 1 0 1
maps_rp_surdonoso_realworldtextures_floor_mixtile_solid_white_1424_14430_314
0 -11 -78 12 0 0 1 -0.484375 -124.515625 1 0 1
0 1 -66 12 0 0 1 -0.578125 -124.421875 1 0 1
0 -11 -66 12 0 0 1 -0.578125 -124.515625 1 0 1
maps_rp_surdonoso_realworldtextures_floor_mixtile_solid_white_1424_14430_314
0 1 -66 10 0 1 0 -125.421875 -0.75 1 0 1
0 -11 -66 10 0 1 0 -125.515625 -0.75 1 0 1
0 -11 -66 12 0 1 0 -125.515625 -0.734375 1 0 1
maps_rp_surdonoso_realworldtextures_floor_mixtile_solid_white_1424_14430_314
0 1 -66 10 0 1 0 -125.421875 -0.75 1 0 1
0 -11 -66 12 0 1 0 -125.515625 -0.734375 1 0 1
0 1 -66 12 0 1 0 -125.421875 -0.734375 1 0 1
maps_rp_surdonoso_realworldtextures_floor_mixtile_solid_white_1424_14430_314
0 1 -78 12 0 -1 0 -125.421875 -0.734375 1 0 1
0 -11 -78 12 0 -1 0 -125.515625 -0.734375 1 0 1
0 -11 -78 10 0 -1 0 -125.515625 -0.75 1 0 1
maps_rp_surdonoso_realworldtextures_floor_mixtile_solid_white_1424_14430_314
0 1 -78 12 0 -1 0 -125.421875 -0.734375 1 0 1
0 -11 -78 10 0 -1 0 -125.515625 -0.75 1 0 1
0 1 -78 10 0 -1 0 -125.421875 -0.75 1 0 1
maps_rp_surdonoso_realworldtextures_floor_mixtile_solid_white_1424_14430_314
0 1 -78 10 1 0 0 -0.484375 -0.75 1 0 1
0 1 -66 10 1 0 0 -0.578125 -0.75 1 0 1
0 1 -66 12 1 0 0 -0.578125 -0.734375 1 0 1
maps_rp_surdonoso_realworldtextures_floor_mixtile_solid_white_1424_14430_314
0 1 -78 10 1 0 0 -0.484375 -0.75 1 0 1
0 1 -66 12 1 0 0 -0.578125 -0.734375 1 0 1
0 1 -78 12 1 0 0 -0.484375 -0.734375 1 0 1
maps_rp_surdonoso_realworldtextures_floor_mixtile_solid_white_1424_14430_314
0 -11 -78 12 -1 0 0 -0.484375 -0.734375 1 0 1
0 -11 -66 12 -1 0 0 -0.578125 -0.734375 1 0 1
0 -11 -66 10 -1 0 0 -0.578125 -0.75 1 0 1
maps_rp_surdonoso_realworldtextures_floor_mixtile_solid_white_1424_14430_314
0 -11 -78 12 -1 0 0 -0.484375 -0.734375 1 0 1
0 -11 -66 10 -1 0 0 -0.578125 -0.75 1 0 1
0 -11 -78 10 -1 0 0 -0.484375 -0.75 1 0 1
maps_rp_surdonoso_realworldtextures_floor_mixtile_solid_white_1424_14430_314
0 -13 -80 10 0 0 1 -0.46875 -124.53125 1 0 1
0 3 -80 10 0 0 1 -0.46875 -124.40625 1 0 1
0 3 -64 10 0 0 1 -0.59375 -124.40625 1 0 1
maps_rp_surdonoso_realworldtextures_floor_mixtile_solid_white_1424_14430_314
0 -13 -80 10 0 0 1 -0.46875 -124.53125 1 0 1
0 3 -64 10 0 0 1 -0.59375 -124.40625 1 0 1
0 -13 -64 10 0 0 1 -0.59375 -124.53125 1 0 1
maps_rp_surdonoso_realworldtextures_floor_mixtile_solid_white_1424_14430_314
0 3 -64 6 0 1 0 -125.40625 -0.78125 1 0 1
0 -13 -64 6 0 1 0 -125.53125 -0.78125 1 0 1
0 -13 -64 10 0 1 0 -125.53125 -0.75 1 0 1
maps_rp_surdonoso_realworldtextures_floor_mixtile_solid_white_1424_14430_314
0 3 -64 6 0 1 0 -125.40625 -0.78125 1 0 1
0 -13 -64 10 0 1 0 -125.53125 -0.75 1 0 1
0 3 -64 10 0 1 0 -125.40625 -0.75 1 0 1
maps_rp_surdonoso_realworldtextures_floor_mixtile_solid_white_1424_14430_314
0 3 -80 10 0 -1 0 -125.40625 -0.75 1 0 1
0 -13 -80 10 0 -1 0 -125.53125 -0.75 1 0 1
0 -13 -80 6 0 -1 0 -125.53125 -0.78125 1 0 1
maps_rp_surdonoso_realworldtextures_floor_mixtile_solid_white_1424_14430_314
0 3 -80 10 0 -1 0 -125.40625 -0.75 1 0 1
0 -13 -80 6 0 -1 0 -125.53125 -0.78125 1 0 1
0 3 -80 6 0 -1 0 -125.40625 -0.78125 1 0 1
maps_rp_surdonoso_realworldtextures_floor_mixtile_solid_white_1424_14430_314
0 3 -80 6 1 0 0 -0.46875 -0.78125 1 0 1
0 3 -64 6 1 0 0 -0.59375 -0.78125 1 0 1
0 3 -64 10 1 0 0 -0.59375 -0.75 1 0 1
maps_rp_surdonoso_realworldtextures_floor_mixtile_solid_white_1424_14430_314
0 3 -80 6 1 0 0 -0.46875 -0.78125 1 0 1
0 3 -64 10 1 0 0 -0.59375 -0.75 1 0 1
0 3 -80 10 1 0 0 -0.46875 -0.75 1 0 1
maps_rp_surdonoso_realworldtextures_floor_mixtile_solid_white_1424_14430_314
0 -13 -80 10 -1 0 0 -0.46875 -0.75 1 0 1
0 -13 -64 10 -1 0 0 -0.59375 -0.75 1 0 1
0 -13 -64 6 -1 0 0 -0.59375 -0.78125 1 0 1
maps_rp_surdonoso_realworldtextures_floor_mixtile_solid_white_1424_14430_314
0 -13 -80 10 -1 0 0 -0.46875 -0.75 1 0 1
0 -13 -64 6 -1 0 0 -0.59375 -0.78125 1 0 1
0 -13 -80 6 -1 0 0 -0.46875 -0.78125 1 0 1
maps_rp_surdonoso_realworldtextures_floor_mixtile_solid_white_1424_14430_314
0 3 -64 31 0 0 -1 -0.59375 -124.40625 1 0 1
0 -13 -64 31 0 0 -1 -0.59375 -124.53125 1 0 1
0 -13 -48 31 0 0 -1 -0.71875 -124.53125 1 0 1
maps_rp_surdonoso_realworldtextures_floor_mixtile_solid_white_1424_14430_314
0 3 -64 31 0 0 -1 -0.59375 -124.40625 1 0 1
0 -13 -48 31 0 0 -1 -0.71875 -124.53125 1 0 1
0 3 -48 31 0 0 -1 -0.71875 -124.40625 1 0 1
maps_rp_surdonoso_realworldtextures_floor_mixtile_solid_white_1424_14430_314
0 -13 -64 35 0 0 1 -0.59375 -124.53125 1 0 1
0 3 -64 35 0 0 1 -0.59375 -124.40625 1 0 1
0 3 -48 35 0 0 1 -0.71875 -124.40625 1 0 1
maps_rp_surdonoso_realworldtextures_floor_mixtile_solid_white_1424_14430_314
0 -13 -64 35 0 0 1 -0.59375 -124.53125 1 0 1
0 3 -48 35 0 0 1 -0.71875 -124.40625 1 0 1
0 -13 -48 35 0 0 1 -0.71875 -124.53125 1 0 1
maps_rp_surdonoso_realworldtextures_floor_mixtile_solid_white_1424_14430_314
0 3 -48 31 0 1 0 -125.40625 -0.585938 1 0 1
0 -13 -48 31 0 1 0 -125.53125 -0.585938 1 0 1
0 -13 -48 35 0 1 0 -125.53125 -0.554688 1 0 1
maps_rp_surdonoso_realworldtextures_floor_mixtile_solid_white_1424_14430_314
0 3 -48 31 0 1 0 -125.40625 -0.585938 1 0 1
0 -13 -48 35 0 1 0 -125.53125 -0.554688 1 0 1
0 3 -48 35 0 1 0 -125.40625 -0.554688 1 0 1
maps_rp_surdonoso_realworldtextures_floor_mixtile_solid_white_1424_14430_314
0 3 -64 35 0 -1 0 -125.40625 -0.554688 1 0 1
0 -13 -64 35 0 -1 0 -125.53125 -0.554688 1 0 1
0 -13 -64 31 0 -1 0 -125.53125 -0.585938 1 0 1
maps_rp_surdonoso_realworldtextures_floor_mixtile_solid_white_1424_14430_314
0 3 -64 35 0 -1 0 -125.40625 -0.554688 1 0 1
0 -13 -64 31 0 -1 0 -125.53125 -0.585938 1 0 1
0 3 -64 31 0 -1 0 -125.40625 -0.585938 1 0 1
maps_rp_surdonoso_realworldtextures_floor_mixtile_solid_white_1424_14430_314
0 3 -64 31 1 0 0 -0.59375 -0.585938 1 0 1
0 3 -48 31 1 0 0 -0.71875 -0.585938 1 0 1
0 3 -48 35 1 0 0 -0.71875 -0.554688 1 0 1
maps_rp_surdonoso_realworldtextures_floor_mixtile_solid_white_1424_14430_314
0 3 -64 31 1 0 0 -0.59375 -0.585938 1 0 1
0 3 -48 35 1 0 0 -0.71875 -0.554688 1 0 1
0 3 -64 35 1 0 0 -0.59375 -0.554688 1 0 1
maps_rp_surdonoso_realworldtextures_floor_mixtile_solid_white_1424_14430_314
0 -13 -64 35 -1 0 0 -0.59375 -0.554688 1 0 1
0 -13 -48 35 -1 0 0 -0.71875 -0.554688 1 0 1
0 -13 -48 31 -1 0 0 -0.71875 -0.585938 1 0 1
maps_rp_surdonoso_realworldtextures_floor_mixtile_solid_white_1424_14430_314
0 -13 -64 35 -1 0 0 -0.59375 -0.554688 1 0 1
0 -13 -48 31 -1 0 0 -0.71875 -0.585938 1 0 1
0 -13 -64 31 -1 0 0 -0.59375 -0.585938 1 0 1
maps_rp_surdonoso_realworldtextures_floor_mixtile_solid_white_1424_14430_314
0 1 -62 10 0 0 -1 -0.609375 -124.421875 1 0 1
0 -11 -62 10 0 0 -1 -0.609375 -124.515625 1 0 1
0 -11 -50 10 0 0 -1 -0.703125 -124.515625 1 0 1
maps_rp_surdonoso_realworldtextures_floor_mixtile_solid_white_1424_14430_314
0 1 -62 10 0 0 -1 -0.609375 -124.421875 1 0 1
0 -11 -50 10 0 0 -1 -0.703125 -124.515625 1 0 1
0 1 -50 10 0 0 -1 -0.703125 -124.421875 1 0 1
maps_rp_surdonoso_realworldtextures_floor_mixtile_solid_white_1424_14430_314
0 -11 -62 12 0 0 1 -0.609375 -124.515625 1 0 1
0 1 -62 12 0 0 1 -0.609375 -124.421875 1 0 1
0 1 -50 12 0 0 1 -0.703125 -124.421875 1 0 1
maps_rp_surdonoso_realworldtextures_floor_mixtile_solid_white_1424_14430_314
0 -11 -62 12 0 0 1 -0.609375 -124.515625 1 0 1
0 1 -50 12 0 0 1 -0.703125 -124.421875 1 0 1
0 -11 -50 12 0 0 1 -0.703125 -124.515625 1 0 1
maps_rp_surdonoso_realworldtextures_floor_mixtile_solid_white_1424_14430_314
0 1 -50 10 0 1 0 -125.421875 -0.75 1 0 1
0 -11 -50 10 0 1 0 -125.515625 -0.75 1 0 1
0 -11 -50 12 0 1 0 -125.515625 -0.734375 1 0 1
maps_rp_surdonoso_realworldtextures_floor_mixtile_solid_white_1424_14430_314
0 1 -50 10 0 1 0 -125.421875 -0.75 1 0 1
0 -11 -50 12 0 1 0 -125.515625 -0.734375 1 0 1
0 1 -50 12 0 1 0 -125.421875 -0.734375 1 0 1
maps_rp_surdonoso_realworldtextures_floor_mixtile_solid_white_1424_14430_314
0 1 -62 12 0 -1 0 -125.421875 -0.734375 1 0 1
0 -11 -62 12 0 -1 0 -125.515625 -0.734375 1 0 1
0 -11 -62 10 0 -1 0 -125.515625 -0.75 1 0 1
maps_rp_surdonoso_realworldtextures_floor_mixtile_solid_white_1424_14430_314
0 1 -62 12 0 -1 0 -125.421875 -0.734375 1 0 1
0 -11 -62 10 0 -1 0 -125.515625 -0.75 1 0 1
0 1 -62 10 0 -1 0 -125.421875 -0.75 1 0 1
maps_rp_surdonoso_realworldtextures_floor_mixtile_solid_white_1424_14430_314
0 1 -62 10 1 0 0 -0.609375 -0.75 1 0 1
0 1 -50 10 1 0 0 -0.703125 -0.75 1 0 1
0 1 -50 12 1 0 0 -0.703125 -0.734375 1 0 1
maps_rp_surdonoso_realworldtextures_floor_mixtile_solid_white_1424_14430_314
0 1 -62 10 1 0 0 -0.609375 -0.75 1 0 1
0 1 -50 12 1 0 0 -0.703125 -0.734375 1 0 1
0 1 -62 12 1 0 0 -0.609375 -0.734375 1 0 1
maps_rp_surdonoso_realworldtextures_floor_mixtile_solid_white_1424_14430_314
0 -11 -62 12 -1 0 0 -0.609375 -0.734375 1 0 1
0 -11 -50 12 -1 0 0 -0.703125 -0.734375 1 0 1
0 -11 -50 10 -1 0 0 -0.703125 -0.75 1 0 1
maps_rp_surdonoso_realworldtextures_floor_mixtile_solid_white_1424_14430_314
0 -11 -62 12 -1 0 0 -0.609375 -0.734375 1 0 1
0 -11 -50 10 -1 0 0 -0.703125 -0.75 1 0 1
0 -11 -62 10 -1 0 0 -0.609375 -0.75 1 0 1
maps_rp_surdonoso_realworldtextures_floor_mixtile_solid_white_1424_14430_314
0 -9 -60 29 0 0 1 -0.625 -124.5 1 0 1
0 -1 -60 29 0 0 1 -0.625 -124.4375 1 0 1
0 -1 -52 29 0 0 1 -0.6875 -124.4375 1 0 1
maps_rp_surdonoso_realworldtextures_floor_mixtile_solid_white_1424_14430_314
0 -9 -60 29 0 0 1 -0.625 -124.5 1 0 1
0 -1 -52 29 0 0 1 -0.6875 -124.4375 1 0 1
0 -9 -52 29 0 0 1 -0.6875 -124.5 1 0 1
maps_rp_surdonoso_realworldtextures_floor_mixtile_solid_white_1424_14430_314
0 -1 -60 12 0 0 -1 -0.625 -124.4375 1 0 1
0 -9 -60 12 0 0 -1 -0.625 -124.5 1 0 1
0 -9 -52 12 0 0 -1 -0.6875 -124.5 1 0 1
maps_rp_surdonoso_realworldtextures_floor_mixtile_solid_white_1424_14430_314
0 -1 -60 12 0 0 -1 -0.625 -124.4375 1 0 1
0 -9 -52 12 0 0 -1 -0.6875 -124.5 1 0 1
0 -1 -52 12 0 0 -1 -0.6875 -124.4375 1 0 1
maps_rp_surdonoso_realworldtextures_floor_mixtile_solid_white_1424_14430_314
0 -1 -52 12 0 1 0 -125.4375 -0.734375 1 0 1
0 -9 -52 12 0 1 0 -125.5 -0.734375 1 0 1
0 -9 -52 29 0 1 0 -125.5 -0.601562 1 0 1
maps_rp_surdonoso_realworldtextures_floor_mixtile_solid_white_1424_14430_314
0 -1 -52 12 0 1 0 -125.4375 -0.734375 1 0 1
0 -9 -52 29 0 1 0 -125.5 -0.601562 1 0 1
0 -1 -52 29 0 1 0 -125.4375 -0.601562 1 0 1
maps_rp_surdonoso_realworldtextures_floor_mixtile_solid_white_1424_14430_314
0 -1 -60 29 0 -1 0 -125.4375 -0.601562 1 0 1
0 -9 -60 29 0 -1 0 -125.5 -0.601562 1 0 1
0 -9 -60 12 0 -1 0 -125.5 -0.734375 1 0 1
maps_rp_surdonoso_realworldtextures_floor_mixtile_solid_white_1424_14430_314
0 -1 -60 29 0 -1 0 -125.4375 -0.601562 1 0 1
0 -9 -60 12 0 -1 0 -125.5 -0.734375 1 0 1
0 -1 -60 12 0 -1 0 -125.4375 -0.734375 1 0 1
maps_rp_surdonoso_realworldtextures_floor_mixtile_solid_white_1424_14430_314
0 -1 -60 12 1 0 0 -0.625 -0.734375 1 0 1
0 -1 -52 12 1 0 0 -0.6875 -0.734375 1 0 1
0 -1 -52 29 1 0 0 -0.6875 -0.601562 1 0 1
maps_rp_surdonoso_realworldtextures_floor_mixtile_solid_white_1424_14430_314
0 -1 -60 12 1 0 0 -0.625 -0.734375 1 0 1
0 -1 -52 29 1 0 0 -0.6875 -0.601562 1 0 1
0 -1 -60 29 1 0 0 -0.625 -0.601562 1 0 1
maps_rp_surdonoso_realworldtextures_floor_mixtile_solid_white_1424_14430_314
0 -9 -60 29 -1 0 0 -0.625 -0.601562 1 0 1
0 -9 -52 29 -1 0 0 -0.6875 -0.601562 1 0 1
0 -9 -52 12 -1 0 0 -0.6875 -0.734375 1 0 1
maps_rp_surdonoso_realworldtextures_floor_mixtile_solid_white_1424_14430_314
0 -9 -60 29 -1 0 0 -0.625 -0.601562 1 0 1
0 -9 -52 12 -1 0 0 -0.6875 -0.734375 1 0 1
0 -9 -60 12 -1 0 0 -0.625 -0.734375 1 0 1
maps_rp_surdonoso_realworldtextures_floor_mixtile_solid_white_1424_14430_314
0 1 -62 29 0 0 -1 -0.609375 -124.421875 1 0 1
0 -11 -62 29 0 0 -1 -0.609375 -124.515625 1 0 1
0 -11 -50 29 0 0 -1 -0.703125 -124.515625 1 0 1
maps_rp_surdonoso_realworldtextures_floor_mixtile_solid_white_1424_14430_314
0 1 -62 29 0 0 -1 -0.609375 -124.421875 1 0 1
0 -11 -50 29 0 0 -1 -0.703125 -124.515625 1 0 1
0 1 -50 29 0 0 -1 -0.703125 -124.421875 1 0 1
maps_rp_surdonoso_realworldtextures_floor_mixtile_solid_white_1424_14430_314
0 -11 -62 31 0 0 1 -0.609375 -124.515625 1 0 1
0 1 -62 31 0 0 1 -0.609375 -124.421875 1 0 1
0 1 -50 31 0 0 1 -0.703125 -124.421875 1 0 1
maps_rp_surdonoso_realworldtextures_floor_mixtile_solid_white_1424_14430_314
0 -11 -62 31 0 0 1 -0.609375 -124.515625 1 0 1
0 1 -50 31 0 0 1 -0.703125 -124.421875 1 0 1
0 -11 -50 31 0 0 1 -0.703125 -124.515625 1 0 1
maps_rp_surdonoso_realworldtextures_floor_mixtile_solid_white_1424_14430_314
0 1 -50 29 0 1 0 -125.421875 -0.601562 1 0 1
0 -11 -50 29 0 1 0 -125.515625 -0.601562 1 0 1
0 -11 -50 31 0 1 0 -125.515625 -0.585938 1 0 1
maps_rp_surdonoso_realworldtextures_floor_mixtile_solid_white_1424_14430_314
0 1 -50 29 0 1 0 -125.421875 -0.601562 1 0 1
0 -11 -50 31 0 1 0 -125.515625 -0.585938 1 0 1
0 1 -50 31 0 1 0 -125.421875 -0.585938 1 0 1
maps_rp_surdonoso_realworldtextures_floor_mixtile_solid_white_1424_14430_314
0 1 -62 31 0 -1 0 -125.421875 -0.585938 1 0 1
0 -11 -62 31 0 -1 0 -125.515625 -0.585938 1 0 1
0 -11 -62 29 0 -1 0 -125.515625 -0.601562 1 0 1
maps_rp_surdonoso_realworldtextures_floor_mixtile_solid_white_1424_14430_314
0 1 -62 31 0 -1 0 -125.421875 -0.585938 1 0 1
0 -11 -62 29 0 -1 0 -125.515625 -0.601562 1 0 1
0 1 -62 29 0 -1 0 -125.421875 -0.601562 1 0 1
maps_rp_surdonoso_realworldtextures_floor_mixtile_solid_white_1424_14430_314
0 1 -62 29 1 0 0 -0.609375 -0.601562 1 0 1
0 1 -50 29 1 0 0 -0.703125 -0.601562 1 0 1
0 1 -50 31 1 0 0 -0.703125 -0.585938 1 0 1
maps_rp_surdonoso_realworldtextures_floor_mixtile_solid_white_1424_14430_314
0 1 -62 29 1 0 0 -0.609375 -0.601562 1 0 1
0 1 -50 31 1 0 0 -0.703125 -0.585938 1 0 1
0 1 -62 31 1 0 0 -0.609375 -0.585938 1 0 1
maps_rp_surdonoso_realworldtextures_floor_mixtile_solid_white_1424_14430_314
0 -11 -62 31 -1 0 0 -0.609375 -0.585938 1 0 1
0 -11 -50 31 -1 0 0 -0.703125 -0.585938 1 0 1
0 -11 -50 29 -1 0 0 -0.703125 -0.601562 1 0 1
maps_rp_surdonoso_realworldtextures_floor_mixtile_solid_white_1424_14430_314
0 -11 -62 31 -1 0 0 -0.609375 -0.585938 1 0 1
0 -11 -50 29 -1 0 0 -0.703125 -0.601562 1 0 1
0 -11 -62 29 -1 0 0 -0.609375 -0.601562 1 0 1
maps_rp_surdonoso_realworldtextures_floor_mixtile_solid_white_1424_14430_314
0 3 -48 31 0 0 -1 -0.71875 -124.40625 1 0 1
0 -13 -48 31 0 0 -1 -0.71875 -124.53125 1 0 1
0 -13 -32 31 0 0 -1 -0.84375 -124.53125 1 0 1
maps_rp_surdonoso_realworldtextures_floor_mixtile_solid_white_1424_14430_314
0 3 -48 31 0 0 -1 -0.71875 -124.40625 1 0 1
0 -13 -32 31 0 0 -1 -0.84375 -124.53125 1 0 1
0 3 -32 31 0 0 -1 -0.84375 -124.40625 1 0 1
maps_rp_surdonoso_realworldtextures_floor_mixtile_solid_white_1424_14430_314
0 -13 -48 35 0 0 1 -0.71875 -124.53125 1 0 1
0 3 -48 35 0 0 1 -0.71875 -124.40625 1 0 1
0 3 -32 35 0 0 1 -0.84375 -124.40625 1 0 1
maps_rp_surdonoso_realworldtextures_floor_mixtile_solid_white_1424_14430_314
0 -13 -48 35 0 0 1 -0.71875 -124.53125 1 0 1
0 3 -32 35 0 0 1 -0.84375 -124.40625 1 0 1
0 -13 -32 35 0 0 1 -0.84375 -124.53125 1 0 1
maps_rp_surdonoso_realworldtextures_floor_mixtile_solid_white_1424_14430_314
0 3 -32 31 0 1 0 -125.40625 -0.585938 1 0 1
0 -13 -32 31 0 1 0 -125.53125 -0.585938 1 0 1
0 -13 -32 35 0 1 0 -125.53125 -0.554688 1 0 1
maps_rp_surdonoso_realworldtextures_floor_mixtile_solid_white_1424_14430_314
0 3 -32 31 0 1 0 -125.40625 -0.585938 1 0 1
0 -13 -32 35 0 1 0 -125.53125 -0.554688 1 0 1
0 3 -32 35 0 1 0 -125.40625 -0.554688 1 0 1
maps_rp_surdonoso_realworldtextures_floor_mixtile_solid_white_1424_14430_314
0 3 -48 35 0 -1 0 -125.40625 -0.554688 1 0 1
0 -13 -48 35 0 -1 0 -125.53125 -0.554688 1 0 1
0 -13 -48 31 0 -1 0 -125.53125 -0.585938 1 0 1
maps_rp_surdonoso_realworldtextures_floor_mixtile_solid_white_1424_14430_314
0 3 -48 35 0 -1 0 -125.40625 -0.554688 1 0 1
0 -13 -48 31 0 -1 0 -125.53125 -0.585938 1 0 1
0 3 -48 31 0 -1 0 -125.40625 -0.585938 1 0 1
maps_rp_surdonoso_realworldtextures_floor_mixtile_solid_white_1424_14430_314
0 3 -48 31 1 0 0 -0.71875 -0.585938 1 0 1
0 3 -32 31 1 0 0 -0.84375 -0.585938 1 0 1
0 3 -32 35 1 0 0 -0.84375 -0.554688 1 0 1
maps_rp_surdonoso_realworldtextures_floor_mixtile_solid_white_1424_14430_314
0 3 -48 31 1 0 0 -0.71875 -0.585938 1 0 1
0 3 -32 35 1 0 0 -0.84375 -0.554688 1 0 1
0 3 -48 35 1 0 0 -0.71875 -0.554688 1 0 1
maps_rp_surdonoso_realworldtextures_floor_mixtile_solid_white_1424_14430_314
0 -13 -48 35 -1 0 0 -0.71875 -0.554688 1 0 1
0 -13 -32 35 -1 0 0 -0.84375 -0.554688 1 0 1
0 -13 -32 31 -1 0 0 -0.84375 -0.585938 1 0 1
maps_rp_surdonoso_realworldtextures_floor_mixtile_solid_white_1424_14430_314
0 -13 -48 35 -1 0 0 -0.71875 -0.554688 1 0 1
0 -13 -32 31 -1 0 0 -0.84375 -0.585938 1 0 1
0 -13 -48 31 -1 0 0 -0.71875 -0.585938 1 0 1
maps_rp_surdonoso_realworldtextures_floor_mixtile_solid_white_1424_14430_314
0 -9 -44 29 0 0 1 -0.75 -124.5 1 0 1
0 -1 -44 29 0 0 1 -0.75 -124.4375 1 0 1
0 -1 -36 29 0 0 1 -0.8125 -124.4375 1 0 1
maps_rp_surdonoso_realworldtextures_floor_mixtile_solid_white_1424_14430_314
0 -9 -44 29 0 0 1 -0.75 -124.5 1 0 1
0 -1 -36 29 0 0 1 -0.8125 -124.4375 1 0 1
0 -9 -36 29 0 0 1 -0.8125 -124.5 1 0 1
maps_rp_surdonoso_realworldtextures_floor_mixtile_solid_white_1424_14430_314
0 -1 -44 12 0 0 -1 -0.75 -124.4375 1 0 1
0 -9 -44 12 0 0 -1 -0.75 -124.5 1 0 1
0 -9 -36 12 0 0 -1 -0.8125 -124.5 1 0 1
maps_rp_surdonoso_realworldtextures_floor_mixtile_solid_white_1424_14430_314
0 -1 -44 12 0 0 -1 -0.75 -124.4375 1 0 1
0 -9 -36 12 0 0 -1 -0.8125 -124.5 1 0 1
0 -1 -36 12 0 0 -1 -0.8125 -124.4375 1 0 1
maps_rp_surdonoso_realworldtextures_floor_mixtile_solid_white_1424_14430_314
0 -1 -36 12 0 1 0 -125.4375 -0.734375 1 0 1
0 -9 -36 12 0 1 0 -125.5 -0.734375 1 0 1
0 -9 -36 29 0 1 0 -125.5 -0.601562 1 0 1
maps_rp_surdonoso_realworldtextures_floor_mixtile_solid_white_1424_14430_314
0 -1 -36 12 0 1 0 -125.4375 -0.734375 1 0 1
0 -9 -36 29 0 1 0 -125.5 -0.601562 1 0 1
0 -1 -36 29 0 1 0 -125.4375 -0.601562 1 0 1
maps_rp_surdonoso_realworldtextures_floor_mixtile_solid_white_1424_14430_314
0 -1 -44 29 0 -1 0 -125.4375 -0.601562 1 0 1
0 -9 -44 29 0 -1 0 -125.5 -0.601562 1 0 1
0 -9 -44 12 0 -1 0 -125.5 -0.734375 1 0 1
maps_rp_surdonoso_realworldtextures_floor_mixtile_solid_white_1424_14430_314
0 -1 -44 29 0 -1 0 -125.4375 -0.601562 1 0 1
0 -9 -44 12 0 -1 0 -125.5 -0.734375 1 0 1
0 -1 -44 12 0 -1 0 -125.4375 -0.734375 1 0 1
maps_rp_surdonoso_realworldtextures_floor_mixtile_solid_white_1424_14430_314
0 -1 -44 12 1 0 0 -0.75 -0.734375 1 0 1
0 -1 -36 12 1 0 0 -0.8125 -0.734375 1 0 1
0 -1 -36 29 1 0 0 -0.8125 -0.601562 1 0 1
maps_rp_surdonoso_realworldtextures_floor_mixtile_solid_white_1424_14430_314
0 -1 -44 12 1 0 0 -0.75 -0.734375 1 0 1
0 -1 -36 29 1 0 0 -0.8125 -0.601562 1 0 1
0 -1 -44 29 1 0 0 -0.75 -0.601562 1 0 1
maps_rp_surdonoso_realworldtextures_floor_mixtile_solid_white_1424_14430_314
0 -9 -44 29 -1 0 0 -0.75 -0.601562 1 0 1
0 -9 -36 29 -1 0 0 -0.8125 -0.601562 1 0 1
0 -9 -36 12 -1 0 0 -0.8125 -0.734375 1 0 1
maps_rp_surdonoso_realworldtextures_floor_mixtile_solid_white_1424_14430_314
0 -9 -44 29 -1 0 0 -0.75 -0.601562 1 0 1
0 -9 -36 12 -1 0 0 -0.8125 -0.734375 1 0 1
0 -9 -44 12 -1 0 0 -0.75 -0.734375 1 0 1
maps_rp_surdonoso_realworldtextures_floor_mixtile_solid_white_1424_14430_314
0 1 -46 29 0 0 -1 -0.734375 -124.421875 1 0 1
0 -11 -46 29 0 0 -1 -0.734375 -124.515625 1 0 1
0 -11 -34 29 0 0 -1 -0.828125 -124.515625 1 0 1
maps_rp_surdonoso_realworldtextures_floor_mixtile_solid_white_1424_14430_314
0 1 -46 29 0 0 -1 -0.734375 -124.421875 1 0 1
0 -11 -34 29 0 0 -1 -0.828125 -124.515625 1 0 1
0 1 -34 29 0 0 -1 -0.828125 -124.421875 1 0 1
maps_rp_surdonoso_realworldtextures_floor_mixtile_solid_white_1424_14430_314
0 -11 -46 31 0 0 1 -0.734375 -124.515625 1 0 1
0 1 -46 31 0 0 1 -0.734375 -124.421875 1 0 1
0 1 -34 31 0 0 1 -0.828125 -124.421875 1 0 1
maps_rp_surdonoso_realworldtextures_floor_mixtile_solid_white_1424_14430_314
0 -11 -46 31 0 0 1 -0.734375 -124.515625 1 0 1
0 1 -34 31 0 0 1 -0.828125 -124.421875 1 0 1
0 -11 -34 31 0 0 1 -0.828125 -124.515625 1 0 1
maps_rp_surdonoso_realworldtextures_floor_mixtile_solid_white_1424_14430_314
0 1 -34 29 0 1 0 -125.421875 -0.601562 1 0 1
0 -11 -34 29 0 1 0 -125.515625 -0.601562 1 0 1
0 -11 -34 31 0 1 0 -125.515625 -0.585938 1 0 1
maps_rp_surdonoso_realworldtextures_floor_mixtile_solid_white_1424_14430_314
0 1 -34 29 0 1 0 -125.421875 -0.601562 1 0 1
0 -11 -34 31 0 1 0 -125.515625 -0.585938 1 0 1
0 1 -34 31 0 1 0 -125.421875 -0.585938 1 0 1
maps_rp_surdonoso_realworldtextures_floor_mixtile_solid_white_1424_14430_314
0 1 -46 31 0 -1 0 -125.421875 -0.585938 1 0 1
0 -11 -46 31 0 -1 0 -125.515625 -0.585938 1 0 1
0 -11 -46 29 0 -1 0 -125.515625 -0.601562 1 0 1
maps_rp_surdonoso_realworldtextures_floor_mixtile_solid_white_1424_14430_314
0 1 -46 31 0 -1 0 -125.421875 -0.585938 1 0 1
0 -11 -46 29 0 -1 0 -125.515625 -0.601562 1 0 1
0 1 -46 29 0 -1 0 -125.421875 -0.601562 1 0 1
maps_rp_surdonoso_realworldtextures_floor_mixtile_solid_white_1424_14430_314
0 1 -46 29 1 0 0 -0.734375 -0.601562 1 0 1
0 1 -34 29 1 0 0 -0.828125 -0.601562 1 0 1
0 1 -34 31 1 0 0 -0.828125 -0.585938 1 0 1
maps_rp_surdonoso_realworldtextures_floor_mixtile_solid_white_1424_14430_314
0 1 -46 29 1 0 0 -0.734375 -0.601562 1 0 1
0 1 -34 31 1 0 0 -0.828125 -0.585938 1 0 1
0 1 -46 31 1 0 0 -0.734375 -0.585938 1 0 1
maps_rp_surdonoso_realworldtextures_floor_mixtile_solid_white_1424_14430_314
0 -11 -46 31 -1 0 0 -0.734375 -0.585938 1 0 1
0 -11 -34 31 -1 0 0 -0.828125 -0.585938 1 0 1
0 -11 -34 29 -1 0 0 -0.828125 -0.601562 1 0 1
maps_rp_surdonoso_realworldtextures_floor_mixtile_solid_white_1424_14430_314
0 -11 -46 31 -1 0 0 -0.734375 -0.585938 1 0 1
0 -11 -34 29 -1 0 0 -0.828125 -0.601562 1 0 1
0 -11 -46 29 -1 0 0 -0.734375 -0.601562 1 0 1
maps_rp_surdonoso_realworldtextures_floor_mixtile_solid_white_1424_14430_314
0 1 -46 10 0 0 -1 -0.734375 -124.421875 1 0 1
0 -11 -46 10 0 0 -1 -0.734375 -124.515625 1 0 1
0 -11 -34 10 0 0 -1 -0.828125 -124.515625 1 0 1
maps_rp_surdonoso_realworldtextures_floor_mixtile_solid_white_1424_14430_314
0 1 -46 10 0 0 -1 -0.734375 -124.421875 1 0 1
0 -11 -34 10 0 0 -1 -0.828125 -124.515625 1 0 1
0 1 -34 10 0 0 -1 -0.828125 -124.421875 1 0 1
maps_rp_surdonoso_realworldtextures_floor_mixtile_solid_white_1424_14430_314
0 -11 -46 12 0 0 1 -0.734375 -124.515625 1 0 1
0 1 -46 12 0 0 1 -0.734375 -124.421875 1 0 1
0 1 -34 12 0 0 1 -0.828125 -124.421875 1 0 1
maps_rp_surdonoso_realworldtextures_floor_mixtile_solid_white_1424_14430_314
0 -11 -46 12 0 0 1 -0.734375 -124.515625 1 0 1
0 1 -34 12 0 0 1 -0.828125 -124.421875 1 0 1
0 -11 -34 12 0 0 1 -0.828125 -124.515625 1 0 1
maps_rp_surdonoso_realworldtextures_floor_mixtile_solid_white_1424_14430_314
0 1 -34 10 0 1 0 -125.421875 -0.75 1 0 1
0 -11 -34 10 0 1 0 -125.515625 -0.75 1 0 1
0 -11 -34 12 0 1 0 -125.515625 -0.734375 1 0 1
maps_rp_surdonoso_realworldtextures_floor_mixtile_solid_white_1424_14430_314
0 1 -34 10 0 1 0 -125.421875 -0.75 1 0 1
0 -11 -34 12 0 1 0 -125.515625 -0.734375 1 0 1
0 1 -34 12 0 1 0 -125.421875 -0.734375 1 0 1
maps_rp_surdonoso_realworldtextures_floor_mixtile_solid_white_1424_14430_314
0 1 -46 12 0 -1 0 -125.421875 -0.734375 1 0 1
0 -11 -46 12 0 -1 0 -125.515625 -0.734375 1 0 1
0 -11 -46 10 0 -1 0 -125.515625 -0.75 1 0 1
maps_rp_surdonoso_realworldtextures_floor_mixtile_solid_white_1424_14430_314
0 1 -46 12 0 -1 0 -125.421875 -0.734375 1 0 1
0 -11 -46 10 0 -1 0 -125.515625 -0.75 1 0 1
0 1 -46 10 0 -1 0 -125.421875 -0.75 1 0 1
maps_rp_surdonoso_realworldtextures_floor_mixtile_solid_white_1424_14430_314
0 1 -46 10 1 0 0 -0.734375 -0.75 1 0 1
0 1 -34 10 1 0 0 -0.828125 -0.75 1 0 1
0 1 -34 12 1 0 0 -0.828125 -0.734375 1 0 1
maps_rp_surdonoso_realworldtextures_floor_mixtile_solid_white_1424_14430_314
0 1 -46 10 1 0 0 -0.734375 -0.75 1 0 1
0 1 -34 12 1 0 0 -0.828125 -0.734375 1 0 1
0 1 -46 12 1 0 0 -0.734375 -0.734375 1 0 1
maps_rp_surdonoso_realworldtextures_floor_mixtile_solid_white_1424_14430_314
0 -11 -46 12 -1 0 0 -0.734375 -0.734375 1 0 1
0 -11 -34 12 -1 0 0 -0.828125 -0.734375 1 0 1
0 -11 -34 10 -1 0 0 -0.828125 -0.75 1 0 1
maps_rp_surdonoso_realworldtextures_floor_mixtile_solid_white_1424_14430_314
0 -11 -46 12 -1 0 0 -0.734375 -0.734375 1 0 1
0 -11 -34 10 -1 0 0 -0.828125 -0.75 1 0 1
0 -11 -46 10 -1 0 0 -0.734375 -0.75 1 0 1
maps_rp_surdonoso_realworldtextures_floor_mixtile_solid_white_1424_14430_314
0 -13 -48 10 0 0 1 -0.71875 -124.53125 1 0 1
0 3 -48 10 0 0 1 -0.71875 -124.40625 1 0 1
0 3 -32 10 0 0 1 -0.84375 -124.40625 1 0 1
maps_rp_surdonoso_realworldtextures_floor_mixtile_solid_white_1424_14430_314
0 -13 -48 10 0 0 1 -0.71875 -124.53125 1 0 1
0 3 -32 10 0 0 1 -0.84375 -124.40625 1 0 1
0 -13 -32 10 0 0 1 -0.84375 -124.53125 1 0 1
maps_rp_surdonoso_realworldtextures_floor_mixtile_solid_white_1424_14430_314
0 3 -32 6 0 1 0 -125.40625 -0.78125 1 0 1
0 -13 -32 6 0 1 0 -125.53125 -0.78125 1 0 1
0 -13 -32 10 0 1 0 -125.53125 -0.75 1 0 1
maps_rp_surdonoso_realworldtextures_floor_mixtile_solid_white_1424_14430_314
0 3 -32 6 0 1 0 -125.40625 -0.78125 1 0 1
0 -13 -32 10 0 1 0 -125.53125 -0.75 1 0 1
0 3 -32 10 0 1 0 -125.40625 -0.75 1 0 1
maps_rp_surdonoso_realworldtextures_floor_mixtile_solid_white_1424_14430_314
0 3 -48 10 0 -1 0 -125.40625 -0.75 1 0 1
0 -13 -48 10 0 -1 0 -125.53125 -0.75 1 0 1
0 -13 -48 6 0 -1 0 -125.53125 -0.78125 1 0 1
maps_rp_surdonoso_realworldtextures_floor_mixtile_solid_white_1424_14430_314
0 3 -48 10 0 -1 0 -125.40625 -0.75 1 0 1
0 -13 -48 6 0 -1 0 -125.53125 -0.78125 1 0 1
0 3 -48 6 0 -1 0 -125.40625 -0.78125 1 0 1
maps_rp_surdonoso_realworldtextures_floor_mixtile_solid_white_1424_14430_314
0 3 -48 6 1 0 0 -0.71875 -0.78125 1 0 1
0 3 -32 6 1 0 0 -0.84375 -0.78125 1 0 1
0 3 -32 10 1 0 0 -0.84375 -0.75 1 0 1
maps_rp_surdonoso_realworldtextures_floor_mixtile_solid_white_1424_14430_314
0 3 -48 6 1 0 0 -0.71875 -0.78125 1 0 1
0 3 -32 10 1 0 0 -0.84375 -0.75 1 0 1
0 3 -48 10 1 0 0 -0.71875 -0.75 1 0 1
maps_rp_surdonoso_realworldtextures_floor_mixtile_solid_white_1424_14430_314
0 -13 -48 10 -1 0 0 -0.71875 -0.75 1 0 1
0 -13 -32 10 -1 0 0 -0.84375 -0.75 1 0 1
0 -13 -32 6 -1 0 0 -0.84375 -0.78125 1 0 1
maps_rp_surdonoso_realworldtextures_floor_mixtile_solid_white_1424_14430_314
0 -13 -48 10 -1 0 0 -0.71875 -0.75 1 0 1
0 -13 -32 6 -1 0 0 -0.84375 -0.78125 1 0 1
0 -13 -48 6 -1 0 0 -0.71875 -0.78125 1 0 1
maps_rp_surdonoso_realworldtextures_floor_mixtile_solid_white_1424_14430_314
0 3 -32 31 0 0 -1 -0.84375 -124.40625 1 0 1
0 -13 -32 31 0 0 -1 -0.84375 -124.53125 1 0 1
0 -13 -16 31 0 0 -1 -0.96875 -124.53125 1 0 1
maps_rp_surdonoso_realworldtextures_floor_mixtile_solid_white_1424_14430_314
0 3 -32 31 0 0 -1 -0.84375 -124.40625 1 0 1
0 -13 -16 31 0 0 -1 -0.96875 -124.53125 1 0 1
0 3 -16 31 0 0 -1 -0.96875 -124.40625 1 0 1
maps_rp_surdonoso_realworldtextures_floor_mixtile_solid_white_1424_14430_314
0 -13 -32 35 0 0 1 -0.84375 -124.53125 1 0 1
0 3 -32 35 0 0 1 -0.84375 -124.40625 1 0 1
0 3 -16 35 0 0 1 -0.96875 -124.40625 1 0 1
maps_rp_surdonoso_realworldtextures_floor_mixtile_solid_white_1424_14430_314
0 -13 -32 35 0 0 1 -0.84375 -124.53125 1 0 1
0 3 -16 35 0 0 1 -0.96875 -124.40625 1 0 1
0 -13 -16 35 0 0 1 -0.96875 -124.53125 1 0 1
maps_rp_surdonoso_realworldtextures_floor_mixtile_solid_white_1424_14430_314
0 3 -16 31 0 1 0 -125.40625 -0.585938 1 0 1
0 -13 -16 31 0 1 0 -125.53125 -0.585938 1 0 1
0 -13 -16 35 0 1 0 -125.53125 -0.554688 1 0 1
maps_rp_surdonoso_realworldtextures_floor_mixtile_solid_white_1424_14430_314
0 3 -16 31 0 1 0 -125.40625 -0.585938 1 0 1
0 -13 -16 35 0 1 0 -125.53125 -0.554688 1 0 1
0 3 -16 35 0 1 0 -125.40625 -0.554688 1 0 1
maps_rp_surdonoso_realworldtextures_floor_mixtile_solid_white_1424_14430_314
0 3 -32 35 0 -1 0 -125.40625 -0.554688 1 0 1
0 -13 -32 35 0 -1 0 -125.53125 -0.554688 1 0 1
0 -13 -32 31 0 -1 0 -125.53125 -0.585938 1 0 1
maps_rp_surdonoso_realworldtextures_floor_mixtile_solid_white_1424_14430_314
0 3 -32 35 0 -1 0 -125.40625 -0.554688 1 0 1
0 -13 -32 31 0 -1 0 -125.53125 -0.585938 1 0 1
0 3 -32 31 0 -1 0 -125.40625 -0.585938 1 0 1
maps_rp_surdonoso_realworldtextures_floor_mixtile_solid_white_1424_14430_314
0 3 -32 31 1 0 0 -0.84375 -0.585938 1 0 1
0 3 -16 31 1 0 0 -0.96875 -0.585938 1 0 1
0 3 -16 35 1 0 0 -0.96875 -0.554688 1 0 1
maps_rp_surdonoso_realworldtextures_floor_mixtile_solid_white_1424_14430_314
0 3 -32 31 1 0 0 -0.84375 -0.585938 1 0 1
0 3 -16 35 1 0 0 -0.96875 -0.554688 1 0 1
0 3 -32 35 1 0 0 -0.84375 -0.554688 1 0 1
maps_rp_surdonoso_realworldtextures_floor_mixtile_solid_white_1424_14430_314
0 -13 -32 35 -1 0 0 -0.84375 -0.554688 1 0 1
0 -13 -16 35 -1 0 0 -0.96875 -0.554688 1 0 1
0 -13 -16 31 -1 0 0 -0.96875 -0.585938 1 0 1
maps_rp_surdonoso_realworldtextures_floor_mixtile_solid_white_1424_14430_314
0 -13 -32 35 -1 0 0 -0.84375 -0.554688 1 0 1
0 -13 -16 31 -1 0 0 -0.96875 -0.585938 1 0 1
0 -13 -32 31 -1 0 0 -0.84375 -0.585938 1 0 1
maps_rp_surdonoso_realworldtextures_floor_mixtile_solid_white_1424_14430_314
0 1 -30 10 0 0 -1 -0.859375 -124.421875 1 0 1
0 -11 -30 10 0 0 -1 -0.859375 -124.515625 1 0 1
0 -11 -18 10 0 0 -1 -0.953125 -124.515625 1 0 1
maps_rp_surdonoso_realworldtextures_floor_mixtile_solid_white_1424_14430_314
0 1 -30 10 0 0 -1 -0.859375 -124.421875 1 0 1
0 -11 -18 10 0 0 -1 -0.953125 -124.515625 1 0 1
0 1 -18 10 0 0 -1 -0.953125 -124.421875 1 0 1
maps_rp_surdonoso_realworldtextures_floor_mixtile_solid_white_1424_14430_314
0 -11 -30 12 0 0 1 -0.859375 -124.515625 1 0 1
0 1 -30 12 0 0 1 -0.859375 -124.421875 1 0 1
0 1 -18 12 0 0 1 -0.953125 -124.421875 1 0 1
maps_rp_surdonoso_realworldtextures_floor_mixtile_solid_white_1424_14430_314
0 -11 -30 12 0 0 1 -0.859375 -124.515625 1 0 1
0 1 -18 12 0 0 1 -0.953125 -124.421875 1 0 1
0 -11 -18 12 0 0 1 -0.953125 -124.515625 1 0 1
maps_rp_surdonoso_realworldtextures_floor_mixtile_solid_white_1424_14430_314
0 1 -18 10 0 1 0 -125.421875 -0.75 1 0 1
0 -11 -18 10 0 1 0 -125.515625 -0.75 1 0 1
0 -11 -18 12 0 1 0 -125.515625 -0.734375 1 0 1
maps_rp_surdonoso_realworldtextures_floor_mixtile_solid_white_1424_14430_314
0 1 -18 10 0 1 0 -125.421875 -0.75 1 0 1
0 -11 -18 12 0 1 0 -125.515625 -0.734375 1 0 1
0 1 -18 12 0 1 0 -125.421875 -0.734375 1 0 1
maps_rp_surdonoso_realworldtextures_floor_mixtile_solid_white_1424_14430_314
0 1 -30 12 0 -1 0 -125.421875 -0.734375 1 0 1
0 -11 -30 12 0 -1 0 -125.515625 -0.734375 1 0 1
0 -11 -30 10 0 -1 0 -125.515625 -0.75 1 0 1
maps_rp_surdonoso_realworldtextures_floor_mixtile_solid_white_1424_14430_314
0 1 -30 12 0 -1 0 -125.421875 -0.734375 1 0 1
0 -11 -30 10 0 -1 0 -125.515625 -0.75 1 0 1
0 1 -30 10 0 -1 0 -125.421875 -0.75 1 0 1
maps_rp_surdonoso_realworldtextures_floor_mixtile_solid_white_1424_14430_314
0 1 -30 10 1 0 0 -0.859375 -0.75 1 0 1
0 1 -18 10 1 0 0 -0.953125 -0.75 1 0 1
0 1 -18 12 1 0 0 -0.953125 -0.734375 1 0 1
maps_rp_surdonoso_realworldtextures_floor_mixtile_solid_white_1424_14430_314
0 1 -30 10 1 0 0 -0.859375 -0.75 1 0 1
0 1 -18 12 1 0 0 -0.953125 -0.734375 1 0 1
0 1 -30 12 1 0 0 -0.859375 -0.734375 1 0 1
maps_rp_surdonoso_realworldtextures_floor_mixtile_solid_white_1424_14430_314
0 -11 -30 12 -1 0 0 -0.859375 -0.734375 1 0 1
0 -11 -18 12 -1 0 0 -0.953125 -0.734375 1 0 1
0 -11 -18 10 -1 0 0 -0.953125 -0.75 1 0 1
maps_rp_surdonoso_realworldtextures_floor_mixtile_solid_white_1424_14430_314
0 -11 -30 12 -1 0 0 -0.859375 -0.734375 1 0 1
0 -11 -18 10 -1 0 0 -0.953125 -0.75 1 0 1
0 -11 -30 10 -1 0 0 -0.859375 -0.75 1 0 1
maps_rp_surdonoso_realworldtextures_floor_mixtile_solid_white_1424_14430_314
0 -13 -32 10 0 0 1 -0.84375 -124.53125 1 0 1
0 3 -32 10 0 0 1 -0.84375 -124.40625 1 0 1
0 3 -16 10 0 0 1 -0.96875 -124.40625 1 0 1
maps_rp_surdonoso_realworldtextures_floor_mixtile_solid_white_1424_14430_314
0 -13 -32 10 0 0 1 -0.84375 -124.53125 1 0 1
0 3 -16 10 0 0 1 -0.96875 -124.40625 1 0 1
0 -13 -16 10 0 0 1 -0.96875 -124.53125 1 0 1
maps_rp_surdonoso_realworldtextures_floor_mixtile_solid_white_1424_14430_314
0 3 -16 6 0 1 0 -125.40625 -0.78125 1 0 1
0 -13 -16 6 0 1 0 -125.53125 -0.78125 1 0 1
0 -13 -16 10 0 1 0 -125.53125 -0.75 1 0 1
maps_rp_surdonoso_realworldtextures_floor_mixtile_solid_white_1424_14430_314
0 3 -16 6 0 1 0 -125.40625 -0.78125 1 0 1
0 -13 -16 10 0 1 0 -125.53125 -0.75 1 0 1
0 3 -16 10 0 1 0 -125.40625 -0.75 1 0 1
maps_rp_surdonoso_realworldtextures_floor_mixtile_solid_white_1424_14430_314
0 3 -32 10 0 -1 0 -125.40625 -0.75 1 0 1
0 -13 -32 10 0 -1 0 -125.53125 -0.75 1 0 1
0 -13 -32 6 0 -1 0 -125.53125 -0.78125 1 0 1
maps_rp_surdonoso_realworldtextures_floor_mixtile_solid_white_1424_14430_314
0 3 -32 10 0 -1 0 -125.40625 -0.75 1 0 1
0 -13 -32 6 0 -1 0 -125.53125 -0.78125 1 0 1
0 3 -32 6 0 -1 0 -125.40625 -0.78125 1 0 1
maps_rp_surdonoso_realworldtextures_floor_mixtile_solid_white_1424_14430_314
0 3 -32 6 1 0 0 -0.84375 -0.78125 1 0 1
0 3 -16 6 1 0 0 -0.96875 -0.78125 1 0 1
0 3 -16 10 1 0 0 -0.96875 -0.75 1 0 1
maps_rp_surdonoso_realworldtextures_floor_mixtile_solid_white_1424_14430_314
0 3 -32 6 1 0 0 -0.84375 -0.78125 1 0 1
0 3 -16 10 1 0 0 -0.96875 -0.75 1 0 1
0 3 -32 10 1 0 0 -0.84375 -0.75 1 0 1
maps_rp_surdonoso_realworldtextures_floor_mixtile_solid_white_1424_14430_314
0 -13 -32 10 -1 0 0 -0.84375 -0.75 1 0 1
0 -13 -16 10 -1 0 0 -0.96875 -0.75 1 0 1
0 -13 -16 6 -1 0 0 -0.96875 -0.78125 1 0 1
maps_rp_surdonoso_realworldtextures_floor_mixtile_solid_white_1424_14430_314
0 -13 -32 10 -1 0 0 -0.84375 -0.75 1 0 1
0 -13 -16 6 -1 0 0 -0.96875 -0.78125 1 0 1
0 -13 -32 6 -1 0 0 -0.84375 -0.78125 1 0 1
maps_rp_surdonoso_realworldtextures_floor_mixtile_solid_white_1424_14430_314
0 -9 -28 29 0 0 1 -0.875 -124.5 1 0 1
0 -1 -28 29 0 0 1 -0.875 -124.4375 1 0 1
0 -1 -20 29 0 0 1 -0.9375 -124.4375 1 0 1
maps_rp_surdonoso_realworldtextures_floor_mixtile_solid_white_1424_14430_314
0 -9 -28 29 0 0 1 -0.875 -124.5 1 0 1
0 -1 -20 29 0 0 1 -0.9375 -124.4375 1 0 1
0 -9 -20 29 0 0 1 -0.9375 -124.5 1 0 1
maps_rp_surdonoso_realworldtextures_floor_mixtile_solid_white_1424_14430_314
0 -1 -28 12 0 0 -1 -0.875 -124.4375 1 0 1
0 -9 -28 12 0 0 -1 -0.875 -124.5 1 0 1
0 -9 -20 12 0 0 -1 -0.9375 -124.5 1 0 1
maps_rp_surdonoso_realworldtextures_floor_mixtile_solid_white_1424_14430_314
0 -1 -28 12 0 0 -1 -0.875 -124.4375 1 0 1
0 -9 -20 12 0 0 -1 -0.9375 -124.5 1 0 1
0 -1 -20 12 0 0 -1 -0.9375 -124.4375 1 0 1
maps_rp_surdonoso_realworldtextures_floor_mixtile_solid_white_1424_14430_314
0 -1 -20 12 0 1 0 -125.4375 -0.734375 1 0 1
0 -9 -20 12 0 1 0 -125.5 -0.734375 1 0 1
0 -9 -20 29 0 1 0 -125.5 -0.601562 1 0 1
maps_rp_surdonoso_realworldtextures_floor_mixtile_solid_white_1424_14430_314
0 -1 -20 12 0 1 0 -125.4375 -0.734375 1 0 1
0 -9 -20 29 0 1 0 -125.5 -0.601562 1 0 1
0 -1 -20 29 0 1 0 -125.4375 -0.601562 1 0 1
maps_rp_surdonoso_realworldtextures_floor_mixtile_solid_white_1424_14430_314
0 -1 -28 29 0 -1 0 -125.4375 -0.601562 1 0 1
0 -9 -28 29 0 -1 0 -125.5 -0.601562 1 0 1
0 -9 -28 12 0 -1 0 -125.5 -0.734375 1 0 1
maps_rp_surdonoso_realworldtextures_floor_mixtile_solid_white_1424_14430_314
0 -1 -28 29 0 -1 0 -125.4375 -0.601562 1 0 1
0 -9 -28 12 0 -1 0 -125.5 -0.734375 1 0 1
0 -1 -28 12 0 -1 0 -125.4375 -0.734375 1 0 1
maps_rp_surdonoso_realworldtextures_floor_mixtile_solid_white_1424_14430_314
0 -1 -28 12 1 0 0 -0.875 -0.734375 1 0 1
0 -1 -20 12 1 0 0 -0.9375 -0.734375 1 0 1
0 -1 -20 29 1 0 0 -0.9375 -0.601562 1 0 1
maps_rp_surdonoso_realworldtextures_floor_mixtile_solid_white_1424_14430_314
0 -1 -28 12 1 0 0 -0.875 -0.734375 1 0 1
0 -1 -20 29 1 0 0 -0.9375 -0.601562 1 0 1
0 -1 -28 29 1 0 0 -0.875 -0.601562 1 0 1
maps_rp_surdonoso_realworldtextures_floor_mixtile_solid_white_1424_14430_314
0 -9 -28 29 -1 0 0 -0.875 -0.601562 1 0 1
0 -9 -20 29 -1 0 0 -0.9375 -0.601562 1 0 1
0 -9 -20 12 -1 0 0 -0.9375 -0.734375 1 0 1
maps_rp_surdonoso_realworldtextures_floor_mixtile_solid_white_1424_14430_314
0 -9 -28 29 -1 0 0 -0.875 -0.601562 1 0 1
0 -9 -20 12 -1 0 0 -0.9375 -0.734375 1 0 1
0 -9 -28 12 -1 0 0 -0.875 -0.734375 1 0 1
maps_rp_surdonoso_realworldtextures_floor_mixtile_solid_white_1424_14430_314
0 1 -30 29 0 0 -1 -0.859375 -124.421875 1 0 1
0 -11 -30 29 0 0 -1 -0.859375 -124.515625 1 0 1
0 -11 -18 29 0 0 -1 -0.953125 -124.515625 1 0 1
maps_rp_surdonoso_realworldtextures_floor_mixtile_solid_white_1424_14430_314
0 1 -30 29 0 0 -1 -0.859375 -124.421875 1 0 1
0 -11 -18 29 0 0 -1 -0.953125 -124.515625 1 0 1
0 1 -18 29 0 0 -1 -0.953125 -124.421875 1 0 1
maps_rp_surdonoso_realworldtextures_floor_mixtile_solid_white_1424_14430_314
0 -11 -30 31 0 0 1 -0.859375 -124.515625 1 0 1
0 1 -30 31 0 0 1 -0.859375 -124.421875 1 0 1
0 1 -18 31 0 0 1 -0.953125 -124.421875 1 0 1
maps_rp_surdonoso_realworldtextures_floor_mixtile_solid_white_1424_14430_314
0 -11 -30 31 0 0 1 -0.859375 -124.515625 1 0 1
0 1 -18 31 0 0 1 -0.953125 -124.421875 1 0 1
0 -11 -18 31 0 0 1 -0.953125 -124.515625 1 0 1
maps_rp_surdonoso_realworldtextures_floor_mixtile_solid_white_1424_14430_314
0 1 -18 29 0 1 0 -125.421875 -0.601562 1 0 1
0 -11 -18 29 0 1 0 -125.515625 -0.601562 1 0 1
0 -11 -18 31 0 1 0 -125.515625 -0.585938 1 0 1
maps_rp_surdonoso_realworldtextures_floor_mixtile_solid_white_1424_14430_314
0 1 -18 29 0 1 0 -125.421875 -0.601562 1 0 1
0 -11 -18 31 0 1 0 -125.515625 -0.585938 1 0 1
0 1 -18 31 0 1 0 -125.421875 -0.585938 1 0 1
maps_rp_surdonoso_realworldtextures_floor_mixtile_solid_white_1424_14430_314
0 1 -30 31 0 -1 0 -125.421875 -0.585938 1 0 1
0 -11 -30 31 0 -1 0 -125.515625 -0.585938 1 0 1
0 -11 -30 29 0 -1 0 -125.515625 -0.601562 1 0 1
maps_rp_surdonoso_realworldtextures_floor_mixtile_solid_white_1424_14430_314
0 1 -30 31 0 -1 0 -125.421875 -0.585938 1 0 1
0 -11 -30 29 0 -1 0 -125.515625 -0.601562 1 0 1
0 1 -30 29 0 -1 0 -125.421875 -0.601562 1 0 1
maps_rp_surdonoso_realworldtextures_floor_mixtile_solid_white_1424_14430_314
0 1 -30 29 1 0 0 -0.859375 -0.601562 1 0 1
0 1 -18 29 1 0 0 -0.953125 -0.601562 1 0 1
0 1 -18 31 1 0 0 -0.953125 -0.585938 1 0 1
maps_rp_surdonoso_realworldtextures_floor_mixtile_solid_white_1424_14430_314
0 1 -30 29 1 0 0 -0.859375 -0.601562 1 0 1
0 1 -18 31 1 0 0 -0.953125 -0.585938 1 0 1
0 1 -30 31 1 0 0 -0.859375 -0.585938 1 0 1
maps_rp_surdonoso_realworldtextures_floor_mixtile_solid_white_1424_14430_314
0 -11 -30 31 -1 0 0 -0.859375 -0.585938 1 0 1
0 -11 -18 31 -1 0 0 -0.953125 -0.585938 1 0 1
0 -11 -18 29 -1 0 0 -0.953125 -0.601562 1 0 1
maps_rp_surdonoso_realworldtextures_floor_mixtile_solid_white_1424_14430_314
0 -11 -30 31 -1 0 0 -0.859375 -0.585938 1 0 1
0 -11 -18 29 -1 0 0 -0.953125 -0.601562 1 0 1
0 -11 -30 29 -1 0 0 -0.859375 -0.601562 1 0 1
maps_rp_surdonoso_realworldtextures_floor_mixtile_solid_white_1424_14430_314
0 3 -16 31 0 0 -1 -0.96875 -124.40625 1 0 1
0 -13 -16 31 0 0 -1 -0.96875 -124.53125 1 0 1
0 -13 0 31 0 0 -1 -1.09375 -124.53125 1 0 1
maps_rp_surdonoso_realworldtextures_floor_mixtile_solid_white_1424_14430_314
0 3 -16 31 0 0 -1 -0.96875 -124.40625 1 0 1
0 -13 0 31 0 0 -1 -1.09375 -124.53125 1 0 1
0 3 0 31 0 0 -1 -1.09375 -124.40625 1 0 1
maps_rp_surdonoso_realworldtextures_floor_mixtile_solid_white_1424_14430_314
0 -13 -16 35 0 0 1 -0.96875 -124.53125 1 0 1
0 3 -16 35 0 0 1 -0.96875 -124.40625 1 0 1
0 3 0 35 0 0 1 -1.09375 -124.40625 1 0 1
maps_rp_surdonoso_realworldtextures_floor_mixtile_solid_white_1424_14430_314
0 -13 -16 35 0 0 1 -0.96875 -124.53125 1 0 1
0 3 0 35 0 0 1 -1.09375 -124.40625 1 0 1
0 -13 0 35 0 0 1 -1.09375 -124.53125 1 0 1
maps_rp_surdonoso_realworldtextures_floor_mixtile_solid_white_1424_14430_314
0 3 0 31 0 1 0 -125.40625 -0.585938 1 0 1
0 -13 0 31 0 1 0 -125.53125 -0.585938 1 0 1
0 -13 0 35 0 1 0 -125.53125 -0.554688 1 0 1
maps_rp_surdonoso_realworldtextures_floor_mixtile_solid_white_1424_14430_314
0 3 0 31 0 1 0 -125.40625 -0.585938 1 0 1
0 -13 0 35 0 1 0 -125.53125 -0.554688 1 0 1
0 3 0 35 0 1 0 -125.40625 -0.554688 1 0 1
maps_rp_surdonoso_realworldtextures_floor_mixtile_solid_white_1424_14430_314
0 3 -16 35 0 -1 0 -125.40625 -0.554688 1 0 1
0 -13 -16 35 0 -1 0 -125.53125 -0.554688 1 0 1
0 -13 -16 31 0 -1 0 -125.53125 -0.585938 1 0 1
maps_rp_surdonoso_realworldtextures_floor_mixtile_solid_white_1424_14430_314
0 3 -16 35 0 -1 0 -125.40625 -0.554688 1 0 1
0 -13 -16 31 0 -1 0 -125.53125 -0.585938 1 0 1
0 3 -16 31 0 -1 0 -125.40625 -0.585938 1 0 1
maps_rp_surdonoso_realworldtextures_floor_mixtile_solid_white_1424_14430_314
0 3 -16 31 1 0 0 -0.96875 -0.585938 1 0 1
0 3 0 31 1 0 0 -1.09375 -0.585938 1 0 1
0 3 0 35 1 0 0 -1.09375 -0.554688 1 0 1
maps_rp_surdonoso_realworldtextures_floor_mixtile_solid_white_1424_14430_314
0 3 -16 31 1 0 0 -0.96875 -0.585938 1 0 1
0 3 0 35 1 0 0 -1.09375 -0.554688 1 0 1
0 3 -16 35 1 0 0 -0.96875 -0.554688 1 0 1
maps_rp_surdonoso_realworldtextures_floor_mixtile_solid_white_1424_14430_314
0 -13 -16 35 -1 0 0 -0.96875 -0.554688 1 0 1
0 -13 0 35 -1 0 0 -1.09375 -0.554688 1 0 1
0 -13 0 31 -1 0 0 -1.09375 -0.585938 1 0 1
maps_rp_surdonoso_realworldtextures_floor_mixtile_solid_white_1424_14430_314
0 -13 -16 35 -1 0 0 -0.96875 -0.554688 1 0 1
0 -13 0 31 -1 0 0 -1.09375 -0.585938 1 0 1
0 -13 -16 31 -1 0 0 -0.96875 -0.585938 1 0 1
maps_rp_surdonoso_realworldtextures_floor_mixtile_solid_white_1424_14430_314
0 -9 -12 29 0 0 1 -1 -124.5 1 0 1
0 -1 -12 29 0 0 1 -1 -124.4375 1 0 1
0 -1 -4 29 0 0 1 -1.0625 -124.4375 1 0 1
maps_rp_surdonoso_realworldtextures_floor_mixtile_solid_white_1424_14430_314
0 -9 -12 29 0 0 1 -1 -124.5 1 0 1
0 -1 -4 29 0 0 1 -1.0625 -124.4375 1 0 1
0 -9 -4 29 0 0 1 -1.0625 -124.5 1 0 1
maps_rp_surdonoso_realworldtextures_floor_mixtile_solid_white_1424_14430_314
0 -1 -12 12 0 0 -1 -1 -124.4375 1 0 1
0 -9 -12 12 0 0 -1 -1 -124.5 1 0 1
0 -9 -4 12 0 0 -1 -1.0625 -124.5 1 0 1
maps_rp_surdonoso_realworldtextures_floor_mixtile_solid_white_1424_14430_314
0 -1 -12 12 0 0 -1 -1 -124.4375 1 0 1
0 -9 -4 12 0 0 -1 -1.0625 -124.5 1 0 1
0 -1 -4 12 0 0 -1 -1.0625 -124.4375 1 0 1
maps_rp_surdonoso_realworldtextures_floor_mixtile_solid_white_1424_14430_314
0 -1 -4 12 0 1 0 -125.4375 -0.734375 1 0 1
0 -9 -4 12 0 1 0 -125.5 -0.734375 1 0 1
0 -9 -4 29 0 1 0 -125.5 -0.601562 1 0 1
maps_rp_surdonoso_realworldtextures_floor_mixtile_solid_white_1424_14430_314
0 -1 -4 12 0 1 0 -125.4375 -0.734375 1 0 1
0 -9 -4 29 0 1 0 -125.5 -0.601562 1 0 1
0 -1 -4 29 0 1 0 -125.4375 -0.601562 1 0 1
maps_rp_surdonoso_realworldtextures_floor_mixtile_solid_white_1424_14430_314
0 -1 -12 29 0 -1 0 -125.4375 -0.601562 1 0 1
0 -9 -12 29 0 -1 0 -125.5 -0.601562 1 0 1
0 -9 -12 12 0 -1 0 -125.5 -0.734375 1 0 1
maps_rp_surdonoso_realworldtextures_floor_mixtile_solid_white_1424_14430_314
0 -1 -12 29 0 -1 0 -125.4375 -0.601562 1 0 1
0 -9 -12 12 0 -1 0 -125.5 -0.734375 1 0 1
0 -1 -12 12 0 -1 0 -125.4375 -0.734375 1 0 1
maps_rp_surdonoso_realworldtextures_floor_mixtile_solid_white_1424_14430_314
0 -1 -12 12 1 0 0 -1 -0.734375 1 0 1
0 -1 -4 12 1 0 0 -1.0625 -0.734375 1 0 1
0 -1 -4 29 1 0 0 -1.0625 -0.601562 1 0 1
maps_rp_surdonoso_realworldtextures_floor_mixtile_solid_white_1424_14430_314
0 -1 -12 12 1 0 0 -1 -0.734375 1 0 1
0 -1 -4 29 1 0 0 -1.0625 -0.601562 1 0 1
0 -1 -12 29 1 0 0 -1 -0.601562 1 0 1
maps_rp_surdonoso_realworldtextures_floor_mixtile_solid_white_1424_14430_314
0 -9 -12 29 -1 0 0 -1 -0.601562 1 0 1
0 -9 -4 29 -1 0 0 -1.0625 -0.601562 1 0 1
0 -9 -4 12 -1 0 0 -1.0625 -0.734375 1 0 1
maps_rp_surdonoso_realworldtextures_floor_mixtile_solid_white_1424_14430_314
0 -9 -12 29 -1 0 0 -1 -0.601562 1 0 1
0 -9 -4 12 -1 0 0 -1.0625 -0.734375 1 0 1
0 -9 -12 12 -1 0 0 -1 -0.734375 1 0 1
maps_rp_surdonoso_realworldtextures_floor_mixtile_solid_white_1424_14430_314
0 1 -14 29 0 0 -1 -0.984375 -124.421875 1 0 1
0 -11 -14 29 0 0 -1 -0.984375 -124.515625 1 0 1
0 -11 -2 29 0 0 -1 -1.078125 -124.515625 1 0 1
maps_rp_surdonoso_realworldtextures_floor_mixtile_solid_white_1424_14430_314
0 1 -14 29 0 0 -1 -0.984375 -124.421875 1 0 1
0 -11 -2 29 0 0 -1 -1.078125 -124.515625 1 0 1
0 1 -2 29 0 0 -1 -1.078125 -124.421875 1 0 1
maps_rp_surdonoso_realworldtextures_floor_mixtile_solid_white_1424_14430_314
0 -11 -14 31 0 0 1 -0.984375 -124.515625 1 0 1
0 1 -14 31 0 0 1 -0.984375 -124.421875 1 0 1
0 1 -2 31 0 0 1 -1.078125 -124.421875 1 0 1
maps_rp_surdonoso_realworldtextures_floor_mixtile_solid_white_1424_14430_314
0 -11 -14 31 0 0 1 -0.984375 -124.515625 1 0 1
0 1 -2 31 0 0 1 -1.078125 -124.421875 1 0 1
0 -11 -2 31 0 0 1 -1.078125 -124.515625 1 0 1
maps_rp_surdonoso_realworldtextures_floor_mixtile_solid_white_1424_14430_314
0 1 -2 29 0 1 0 -125.421875 -0.601562 1 0 1
0 -11 -2 29 0 1 0 -125.515625 -0.601562 1 0 1
0 -11 -2 31 0 1 0 -125.515625 -0.585938 1 0 1
maps_rp_surdonoso_realworldtextures_floor_mixtile_solid_white_1424_14430_314
0 1 -2 29 0 1 0 -125.421875 -0.601562 1 0 1
0 -11 -2 31 0 1 0 -125.515625 -0.585938 1 0 1
0 1 -2 31 0 1 0 -125.421875 -0.585938 1 0 1
maps_rp_surdonoso_realworldtextures_floor_mixtile_solid_white_1424_14430_314
0 1 -14 31 0 -1 0 -125.421875 -0.585938 1 0 1
0 -11 -14 31 0 -1 0 -125.515625 -0.585938 1 0 1
0 -11 -14 29 0 -1 0 -125.515625 -0.601562 1 0 1
maps_rp_surdonoso_realworldtextures_floor_mixtile_solid_white_1424_14430_314
0 1 -14 31 0 -1 0 -125.421875 -0.585938 1 0 1
0 -11 -14 29 0 -1 0 -125.515625 -0.601562 1 0 1
0 1 -14 29 0 -1 0 -125.421875 -0.601562 1 0 1
maps_rp_surdonoso_realworldtextures_floor_mixtile_solid_white_1424_14430_314
0 1 -14 29 1 0 0 -0.984375 -0.601562 1 0 1
0 1 -2 29 1 0 0 -1.078125 -0.601562 1 0 1
0 1 -2 31 1 0 0 -1.078125 -0.585938 1 0 1
maps_rp_surdonoso_realworldtextures_floor_mixtile_solid_white_1424_14430_314
0 1 -14 29 1 0 0 -0.984375 -0.601562 1 0 1
0 1 -2 31 1 0 0 -1.078125 -0.585938 1 0 1
0 1 -14 31 1 0 0 -0.984375 -0.585938 1 0 1
maps_rp_surdonoso_realworldtextures_floor_mixtile_solid_white_1424_14430_314
0 -11 -14 31 -1 0 0 -0.984375 -0.585938 1 0 1
0 -11 -2 31 -1 0 0 -1.078125 -0.585938 1 0 1
0 -11 -2 29 -1 0 0 -1.078125 -0.601562 1 0 1
maps_rp_surdonoso_realworldtextures_floor_mixtile_solid_white_1424_14430_314
0 -11 -14 31 -1 0 0 -0.984375 -0.585938 1 0 1
0 -11 -2 29 -1 0 0 -1.078125 -0.601562 1 0 1
0 -11 -14 29 -1 0 0 -0.984375 -0.601562 1 0 1
maps_rp_surdonoso_realworldtextures_floor_mixtile_solid_white_1424_14430_314
0 1 -14 10 0 0 -1 -0.984375 -124.421875 1 0 1
0 -11 -14 10 0 0 -1 -0.984375 -124.515625 1 0 1
0 -11 -2 10 0 0 -1 -1.078125 -124.515625 1 0 1
maps_rp_surdonoso_realworldtextures_floor_mixtile_solid_white_1424_14430_314
0 1 -14 10 0 0 -1 -0.984375 -124.421875 1 0 1
0 -11 -2 10 0 0 -1 -1.078125 -124.515625 1 0 1
0 1 -2 10 0 0 -1 -1.078125 -124.421875 1 0 1
maps_rp_surdonoso_realworldtextures_floor_mixtile_solid_white_1424_14430_314
0 -11 -14 12 0 0 1 -0.984375 -124.515625 1 0 1
0 1 -14 12 0 0 1 -0.984375 -124.421875 1 0 1
0 1 -2 12 0 0 1 -1.078125 -124.421875 1 0 1
maps_rp_surdonoso_realworldtextures_floor_mixtile_solid_white_1424_14430_314
0 -11 -14 12 0 0 1 -0.984375 -124.515625 1 0 1
0 1 -2 12 0 0 1 -1.078125 -124.421875 1 0 1
0 -11 -2 12 0 0 1 -1.078125 -124.515625 1 0 1
maps_rp_surdonoso_realworldtextures_floor_mixtile_solid_white_1424_14430_314
0 1 -2 10 0 1 0 -125.421875 -0.75 1 0 1
0 -11 -2 10 0 1 0 -125.515625 -0.75 1 0 1
0 -11 -2 12 0 1 0 -125.515625 -0.734375 1 0 1
maps_rp_surdonoso_realworldtextures_floor_mixtile_solid_white_1424_14430_314
0 1 -2 10 0 1 0 -125.421875 -0.75 1 0 1
0 -11 -2 12 0 1 0 -125.515625 -0.734375 1 0 1
0 1 -2 12 0 1 0 -125.421875 -0.734375 1 0 1
maps_rp_surdonoso_realworldtextures_floor_mixtile_solid_white_1424_14430_314
0 1 -14 12 0 -1 0 -125.421875 -0.734375 1 0 1
0 -11 -14 12 0 -1 0 -125.515625 -0.734375 1 0 1
0 -11 -14 10 0 -1 0 -125.515625 -0.75 1 0 1
maps_rp_surdonoso_realworldtextures_floor_mixtile_solid_white_1424_14430_314
0 1 -14 12 0 -1 0 -125.421875 -0.734375 1 0 1
0 -11 -14 10 0 -1 0 -125.515625 -0.75 1 0 1
0 1 -14 10 0 -1 0 -125.421875 -0.75 1 0 1
maps_rp_surdonoso_realworldtextures_floor_mixtile_solid_white_1424_14430_314
0 1 -14 10 1 0 0 -0.984375 -0.75 1 0 1
0 1 -2 10 1 0 0 -1.078125 -0.75 1 0 1
0 1 -2 12 1 0 0 -1.078125 -0.734375 1 0 1
maps_rp_surdonoso_realworldtextures_floor_mixtile_solid_white_1424_14430_314
0 1 -14 10 1 0 0 -0.984375 -0.75 1 0 1
0 1 -2 12 1 0 0 -1.078125 -0.734375 1 0 1
0 1 -14 12 1 0 0 -0.984375 -0.734375 1 0 1
maps_rp_surdonoso_realworldtextures_floor_mixtile_solid_white_1424_14430_314
0 -11 -14 12 -1 0 0 -0.984375 -0.734375 1 0 1
0 -11 -2 12 -1 0 0 -1.078125 -0.734375 1 0 1
0 -11 -2 10 -1 0 0 -1.078125 -0.75 1 0 1
maps_rp_surdonoso_realworldtextures_floor_mixtile_solid_white_1424_14430_314
0 -11 -14 12 -1 0 0 -0.984375 -0.734375 1 0 1
0 -11 -2 10 -1 0 0 -1.078125 -0.75 1 0 1
0 -11 -14 10 -1 0 0 -0.984375 -0.75 1 0 1
maps_rp_surdonoso_realworldtextures_floor_mixtile_solid_white_1424_14430_314
0 -13 -16 10 0 0 1 -0.96875 -124.53125 1 0 1
0 3 -16 10 0 0 1 -0.96875 -124.40625 1 0 1
0 3 0 10 0 0 1 -1.09375 -124.40625 1 0 1
maps_rp_surdonoso_realworldtextures_floor_mixtile_solid_white_1424_14430_314
0 -13 -16 10 0 0 1 -0.96875 -124.53125 1 0 1
0 3 0 10 0 0 1 -1.09375 -124.40625 1 0 1
0 -13 0 10 0 0 1 -1.09375 -124.53125 1 0 1
maps_rp_surdonoso_realworldtextures_floor_mixtile_solid_white_1424_14430_314
0 3 0 6 0 1 0 -125.40625 -0.78125 1 0 1
0 -13 0 6 0 1 0 -125.53125 -0.78125 1 0 1
0 -13 0 10 0 1 0 -125.53125 -0.75 1 0 1
maps_rp_surdonoso_realworldtextures_floor_mixtile_solid_white_1424_14430_314
0 3 0 6 0 1 0 -125.40625 -0.78125 1 0 1
0 -13 0 10 0 1 0 -125.53125 -0.75 1 0 1
0 3 0 10 0 1 0 -125.40625 -0.75 1 0 1
maps_rp_surdonoso_realworldtextures_floor_mixtile_solid_white_1424_14430_314
0 3 -16 10 0 -1 0 -125.40625 -0.75 1 0 1
0 -13 -16 10 0 -1 0 -125.53125 -0.75 1 0 1
0 -13 -16 6 0 -1 0 -125.53125 -0.78125 1 0 1
maps_rp_surdonoso_realworldtextures_floor_mixtile_solid_white_1424_14430_314
0 3 -16 10 0 -1 0 -125.40625 -0.75 1 0 1
0 -13 -16 6 0 -1 0 -125.53125 -0.78125 1 0 1
0 3 -16 6 0 -1 0 -125.40625 -0.78125 1 0 1
maps_rp_surdonoso_realworldtextures_floor_mixtile_solid_white_1424_14430_314
0 3 -16 6 1 0 0 -0.96875 -0.78125 1 0 1
0 3 0 6 1 0 0 -1.09375 -0.78125 1 0 1
0 3 0 10 1 0 0 -1.09375 -0.75 1 0 1
maps_rp_surdonoso_realworldtextures_floor_mixtile_solid_white_1424_14430_314
0 3 -16 6 1 0 0 -0.96875 -0.78125 1 0 1
0 3 0 10 1 0 0 -1.09375 -0.75 1 0 1
0 3 -16 10 1 0 0 -0.96875 -0.75 1 0 1
maps_rp_surdonoso_realworldtextures_floor_mixtile_solid_white_1424_14430_314
0 -13 -16 10 -1 0 0 -0.96875 -0.75 1 0 1
0 -13 0 10 -1 0 0 -1.09375 -0.75 1 0 1
0 -13 0 6 -1 0 0 -1.09375 -0.78125 1 0 1
maps_rp_surdonoso_realworldtextures_floor_mixtile_solid_white_1424_14430_314
0 -13 -16 10 -1 0 0 -0.96875 -0.75 1 0 1
0 -13 0 6 -1 0 0 -1.09375 -0.78125 1 0 1
0 -13 -16 6 -1 0 0 -0.96875 -0.78125 1 0 1
maps_rp_surdonoso_realworldtextures_floor_mixtile_solid_white_1424_14430_314
0 3 0 31 0 0 -1 -1.09375 -124.40625 1 0 1
0 -13 0 31 0 0 -1 -1.09375 -124.53125 1 0 1
0 -13 16 31 0 0 -1 -1.21875 -124.53125 1 0 1
maps_rp_surdonoso_realworldtextures_floor_mixtile_solid_white_1424_14430_314
0 3 0 31 0 0 -1 -1.09375 -124.40625 1 0 1
0 -13 16 31 0 0 -1 -1.21875 -124.53125 1 0 1
0 3 16 31 0 0 -1 -1.21875 -124.40625 1 0 1
maps_rp_surdonoso_realworldtextures_floor_mixtile_solid_white_1424_14430_314
0 -13 0 35 0 0 1 -1.09375 -124.53125 1 0 1
0 3 0 35 0 0 1 -1.09375 -124.40625 1 0 1
0 3 16 35 0 0 1 -1.21875 -124.40625 1 0 1
maps_rp_surdonoso_realworldtextures_floor_mixtile_solid_white_1424_14430_314
0 -13 0 35 0 0 1 -1.09375 -124.53125 1 0 1
0 3 16 35 0 0 1 -1.21875 -124.40625 1 0 1
0 -13 16 35 0 0 1 -1.21875 -124.53125 1 0 1
maps_rp_surdonoso_realworldtextures_floor_mixtile_solid_white_1424_14430_314
0 3 16 31 0 1 0 -125.40625 -0.585938 1 0 1
0 -13 16 31 0 1 0 -125.53125 -0.585938 1 0 1
0 -13 16 35 0 1 0 -125.53125 -0.554688 1 0 1
maps_rp_surdonoso_realworldtextures_floor_mixtile_solid_white_1424_14430_314
0 3 16 31 0 1 0 -125.40625 -0.585938 1 0 1
0 -13 16 35 0 1 0 -125.53125 -0.554688 1 0 1
0 3 16 35 0 1 0 -125.40625 -0.554688 1 0 1
maps_rp_surdonoso_realworldtextures_floor_mixtile_solid_white_1424_14430_314
0 3 0 35 0 -1 0 -125.40625 -0.554688 1 0 1
0 -13 0 35 0 -1 0 -125.53125 -0.554688 1 0 1
0 -13 0 31 0 -1 0 -125.53125 -0.585938 1 0 1
maps_rp_surdonoso_realworldtextures_floor_mixtile_solid_white_1424_14430_314
0 3 0 35 0 -1 0 -125.40625 -0.554688 1 0 1
0 -13 0 31 0 -1 0 -125.53125 -0.585938 1 0 1
0 3 0 31 0 -1 0 -125.40625 -0.585938 1 0 1
maps_rp_surdonoso_realworldtextures_floor_mixtile_solid_white_1424_14430_314
0 3 0 31 1 0 0 -1.09375 -0.585938 1 0 1
0 3 16 31 1 0 0 -1.21875 -0.585938 1 0 1
0 3 16 35 1 0 0 -1.21875 -0.554688 1 0 1
maps_rp_surdonoso_realworldtextures_floor_mixtile_solid_white_1424_14430_314
0 3 0 31 1 0 0 -1.09375 -0.585938 1 0 1
0 3 16 35 1 0 0 -1.21875 -0.554688 1 0 1
0 3 0 35 1 0 0 -1.09375 -0.554688 1 0 1
maps_rp_surdonoso_realworldtextures_floor_mixtile_solid_white_1424_14430_314
0 -13 0 35 -1 0 0 -1.09375 -0.554688 1 0 1
0 -13 16 35 -1 0 0 -1.21875 -0.554688 1 0 1
0 -13 16 31 -1 0 0 -1.21875 -0.585938 1 0 1
maps_rp_surdonoso_realworldtextures_floor_mixtile_solid_white_1424_14430_314
0 -13 0 35 -1 0 0 -1.09375 -0.554688 1 0 1
0 -13 16 31 -1 0 0 -1.21875 -0.585938 1 0 1
0 -13 0 31 -1 0 0 -1.09375 -0.585938 1 0 1
maps_rp_surdonoso_realworldtextures_floor_mixtile_solid_white_1424_14430_314
0 1 2 10 0 0 -1 -1.109375 -124.421875 1 0 1
0 -11 2 10 0 0 -1 -1.109375 -124.515625 1 0 1
0 -11 14 10 0 0 -1 -1.203125 -124.515625 1 0 1
maps_rp_surdonoso_realworldtextures_floor_mixtile_solid_white_1424_14430_314
0 1 2 10 0 0 -1 -1.109375 -124.421875 1 0 1
0 -11 14 10 0 0 -1 -1.203125 -124.515625 1 0 1
0 1 14 10 0 0 -1 -1.203125 -124.421875 1 0 1
maps_rp_surdonoso_realworldtextures_floor_mixtile_solid_white_1424_14430_314
0 -11 2 12 0 0 1 -1.109375 -124.515625 1 0 1
0 1 2 12 0 0 1 -1.109375 -124.421875 1 0 1
0 1 14 12 0 0 1 -1.203125 -124.421875 1 0 1
maps_rp_surdonoso_realworldtextures_floor_mixtile_solid_white_1424_14430_314
0 -11 2 12 0 0 1 -1.109375 -124.515625 1 0 1
0 1 14 12 0 0 1 -1.203125 -124.421875 1 0 1
0 -11 14 12 0 0 1 -1.203125 -124.515625 1 0 1
maps_rp_surdonoso_realworldtextures_floor_mixtile_solid_white_1424_14430_314
0 1 14 10 0 1 0 -125.421875 -0.75 1 0 1
0 -11 14 10 0 1 0 -125.515625 -0.75 1 0 1
0 -11 14 12 0 1 0 -125.515625 -0.734375 1 0 1
maps_rp_surdonoso_realworldtextures_floor_mixtile_solid_white_1424_14430_314
0 1 14 10 0 1 0 -125.421875 -0.75 1 0 1
0 -11 14 12 0 1 0 -125.515625 -0.734375 1 0 1
0 1 14 12 0 1 0 -125.421875 -0.734375 1 0 1
maps_rp_surdonoso_realworldtextures_floor_mixtile_solid_white_1424_14430_314
0 1 2 12 0 -1 0 -125.421875 -0.734375 1 0 1
0 -11 2 12 0 -1 0 -125.515625 -0.734375 1 0 1
0 -11 2 10 0 -1 0 -125.515625 -0.75 1 0 1
maps_rp_surdonoso_realworldtextures_floor_mixtile_solid_white_1424_14430_314
0 1 2 12 0 -1 0 -125.421875 -0.734375 1 0 1
0 -11 2 10 0 -1 0 -125.515625 -0.75 1 0 1
0 1 2 10 0 -1 0 -125.421875 -0.75 1 0 1
maps_rp_surdonoso_realworldtextures_floor_mixtile_solid_white_1424_14430_314
0 1 2 10 1 0 0 -1.109375 -0.75 1 0 1
0 1 14 10 1 0 0 -1.203125 -0.75 1 0 1
0 1 14 12 1 0 0 -1.203125 -0.734375 1 0 1
maps_rp_surdonoso_realworldtextures_floor_mixtile_solid_white_1424_14430_314
0 1 2 10 1 0 0 -1.109375 -0.75 1 0 1
0 1 14 12 1 0 0 -1.203125 -0.734375 1 0 1
0 1 2 12 1 0 0 -1.109375 -0.734375 1 0 1
maps_rp_surdonoso_realworldtextures_floor_mixtile_solid_white_1424_14430_314
0 -11 2 12 -1 0 0 -1.109375 -0.734375 1 0 1
0 -11 14 12 -1 0 0 -1.203125 -0.734375 1 0 1
0 -11 14 10 -1 0 0 -1.203125 -0.75 1 0 1
maps_rp_surdonoso_realworldtextures_floor_mixtile_solid_white_1424_14430_314
0 -11 2 12 -1 0 0 -1.109375 -0.734375 1 0 1
0 -11 14 10 -1 0 0 -1.203125 -0.75 1 0 1
0 -11 2 10 -1 0 0 -1.109375 -0.75 1 0 1
maps_rp_surdonoso_realworldtextures_floor_mixtile_solid_white_1424_14430_314
0 -13 0 10 0 0 1 -1.09375 -124.53125 1 0 1
0 3 0 10 0 0 1 -1.09375 -124.40625 1 0 1
0 3 16 10 0 0 1 -1.21875 -124.40625 1 0 1
maps_rp_surdonoso_realworldtextures_floor_mixtile_solid_white_1424_14430_314
0 -13 0 10 0 0 1 -1.09375 -124.53125 1 0 1
0 3 16 10 0 0 1 -1.21875 -124.40625 1 0 1
0 -13 16 10 0 0 1 -1.21875 -124.53125 1 0 1
maps_rp_surdonoso_realworldtextures_floor_mixtile_solid_white_1424_14430_314
0 3 16 6 0 1 0 -125.40625 -0.78125 1 0 1
0 -13 16 6 0 1 0 -125.53125 -0.78125 1 0 1
0 -13 16 10 0 1 0 -125.53125 -0.75 1 0 1
maps_rp_surdonoso_realworldtextures_floor_mixtile_solid_white_1424_14430_314
0 3 16 6 0 1 0 -125.40625 -0.78125 1 0 1
0 -13 16 10 0 1 0 -125.53125 -0.75 1 0 1
0 3 16 10 0 1 0 -125.40625 -0.75 1 0 1
maps_rp_surdonoso_realworldtextures_floor_mixtile_solid_white_1424_14430_314
0 3 0 6 1 0 0 -1.09375 -0.78125 1 0 1
0 3 16 6 1 0 0 -1.21875 -0.78125 1 0 1
0 3 16 10 1 0 0 -1.21875 -0.75 1 0 1
maps_rp_surdonoso_realworldtextures_floor_mixtile_solid_white_1424_14430_314
0 3 0 6 1 0 0 -1.09375 -0.78125 1 0 1
0 3 16 10 1 0 0 -1.21875 -0.75 1 0 1
0 3 0 10 1 0 0 -1.09375 -0.75 1 0 1
maps_rp_surdonoso_realworldtextures_floor_mixtile_solid_white_1424_14430_314
0 -13 0 10 -1 0 0 -1.09375 -0.75 1 0 1
0 -13 16 10 -1 0 0 -1.21875 -0.75 1 0 1
0 -13 16 6 -1 0 0 -1.21875 -0.78125 1 0 1
maps_rp_surdonoso_realworldtextures_floor_mixtile_solid_white_1424_14430_314
0 -13 0 10 -1 0 0 -1.09375 -0.75 1 0 1
0 -13 16 6 -1 0 0 -1.21875 -0.78125 1 0 1
0 -13 0 6 -1 0 0 -1.09375 -0.78125 1 0 1
maps_rp_surdonoso_realworldtextures_floor_mixtile_solid_white_1424_14430_314
0 -9 4 29 0 0 1 -1.125 -124.5 1 0 1
0 -1 4 29 0 0 1 -1.125 -124.4375 1 0 1
0 -1 12 29 0 0 1 -1.1875 -124.4375 1 0 1
maps_rp_surdonoso_realworldtextures_floor_mixtile_solid_white_1424_14430_314
0 -9 4 29 0 0 1 -1.125 -124.5 1 0 1
0 -1 12 29 0 0 1 -1.1875 -124.4375 1 0 1
0 -9 12 29 0 0 1 -1.1875 -124.5 1 0 1
maps_rp_surdonoso_realworldtextures_floor_mixtile_solid_white_1424_14430_314
0 -1 4 12 0 0 -1 -1.125 -124.4375 1 0 1
0 -9 4 12 0 0 -1 -1.125 -124.5 1 0 1
0 -9 12 12 0 0 -1 -1.1875 -124.5 1 0 1
maps_rp_surdonoso_realworldtextures_floor_mixtile_solid_white_1424_14430_314
0 -1 4 12 0 0 -1 -1.125 -124.4375 1 0 1
0 -9 12 12 0 0 -1 -1.1875 -124.5 1 0 1
0 -1 12 12 0 0 -1 -1.1875 -124.4375 1 0 1
maps_rp_surdonoso_realworldtextures_floor_mixtile_solid_white_1424_14430_314
0 -1 12 12 0 1 0 -125.4375 -0.734375 1 0 1
0 -9 12 12 0 1 0 -125.5 -0.734375 1 0 1
0 -9 12 29 0 1 0 -125.5 -0.601562 1 0 1
maps_rp_surdonoso_realworldtextures_floor_mixtile_solid_white_1424_14430_314
0 -1 12 12 0 1 0 -125.4375 -0.734375 1 0 1
0 -9 12 29 0 1 0 -125.5 -0.601562 1 0 1
0 -1 12 29 0 1 0 -125.4375 -0.601562 1 0 1
maps_rp_surdonoso_realworldtextures_floor_mixtile_solid_white_1424_14430_314
0 -1 4 29 0 -1 0 -125.4375 -0.601562 1 0 1
0 -9 4 29 0 -1 0 -125.5 -0.601562 1 0 1
0 -9 4 12 0 -1 0 -125.5 -0.734375 1 0 1
maps_rp_surdonoso_realworldtextures_floor_mixtile_solid_white_1424_14430_314
0 -1 4 29 0 -1 0 -125.4375 -0.601562 1 0 1
0 -9 4 12 0 -1 0 -125.5 -0.734375 1 0 1
0 -1 4 12 0 -1 0 -125.4375 -0.734375 1 0 1
maps_rp_surdonoso_realworldtextures_floor_mixtile_solid_white_1424_14430_314
0 -1 4 12 1 0 0 -1.125 -0.734375 1 0 1
0 -1 12 12 1 0 0 -1.1875 -0.734375 1 0 1
0 -1 12 29 1 0 0 -1.1875 -0.601562 1 0 1
maps_rp_surdonoso_realworldtextures_floor_mixtile_solid_white_1424_14430_314
0 -1 4 12 1 0 0 -1.125 -0.734375 1 0 1
0 -1 12 29 1 0 0 -1.1875 -0.601562 1 0 1
0 -1 4 29 1 0 0 -1.125 -0.601562 1 0 1
maps_rp_surdonoso_realworldtextures_floor_mixtile_solid_white_1424_14430_314
0 -9 4 29 -1 0 0 -1.125 -0.601562 1 0 1
0 -9 12 29 -1 0 0 -1.1875 -0.601562 1 0 1
0 -9 12 12 -1 0 0 -1.1875 -0.734375 1 0 1
maps_rp_surdonoso_realworldtextures_floor_mixtile_solid_white_1424_14430_314
0 -9 4 29 -1 0 0 -1.125 -0.601562 1 0 1
0 -9 12 12 -1 0 0 -1.1875 -0.734375 1 0 1
0 -9 4 12 -1 0 0 -1.125 -0.734375 1 0 1
maps_rp_surdonoso_realworldtextures_floor_mixtile_solid_white_1424_14430_314
0 1 2 29 0 0 -1 -1.109375 -124.421875 1 0 1
0 -11 2 29 0 0 -1 -1.109375 -124.515625 1 0 1
0 -11 14 29 0 0 -1 -1.203125 -124.515625 1 0 1
maps_rp_surdonoso_realworldtextures_floor_mixtile_solid_white_1424_14430_314
0 1 2 29 0 0 -1 -1.109375 -124.421875 1 0 1
0 -11 14 29 0 0 -1 -1.203125 -124.515625 1 0 1
0 1 14 29 0 0 -1 -1.203125 -124.421875 1 0 1
maps_rp_surdonoso_realworldtextures_floor_mixtile_solid_white_1424_14430_314
0 -11 2 31 0 0 1 -1.109375 -124.515625 1 0 1
0 1 2 31 0 0 1 -1.109375 -124.421875 1 0 1
0 1 14 31 0 0 1 -1.203125 -124.421875 1 0 1
maps_rp_surdonoso_realworldtextures_floor_mixtile_solid_white_1424_14430_314
0 -11 2 31 0 0 1 -1.109375 -124.515625 1 0 1
0 1 14 31 0 0 1 -1.203125 -124.421875 1 0 1
0 -11 14 31 0 0 1 -1.203125 -124.515625 1 0 1
maps_rp_surdonoso_realworldtextures_floor_mixtile_solid_white_1424_14430_314
0 1 14 29 0 1 0 -125.421875 -0.601562 1 0 1
0 -11 14 29 0 1 0 -125.515625 -0.601562 1 0 1
0 -11 14 31 0 1 0 -125.515625 -0.585938 1 0 1
maps_rp_surdonoso_realworldtextures_floor_mixtile_solid_white_1424_14430_314
0 1 14 29 0 1 0 -125.421875 -0.601562 1 0 1
0 -11 14 31 0 1 0 -125.515625 -0.585938 1 0 1
0 1 14 31 0 1 0 -125.421875 -0.585938 1 0 1
maps_rp_surdonoso_realworldtextures_floor_mixtile_solid_white_1424_14430_314
0 1 2 31 0 -1 0 -125.421875 -0.585938 1 0 1
0 -11 2 31 0 -1 0 -125.515625 -0.585938 1 0 1
0 -11 2 29 0 -1 0 -125.515625 -0.601562 1 0 1
maps_rp_surdonoso_realworldtextures_floor_mixtile_solid_white_1424_14430_314
0 1 2 31 0 -1 0 -125.421875 -0.585938 1 0 1
0 -11 2 29 0 -1 0 -125.515625 -0.601562 1 0 1
0 1 2 29 0 -1 0 -125.421875 -0.601562 1 0 1
maps_rp_surdonoso_realworldtextures_floor_mixtile_solid_white_1424_14430_314
0 1 2 29 1 0 0 -1.109375 -0.601562 1 0 1
0 1 14 29 1 0 0 -1.203125 -0.601562 1 0 1
0 1 14 31 1 0 0 -1.203125 -0.585938 1 0 1
maps_rp_surdonoso_realworldtextures_floor_mixtile_solid_white_1424_14430_314
0 1 2 29 1 0 0 -1.109375 -0.601562 1 0 1
0 1 14 31 1 0 0 -1.203125 -0.585938 1 0 1
0 1 2 31 1 0 0 -1.109375 -0.585938 1 0 1
maps_rp_surdonoso_realworldtextures_floor_mixtile_solid_white_1424_14430_314
0 -11 2 31 -1 0 0 -1.109375 -0.585938 1 0 1
0 -11 14 31 -1 0 0 -1.203125 -0.585938 1 0 1
0 -11 14 29 -1 0 0 -1.203125 -0.601562 1 0 1
maps_rp_surdonoso_realworldtextures_floor_mixtile_solid_white_1424_14430_314
0 -11 2 31 -1 0 0 -1.109375 -0.585938 1 0 1
0 -11 14 29 -1 0 0 -1.203125 -0.601562 1 0 1
0 -11 2 29 -1 0 0 -1.109375 -0.601562 1 0 1
maps_rp_surdonoso_realworldtextures_floor_mixtile_solid_white_1424_14430_314
0 3 16 31 0 0 -1 -1.21875 -124.40625 1 0 1
0 -13 16 31 0 0 -1 -1.21875 -124.53125 1 0 1
0 -13 32 31 0 0 -1 -1.34375 -124.53125 1 0 1
maps_rp_surdonoso_realworldtextures_floor_mixtile_solid_white_1424_14430_314
0 3 16 31 0 0 -1 -1.21875 -124.40625 1 0 1
0 -13 32 31 0 0 -1 -1.34375 -124.53125 1 0 1
0 3 32 31 0 0 -1 -1.34375 -124.40625 1 0 1
maps_rp_surdonoso_realworldtextures_floor_mixtile_solid_white_1424_14430_314
0 -13 16 35 0 0 1 -1.21875 -124.53125 1 0 1
0 3 16 35 0 0 1 -1.21875 -124.40625 1 0 1
0 3 32 35 0 0 1 -1.34375 -124.40625 1 0 1
maps_rp_surdonoso_realworldtextures_floor_mixtile_solid_white_1424_14430_314
0 -13 16 35 0 0 1 -1.21875 -124.53125 1 0 1
0 3 32 35 0 0 1 -1.34375 -124.40625 1 0 1
0 -13 32 35 0 0 1 -1.34375 -124.53125 1 0 1
maps_rp_surdonoso_realworldtextures_floor_mixtile_solid_white_1424_14430_314
0 3 32 31 0 1 0 -125.40625 -0.585938 1 0 1
0 -13 32 31 0 1 0 -125.53125 -0.585938 1 0 1
0 -13 32 35 0 1 0 -125.53125 -0.554688 1 0 1
maps_rp_surdonoso_realworldtextures_floor_mixtile_solid_white_1424_14430_314
0 3 32 31 0 1 0 -125.40625 -0.585938 1 0 1
0 -13 32 35 0 1 0 -125.53125 -0.554688 1 0 1
0 3 32 35 0 1 0 -125.40625 -0.554688 1 0 1
maps_rp_surdonoso_realworldtextures_floor_mixtile_solid_white_1424_14430_314
0 3 16 35 0 -1 0 -125.40625 -0.554688 1 0 1
0 -13 16 35 0 -1 0 -125.53125 -0.554688 1 0 1
0 -13 16 31 0 -1 0 -125.53125 -0.585938 1 0 1
maps_rp_surdonoso_realworldtextures_floor_mixtile_solid_white_1424_14430_314
0 3 16 35 0 -1 0 -125.40625 -0.554688 1 0 1
0 -13 16 31 0 -1 0 -125.53125 -0.585938 1 0 1
0 3 16 31 0 -1 0 -125.40625 -0.585938 1 0 1
maps_rp_surdonoso_realworldtextures_floor_mixtile_solid_white_1424_14430_314
0 3 16 31 1 0 0 -1.21875 -0.585938 1 0 1
0 3 32 31 1 0 0 -1.34375 -0.585938 1 0 1
0 3 32 35 1 0 0 -1.34375 -0.554688 1 0 1
maps_rp_surdonoso_realworldtextures_floor_mixtile_solid_white_1424_14430_314
0 3 16 31 1 0 0 -1.21875 -0.585938 1 0 1
0 3 32 35 1 0 0 -1.34375 -0.554688 1 0 1
0 3 16 35 1 0 0 -1.21875 -0.554688 1 0 1
maps_rp_surdonoso_realworldtextures_floor_mixtile_solid_white_1424_14430_314
0 -13 16 35 -1 0 0 -1.21875 -0.554688 1 0 1
0 -13 32 35 -1 0 0 -1.34375 -0.554688 1 0 1
0 -13 32 31 -1 0 0 -1.34375 -0.585938 1 0 1
maps_rp_surdonoso_realworldtextures_floor_mixtile_solid_white_1424_14430_314
0 -13 16 35 -1 0 0 -1.21875 -0.554688 1 0 1
0 -13 32 31 -1 0 0 -1.34375 -0.585938 1 0 1
0 -13 16 31 -1 0 0 -1.21875 -0.585938 1 0 1
maps_rp_surdonoso_realworldtextures_floor_mixtile_solid_white_1424_14430_314
0 -9 20 29 0 0 1 -1.25 -124.5 1 0 1
0 -1 20 29 0 0 1 -1.25 -124.4375 1 0 1
0 -1 28 29 0 0 1 -1.3125 -124.4375 1 0 1
maps_rp_surdonoso_realworldtextures_floor_mixtile_solid_white_1424_14430_314
0 -9 20 29 0 0 1 -1.25 -124.5 1 0 1
0 -1 28 29 0 0 1 -1.3125 -124.4375 1 0 1
0 -9 28 29 0 0 1 -1.3125 -124.5 1 0 1
maps_rp_surdonoso_realworldtextures_floor_mixtile_solid_white_1424_14430_314
0 -1 20 12 0 0 -1 -1.25 -124.4375 1 0 1
0 -9 20 12 0 0 -1 -1.25 -124.5 1 0 1
0 -9 28 12 0 0 -1 -1.3125 -124.5 1 0 1
maps_rp_surdonoso_realworldtextures_floor_mixtile_solid_white_1424_14430_314
0 -1 20 12 0 0 -1 -1.25 -124.4375 1 0 1
0 -9 28 12 0 0 -1 -1.3125 -124.5 1 0 1
0 -1 28 12 0 0 -1 -1.3125 -124.4375 1 0 1
maps_rp_surdonoso_realworldtextures_floor_mixtile_solid_white_1424_14430_314
0 -1 28 12 0 1 0 -125.4375 -0.734375 1 0 1
0 -9 28 12 0 1 0 -125.5 -0.734375 1 0 1
0 -9 28 29 0 1 0 -125.5 -0.601562 1 0 1
maps_rp_surdonoso_realworldtextures_floor_mixtile_solid_white_1424_14430_314
0 -1 28 12 0 1 0 -125.4375 -0.734375 1 0 1
0 -9 28 29 0 1 0 -125.5 -0.601562 1 0 1
0 -1 28 29 0 1 0 -125.4375 -0.601562 1 0 1
maps_rp_surdonoso_realworldtextures_floor_mixtile_solid_white_1424_14430_314
0 -1 20 29 0 -1 0 -125.4375 -0.601562 1 0 1
0 -9 20 29 0 -1 0 -125.5 -0.601562 1 0 1
0 -9 20 12 0 -1 0 -125.5 -0.734375 1 0 1
maps_rp_surdonoso_realworldtextures_floor_mixtile_solid_white_1424_14430_314
0 -1 20 29 0 -1 0 -125.4375 -0.601562 1 0 1
0 -9 20 12 0 -1 0 -125.5 -0.734375 1 0 1
0 -1 20 12 0 -1 0 -125.4375 -0.734375 1 0 1
maps_rp_surdonoso_realworldtextures_floor_mixtile_solid_white_1424_14430_314
0 -1 20 12 1 0 0 -1.25 -0.734375 1 0 1
0 -1 28 12 1 0 0 -1.3125 -0.734375 1 0 1
0 -1 28 29 1 0 0 -1.3125 -0.601562 1 0 1
maps_rp_surdonoso_realworldtextures_floor_mixtile_solid_white_1424_14430_314
0 -1 20 12 1 0 0 -1.25 -0.734375 1 0 1
0 -1 28 29 1 0 0 -1.3125 -0.601562 1 0 1
0 -1 20 29 1 0 0 -1.25 -0.601562 1 0 1
maps_rp_surdonoso_realworldtextures_floor_mixtile_solid_white_1424_14430_314
0 -9 20 29 -1 0 0 -1.25 -0.601562 1 0 1
0 -9 28 29 -1 0 0 -1.3125 -0.601562 1 0 1
0 -9 28 12 -1 0 0 -1.3125 -0.734375 1 0 1
maps_rp_surdonoso_realworldtextures_floor_mixtile_solid_white_1424_14430_314
0 -9 20 29 -1 0 0 -1.25 -0.601562 1 0 1
0 -9 28 12 -1 0 0 -1.3125 -0.734375 1 0 1
0 -9 20 12 -1 0 0 -1.25 -0.734375 1 0 1
maps_rp_surdonoso_realworldtextures_floor_mixtile_solid_white_1424_14430_314
0 1 18 29 0 0 -1 -1.234375 -124.421875 1 0 1
0 -11 18 29 0 0 -1 -1.234375 -124.515625 1 0 1
0 -11 30 29 0 0 -1 -1.328125 -124.515625 1 0 1
maps_rp_surdonoso_realworldtextures_floor_mixtile_solid_white_1424_14430_314
0 1 18 29 0 0 -1 -1.234375 -124.421875 1 0 1
0 -11 30 29 0 0 -1 -1.328125 -124.515625 1 0 1
0 1 30 29 0 0 -1 -1.328125 -124.421875 1 0 1
maps_rp_surdonoso_realworldtextures_floor_mixtile_solid_white_1424_14430_314
0 -11 18 31 0 0 1 -1.234375 -124.515625 1 0 1
0 1 18 31 0 0 1 -1.234375 -124.421875 1 0 1
0 1 30 31 0 0 1 -1.328125 -124.421875 1 0 1
maps_rp_surdonoso_realworldtextures_floor_mixtile_solid_white_1424_14430_314
0 -11 18 31 0 0 1 -1.234375 -124.515625 1 0 1
0 1 30 31 0 0 1 -1.328125 -124.421875 1 0 1
0 -11 30 31 0 0 1 -1.328125 -124.515625 1 0 1
maps_rp_surdonoso_realworldtextures_floor_mixtile_solid_white_1424_14430_314
0 1 30 29 0 1 0 -125.421875 -0.601562 1 0 1
0 -11 30 29 0 1 0 -125.515625 -0.601562 1 0 1
0 -11 30 31 0 1 0 -125.515625 -0.585938 1 0 1
maps_rp_surdonoso_realworldtextures_floor_mixtile_solid_white_1424_14430_314
0 1 30 29 0 1 0 -125.421875 -0.601562 1 0 1
0 -11 30 31 0 1 0 -125.515625 -0.585938 1 0 1
0 1 30 31 0 1 0 -125.421875 -0.585938 1 0 1
maps_rp_surdonoso_realworldtextures_floor_mixtile_solid_white_1424_14430_314
0 1 18 31 0 -1 0 -125.421875 -0.585938 1 0 1
0 -11 18 31 0 -1 0 -125.515625 -0.585938 1 0 1
0 -11 18 29 0 -1 0 -125.515625 -0.601562 1 0 1
maps_rp_surdonoso_realworldtextures_floor_mixtile_solid_white_1424_14430_314
0 1 18 31 0 -1 0 -125.421875 -0.585938 1 0 1
0 -11 18 29 0 -1 0 -125.515625 -0.601562 1 0 1
0 1 18 29 0 -1 0 -125.421875 -0.601562 1 0 1
maps_rp_surdonoso_realworldtextures_floor_mixtile_solid_white_1424_14430_314
0 1 18 29 1 0 0 -1.234375 -0.601562 1 0 1
0 1 30 29 1 0 0 -1.328125 -0.601562 1 0 1
0 1 30 31 1 0 0 -1.328125 -0.585938 1 0 1
maps_rp_surdonoso_realworldtextures_floor_mixtile_solid_white_1424_14430_314
0 1 18 29 1 0 0 -1.234375 -0.601562 1 0 1
0 1 30 31 1 0 0 -1.328125 -0.585938 1 0 1
0 1 18 31 1 0 0 -1.234375 -0.585938 1 0 1
maps_rp_surdonoso_realworldtextures_floor_mixtile_solid_white_1424_14430_314
0 -11 18 31 -1 0 0 -1.234375 -0.585938 1 0 1
0 -11 30 31 -1 0 0 -1.328125 -0.585938 1 0 1
0 -11 30 29 -1 0 0 -1.328125 -0.601562 1 0 1
maps_rp_surdonoso_realworldtextures_floor_mixtile_solid_white_1424_14430_314
0 -11 18 31 -1 0 0 -1.234375 -0.585938 1 0 1
0 -11 30 29 -1 0 0 -1.328125 -0.601562 1 0 1
0 -11 18 29 -1 0 0 -1.234375 -0.601562 1 0 1
maps_rp_surdonoso_realworldtextures_floor_mixtile_solid_white_1424_14430_314
0 1 18 10 0 0 -1 -1.234375 -124.421875 1 0 1
0 -11 18 10 0 0 -1 -1.234375 -124.515625 1 0 1
0 -11 30 10 0 0 -1 -1.328125 -124.515625 1 0 1
maps_rp_surdonoso_realworldtextures_floor_mixtile_solid_white_1424_14430_314
0 1 18 10 0 0 -1 -1.234375 -124.421875 1 0 1
0 -11 30 10 0 0 -1 -1.328125 -124.515625 1 0 1
0 1 30 10 0 0 -1 -1.328125 -124.421875 1 0 1
maps_rp_surdonoso_realworldtextures_floor_mixtile_solid_white_1424_14430_314
0 -11 18 12 0 0 1 -1.234375 -124.515625 1 0 1
0 1 18 12 0 0 1 -1.234375 -124.421875 1 0 1
0 1 30 12 0 0 1 -1.328125 -124.421875 1 0 1
maps_rp_surdonoso_realworldtextures_floor_mixtile_solid_white_1424_14430_314
0 -11 18 12 0 0 1 -1.234375 -124.515625 1 0 1
0 1 30 12 0 0 1 -1.328125 -124.421875 1 0 1
0 -11 30 12 0 0 1 -1.328125 -124.515625 1 0 1
maps_rp_surdonoso_realworldtextures_floor_mixtile_solid_white_1424_14430_314
0 1 30 10 0 1 0 -125.421875 -0.75 1 0 1
0 -11 30 10 0 1 0 -125.515625 -0.75 1 0 1
0 -11 30 12 0 1 0 -125.515625 -0.734375 1 0 1
maps_rp_surdonoso_realworldtextures_floor_mixtile_solid_white_1424_14430_314
0 1 30 10 0 1 0 -125.421875 -0.75 1 0 1
0 -11 30 12 0 1 0 -125.515625 -0.734375 1 0 1
0 1 30 12 0 1 0 -125.421875 -0.734375 1 0 1
maps_rp_surdonoso_realworldtextures_floor_mixtile_solid_white_1424_14430_314
0 1 18 12 0 -1 0 -125.421875 -0.734375 1 0 1
0 -11 18 12 0 -1 0 -125.515625 -0.734375 1 0 1
0 -11 18 10 0 -1 0 -125.515625 -0.75 1 0 1
maps_rp_surdonoso_realworldtextures_floor_mixtile_solid_white_1424_14430_314
0 1 18 12 0 -1 0 -125.421875 -0.734375 1 0 1
0 -11 18 10 0 -1 0 -125.515625 -0.75 1 0 1
0 1 18 10 0 -1 0 -125.421875 -0.75 1 0 1
maps_rp_surdonoso_realworldtextures_floor_mixtile_solid_white_1424_14430_314
0 1 18 10 1 0 0 -1.234375 -0.75 1 0 1
0 1 30 10 1 0 0 -1.328125 -0.75 1 0 1
0 1 30 12 1 0 0 -1.328125 -0.734375 1 0 1
maps_rp_surdonoso_realworldtextures_floor_mixtile_solid_white_1424_14430_314
0 1 18 10 1 0 0 -1.234375 -0.75 1 0 1
0 1 30 12 1 0 0 -1.328125 -0.734375 1 0 1
0 1 18 12 1 0 0 -1.234375 -0.734375 1 0 1
maps_rp_surdonoso_realworldtextures_floor_mixtile_solid_white_1424_14430_314
0 -11 18 12 -1 0 0 -1.234375 -0.734375 1 0 1
0 -11 30 12 -1 0 0 -1.328125 -0.734375 1 0 1
0 -11 30 10 -1 0 0 -1.328125 -0.75 1 0 1
maps_rp_surdonoso_realworldtextures_floor_mixtile_solid_white_1424_14430_314
0 -11 18 12 -1 0 0 -1.234375 -0.734375 1 0 1
0 -11 30 10 -1 0 0 -1.328125 -0.75 1 0 1
0 -11 18 10 -1 0 0 -1.234375 -0.75 1 0 1
maps_rp_surdonoso_realworldtextures_floor_mixtile_solid_white_1424_14430_314
0 -13 16 10 0 0 1 -1.21875 -124.53125 1 0 1
0 3 16 10 0 0 1 -1.21875 -124.40625 1 0 1
0 3 32 10 0 0 1 -1.34375 -124.40625 1 0 1
maps_rp_surdonoso_realworldtextures_floor_mixtile_solid_white_1424_14430_314
0 -13 16 10 0 0 1 -1.21875 -124.53125 1 0 1
0 3 32 10 0 0 1 -1.34375 -124.40625 1 0 1
0 -13 32 10 0 0 1 -1.34375 -124.53125 1 0 1
maps_rp_surdonoso_realworldtextures_floor_mixtile_solid_white_1424_14430_314
0 3 32 6 0 1 0 -125.40625 -0.78125 1 0 1
0 -13 32 6 0 1 0 -125.53125 -0.78125 1 0 1
0 -13 32 10 0 1 0 -125.53125 -0.75 1 0 1
maps_rp_surdonoso_realworldtextures_floor_mixtile_solid_white_1424_14430_314
0 3 32 6 0 1 0 -125.40625 -0.78125 1 0 1
0 -13 32 10 0 1 0 -125.53125 -0.75 1 0 1
0 3 32 10 0 1 0 -125.40625 -0.75 1 0 1
maps_rp_surdonoso_realworldtextures_floor_mixtile_solid_white_1424_14430_314
0 3 16 10 0 -1 0 -125.40625 -0.75 1 0 1
0 -13 16 10 0 -1 0 -125.53125 -0.75 1 0 1
0 -13 16 6 0 -1 0 -125.53125 -0.78125 1 0 1
maps_rp_surdonoso_realworldtextures_floor_mixtile_solid_white_1424_14430_314
0 3 16 10 0 -1 0 -125.40625 -0.75 1 0 1
0 -13 16 6 0 -1 0 -125.53125 -0.78125 1 0 1
0 3 16 6 0 -1 0 -125.40625 -0.78125 1 0 1
maps_rp_surdonoso_realworldtextures_floor_mixtile_solid_white_1424_14430_314
0 3 16 6 1 0 0 -1.21875 -0.78125 1 0 1
0 3 32 6 1 0 0 -1.34375 -0.78125 1 0 1
0 3 32 10 1 0 0 -1.34375 -0.75 1 0 1
maps_rp_surdonoso_realworldtextures_floor_mixtile_solid_white_1424_14430_314
0 3 16 6 1 0 0 -1.21875 -0.78125 1 0 1
0 3 32 10 1 0 0 -1.34375 -0.75 1 0 1
0 3 16 10 1 0 0 -1.21875 -0.75 1 0 1
maps_rp_surdonoso_realworldtextures_floor_mixtile_solid_white_1424_14430_314
0 -13 16 10 -1 0 0 -1.21875 -0.75 1 0 1
0 -13 32 10 -1 0 0 -1.34375 -0.75 1 0 1
0 -13 32 6 -1 0 0 -1.34375 -0.78125 1 0 1
maps_rp_surdonoso_realworldtextures_floor_mixtile_solid_white_1424_14430_314
0 -13 16 10 -1 0 0 -1.21875 -0.75 1 0 1
0 -13 32 6 -1 0 0 -1.34375 -0.78125 1 0 1
0 -13 16 6 -1 0 0 -1.21875 -0.78125 1 0 1
maps_rp_surdonoso_realworldtextures_floor_mixtile_solid_white_1424_14430_314
0 3 32 31 0 0 -1 -1.34375 -124.40625 1 0 1
0 -13 32 31 0 0 -1 -1.34375 -124.53125 1 0 1
0 -13 48 31 0 0 -1 -1.46875 -124.53125 1 0 1
maps_rp_surdonoso_realworldtextures_floor_mixtile_solid_white_1424_14430_314
0 3 32 31 0 0 -1 -1.34375 -124.40625 1 0 1
0 -13 48 31 0 0 -1 -1.46875 -124.53125 1 0 1
0 3 48 31 0 0 -1 -1.46875 -124.40625 1 0 1
maps_rp_surdonoso_realworldtextures_floor_mixtile_solid_white_1424_14430_314
0 -13 32 35 0 0 1 -1.34375 -124.53125 1 0 1
0 3 32 35 0 0 1 -1.34375 -124.40625 1 0 1
0 3 48 35 0 0 1 -1.46875 -124.40625 1 0 1
maps_rp_surdonoso_realworldtextures_floor_mixtile_solid_white_1424_14430_314
0 -13 32 35 0 0 1 -1.34375 -124.53125 1 0 1
0 3 48 35 0 0 1 -1.46875 -124.40625 1 0 1
0 -13 48 35 0 0 1 -1.46875 -124.53125 1 0 1
maps_rp_surdonoso_realworldtextures_floor_mixtile_solid_white_1424_14430_314
0 3 48 31 0 1 0 -125.40625 -0.585938 1 0 1
0 -13 48 31 0 1 0 -125.53125 -0.585938 1 0 1
0 -13 48 35 0 1 0 -125.53125 -0.554688 1 0 1
maps_rp_surdonoso_realworldtextures_floor_mixtile_solid_white_1424_14430_314
0 3 48 31 0 1 0 -125.40625 -0.585938 1 0 1
0 -13 48 35 0 1 0 -125.53125 -0.554688 1 0 1
0 3 48 35 0 1 0 -125.40625 -0.554688 1 0 1
maps_rp_surdonoso_realworldtextures_floor_mixtile_solid_white_1424_14430_314
0 3 32 35 0 -1 0 -125.40625 -0.554688 1 0 1
0 -13 32 35 0 -1 0 -125.53125 -0.554688 1 0 1
0 -13 32 31 0 -1 0 -125.53125 -0.585938 1 0 1
maps_rp_surdonoso_realworldtextures_floor_mixtile_solid_white_1424_14430_314
0 3 32 35 0 -1 0 -125.40625 -0.554688 1 0 1
0 -13 32 31 0 -1 0 -125.53125 -0.585938 1 0 1
0 3 32 31 0 -1 0 -125.40625 -0.585938 1 0 1
maps_rp_surdonoso_realworldtextures_floor_mixtile_solid_white_1424_14430_314
0 3 32 31 1 0 0 -1.34375 -0.585938 1 0 1
0 3 48 31 1 0 0 -1.46875 -0.585938 1 0 1
0 3 48 35 1 0 0 -1.46875 -0.554688 1 0 1
maps_rp_surdonoso_realworldtextures_floor_mixtile_solid_white_1424_14430_314
0 3 32 31 1 0 0 -1.34375 -0.585938 1 0 1
0 3 48 35 1 0 0 -1.46875 -0.554688 1 0 1
0 3 32 35 1 0 0 -1.34375 -0.554688 1 0 1
maps_rp_surdonoso_realworldtextures_floor_mixtile_solid_white_1424_14430_314
0 -13 32 35 -1 0 0 -1.34375 -0.554688 1 0 1
0 -13 48 35 -1 0 0 -1.46875 -0.554688 1 0 1
0 -13 48 31 -1 0 0 -1.46875 -0.585938 1 0 1
maps_rp_surdonoso_realworldtextures_floor_mixtile_solid_white_1424_14430_314
0 -13 32 35 -1 0 0 -1.34375 -0.554688 1 0 1
0 -13 48 31 -1 0 0 -1.46875 -0.585938 1 0 1
0 -13 32 31 -1 0 0 -1.34375 -0.585938 1 0 1
maps_rp_surdonoso_realworldtextures_floor_mixtile_solid_white_1424_14430_314
0 1 34 10 0 0 -1 -1.359375 -124.421875 1 0 1
0 -11 34 10 0 0 -1 -1.359375 -124.515625 1 0 1
0 -11 46 10 0 0 -1 -1.453125 -124.515625 1 0 1
maps_rp_surdonoso_realworldtextures_floor_mixtile_solid_white_1424_14430_314
0 1 34 10 0 0 -1 -1.359375 -124.421875 1 0 1
0 -11 46 10 0 0 -1 -1.453125 -124.515625 1 0 1
0 1 46 10 0 0 -1 -1.453125 -124.421875 1 0 1
maps_rp_surdonoso_realworldtextures_floor_mixtile_solid_white_1424_14430_314
0 -11 34 12 0 0 1 -1.359375 -124.515625 1 0 1
0 1 34 12 0 0 1 -1.359375 -124.421875 1 0 1
0 1 46 12 0 0 1 -1.453125 -124.421875 1 0 1
maps_rp_surdonoso_realworldtextures_floor_mixtile_solid_white_1424_14430_314
0 -11 34 12 0 0 1 -1.359375 -124.515625 1 0 1
0 1 46 12 0 0 1 -1.453125 -124.421875 1 0 1
0 -11 46 12 0 0 1 -1.453125 -124.515625 1 0 1
maps_rp_surdonoso_realworldtextures_floor_mixtile_solid_white_1424_14430_314
0 1 46 10 0 1 0 -125.421875 -0.75 1 0 1
0 -11 46 10 0 1 0 -125.515625 -0.75 1 0 1
0 -11 46 12 0 1 0 -125.515625 -0.734375 1 0 1
maps_rp_surdonoso_realworldtextures_floor_mixtile_solid_white_1424_14430_314
0 1 46 10 0 1 0 -125.421875 -0.75 1 0 1
0 -11 46 12 0 1 0 -125.515625 -0.734375 1 0 1
0 1 46 12 0 1 0 -125.421875 -0.734375 1 0 1
maps_rp_surdonoso_realworldtextures_floor_mixtile_solid_white_1424_14430_314
0 1 34 12 0 -1 0 -125.421875 -0.734375 1 0 1
0 -11 34 12 0 -1 0 -125.515625 -0.734375 1 0 1
0 -11 34 10 0 -1 0 -125.515625 -0.75 1 0 1
maps_rp_surdonoso_realworldtextures_floor_mixtile_solid_white_1424_14430_314
0 1 34 12 0 -1 0 -125.421875 -0.734375 1 0 1
0 -11 34 10 0 -1 0 -125.515625 -0.75 1 0 1
0 1 34 10 0 -1 0 -125.421875 -0.75 1 0 1
maps_rp_surdonoso_realworldtextures_floor_mixtile_solid_white_1424_14430_314
0 1 34 10 1 0 0 -1.359375 -0.75 1 0 1
0 1 46 10 1 0 0 -1.453125 -0.75 1 0 1
0 1 46 12 1 0 0 -1.453125 -0.734375 1 0 1
maps_rp_surdonoso_realworldtextures_floor_mixtile_solid_white_1424_14430_314
0 1 34 10 1 0 0 -1.359375 -0.75 1 0 1
0 1 46 12 1 0 0 -1.453125 -0.734375 1 0 1
0 1 34 12 1 0 0 -1.359375 -0.734375 1 0 1
maps_rp_surdonoso_realworldtextures_floor_mixtile_solid_white_1424_14430_314
0 -11 34 12 -1 0 0 -1.359375 -0.734375 1 0 1
0 -11 46 12 -1 0 0 -1.453125 -0.734375 1 0 1
0 -11 46 10 -1 0 0 -1.453125 -0.75 1 0 1
maps_rp_surdonoso_realworldtextures_floor_mixtile_solid_white_1424_14430_314
0 -11 34 12 -1 0 0 -1.359375 -0.734375 1 0 1
0 -11 46 10 -1 0 0 -1.453125 -0.75 1 0 1
0 -11 34 10 -1 0 0 -1.359375 -0.75 1 0 1
maps_rp_surdonoso_realworldtextures_floor_mixtile_solid_white_1424_14430_314
0 -13 32 10 0 0 1 -1.34375 -124.53125 1 0 1
0 3 32 10 0 0 1 -1.34375 -124.40625 1 0 1
0 3 48 10 0 0 1 -1.46875 -124.40625 1 0 1
maps_rp_surdonoso_realworldtextures_floor_mixtile_solid_white_1424_14430_314
0 -13 32 10 0 0 1 -1.34375 -124.53125 1 0 1
0 3 48 10 0 0 1 -1.46875 -124.40625 1 0 1
0 -13 48 10 0 0 1 -1.46875 -124.53125 1 0 1
maps_rp_surdonoso_realworldtextures_floor_mixtile_solid_white_1424_14430_314
0 3 48 6 0 1 0 -125.40625 -0.78125 1 0 1
0 -13 48 6 0 1 0 -125.53125 -0.78125 1 0 1
0 -13 48 10 0 1 0 -125.53125 -0.75 1 0 1
maps_rp_surdonoso_realworldtextures_floor_mixtile_solid_white_1424_14430_314
0 3 48 6 0 1 0 -125.40625 -0.78125 1 0 1
0 -13 48 10 0 1 0 -125.53125 -0.75 1 0 1
0 3 48 10 0 1 0 -125.40625 -0.75 1 0 1
maps_rp_surdonoso_realworldtextures_floor_mixtile_solid_white_1424_14430_314
0 3 32 10 0 -1 0 -125.40625 -0.75 1 0 1
0 -13 32 10 0 -1 0 -125.53125 -0.75 1 0 1
0 -13 32 6 0 -1 0 -125.53125 -0.78125 1 0 1
maps_rp_surdonoso_realworldtextures_floor_mixtile_solid_white_1424_14430_314
0 3 32 10 0 -1 0 -125.40625 -0.75 1 0 1
0 -13 32 6 0 -1 0 -125.53125 -0.78125 1 0 1
0 3 32 6 0 -1 0 -125.40625 -0.78125 1 0 1
maps_rp_surdonoso_realworldtextures_floor_mixtile_solid_white_1424_14430_314
0 3 32 6 1 0 0 -1.34375 -0.78125 1 0 1
0 3 48 6 1 0 0 -1.46875 -0.78125 1 0 1
0 3 48 10 1 0 0 -1.46875 -0.75 1 0 1
maps_rp_surdonoso_realworldtextures_floor_mixtile_solid_white_1424_14430_314
0 3 32 6 1 0 0 -1.34375 -0.78125 1 0 1
0 3 48 10 1 0 0 -1.46875 -0.75 1 0 1
0 3 32 10 1 0 0 -1.34375 -0.75 1 0 1
maps_rp_surdonoso_realworldtextures_floor_mixtile_solid_white_1424_14430_314
0 -13 32 10 -1 0 0 -1.34375 -0.75 1 0 1
0 -13 48 10 -1 0 0 -1.46875 -0.75 1 0 1
0 -13 48 6 -1 0 0 -1.46875 -0.78125 1 0 1
maps_rp_surdonoso_realworldtextures_floor_mixtile_solid_white_1424_14430_314
0 -13 32 10 -1 0 0 -1.34375 -0.75 1 0 1
0 -13 48 6 -1 0 0 -1.46875 -0.78125 1 0 1
0 -13 32 6 -1 0 0 -1.34375 -0.78125 1 0 1
maps_rp_surdonoso_realworldtextures_floor_mixtile_solid_white_1424_14430_314
0 -9 36 29 0 0 1 -1.375 -124.5 1 0 1
0 -1 36 29 0 0 1 -1.375 -124.4375 1 0 1
0 -1 44 29 0 0 1 -1.4375 -124.4375 1 0 1
maps_rp_surdonoso_realworldtextures_floor_mixtile_solid_white_1424_14430_314
0 -9 36 29 0 0 1 -1.375 -124.5 1 0 1
0 -1 44 29 0 0 1 -1.4375 -124.4375 1 0 1
0 -9 44 29 0 0 1 -1.4375 -124.5 1 0 1
maps_rp_surdonoso_realworldtextures_floor_mixtile_solid_white_1424_14430_314
0 -1 36 12 0 0 -1 -1.375 -124.4375 1 0 1
0 -9 36 12 0 0 -1 -1.375 -124.5 1 0 1
0 -9 44 12 0 0 -1 -1.4375 -124.5 1 0 1
maps_rp_surdonoso_realworldtextures_floor_mixtile_solid_white_1424_14430_314
0 -1 36 12 0 0 -1 -1.375 -124.4375 1 0 1
0 -9 44 12 0 0 -1 -1.4375 -124.5 1 0 1
0 -1 44 12 0 0 -1 -1.4375 -124.4375 1 0 1
maps_rp_surdonoso_realworldtextures_floor_mixtile_solid_white_1424_14430_314
0 -1 44 12 0 1 0 -125.4375 -0.734375 1 0 1
0 -9 44 12 0 1 0 -125.5 -0.734375 1 0 1
0 -9 44 29 0 1 0 -125.5 -0.601562 1 0 1
maps_rp_surdonoso_realworldtextures_floor_mixtile_solid_white_1424_14430_314
0 -1 44 12 0 1 0 -125.4375 -0.734375 1 0 1
0 -9 44 29 0 1 0 -125.5 -0.601562 1 0 1
0 -1 44 29 0 1 0 -125.4375 -0.601562 1 0 1
maps_rp_surdonoso_realworldtextures_floor_mixtile_solid_white_1424_14430_314
0 -1 36 29 0 -1 0 -125.4375 -0.601562 1 0 1
0 -9 36 29 0 -1 0 -125.5 -0.601562 1 0 1
0 -9 36 12 0 -1 0 -125.5 -0.734375 1 0 1
maps_rp_surdonoso_realworldtextures_floor_mixtile_solid_white_1424_14430_314
0 -1 36 29 0 -1 0 -125.4375 -0.601562 1 0 1
0 -9 36 12 0 -1 0 -125.5 -0.734375 1 0 1
0 -1 36 12 0 -1 0 -125.4375 -0.734375 1 0 1
maps_rp_surdonoso_realworldtextures_floor_mixtile_solid_white_1424_14430_314
0 -1 36 12 1 0 0 -1.375 -0.734375 1 0 1
0 -1 44 12 1 0 0 -1.4375 -0.734375 1 0 1
0 -1 44 29 1 0 0 -1.4375 -0.601562 1 0 1
maps_rp_surdonoso_realworldtextures_floor_mixtile_solid_white_1424_14430_314
0 -1 36 12 1 0 0 -1.375 -0.734375 1 0 1
0 -1 44 29 1 0 0 -1.4375 -0.601562 1 0 1
0 -1 36 29 1 0 0 -1.375 -0.601562 1 0 1
maps_rp_surdonoso_realworldtextures_floor_mixtile_solid_white_1424_14430_314
0 -9 36 29 -1 0 0 -1.375 -0.601562 1 0 1
0 -9 44 29 -1 0 0 -1.4375 -0.601562 1 0 1
0 -9 44 12 -1 0 0 -1.4375 -0.734375 1 0 1
maps_rp_surdonoso_realworldtextures_floor_mixtile_solid_white_1424_14430_314
0 -9 36 29 -1 0 0 -1.375 -0.601562 1 0 1
0 -9 44 12 -1 0 0 -1.4375 -0.734375 1 0 1
0 -9 36 12 -1 0 0 -1.375 -0.734375 1 0 1
maps_rp_surdonoso_realworldtextures_floor_mixtile_solid_white_1424_14430_314
0 1 34 29 0 0 -1 -1.359375 -124.421875 1 0 1
0 -11 34 29 0 0 -1 -1.359375 -124.515625 1 0 1
0 -11 46 29 0 0 -1 -1.453125 -124.515625 1 0 1
maps_rp_surdonoso_realworldtextures_floor_mixtile_solid_white_1424_14430_314
0 1 34 29 0 0 -1 -1.359375 -124.421875 1 0 1
0 -11 46 29 0 0 -1 -1.453125 -124.515625 1 0 1
0 1 46 29 0 0 -1 -1.453125 -124.421875 1 0 1
maps_rp_surdonoso_realworldtextures_floor_mixtile_solid_white_1424_14430_314
0 -11 34 31 0 0 1 -1.359375 -124.515625 1 0 1
0 1 34 31 0 0 1 -1.359375 -124.421875 1 0 1
0 1 46 31 0 0 1 -1.453125 -124.421875 1 0 1
maps_rp_surdonoso_realworldtextures_floor_mixtile_solid_white_1424_14430_314
0 -11 34 31 0 0 1 -1.359375 -124.515625 1 0 1
0 1 46 31 0 0 1 -1.453125 -124.421875 1 0 1
0 -11 46 31 0 0 1 -1.453125 -124.515625 1 0 1
maps_rp_surdonoso_realworldtextures_floor_mixtile_solid_white_1424_14430_314
0 1 46 29 0 1 0 -125.421875 -0.601562 1 0 1
0 -11 46 29 0 1 0 -125.515625 -0.601562 1 0 1
0 -11 46 31 0 1 0 -125.515625 -0.585938 1 0 1
maps_rp_surdonoso_realworldtextures_floor_mixtile_solid_white_1424_14430_314
0 1 46 29 0 1 0 -125.421875 -0.601562 1 0 1
0 -11 46 31 0 1 0 -125.515625 -0.585938 1 0 1
0 1 46 31 0 1 0 -125.421875 -0.585938 1 0 1
maps_rp_surdonoso_realworldtextures_floor_mixtile_solid_white_1424_14430_314
0 1 34 31 0 -1 0 -125.421875 -0.585938 1 0 1
0 -11 34 31 0 -1 0 -125.515625 -0.585938 1 0 1
0 -11 34 29 0 -1 0 -125.515625 -0.601562 1 0 1
maps_rp_surdonoso_realworldtextures_floor_mixtile_solid_white_1424_14430_314
0 1 34 31 0 -1 0 -125.421875 -0.585938 1 0 1
0 -11 34 29 0 -1 0 -125.515625 -0.601562 1 0 1
0 1 34 29 0 -1 0 -125.421875 -0.601562 1 0 1
maps_rp_surdonoso_realworldtextures_floor_mixtile_solid_white_1424_14430_314
0 1 34 29 1 0 0 -1.359375 -0.601562 1 0 1
0 1 46 29 1 0 0 -1.453125 -0.601562 1 0 1
0 1 46 31 1 0 0 -1.453125 -0.585938 1 0 1
maps_rp_surdonoso_realworldtextures_floor_mixtile_solid_white_1424_14430_314
0 1 34 29 1 0 0 -1.359375 -0.601562 1 0 1
0 1 46 31 1 0 0 -1.453125 -0.585938 1 0 1
0 1 34 31 1 0 0 -1.359375 -0.585938 1 0 1
maps_rp_surdonoso_realworldtextures_floor_mixtile_solid_white_1424_14430_314
0 -11 34 31 -1 0 0 -1.359375 -0.585938 1 0 1
0 -11 46 31 -1 0 0 -1.453125 -0.585938 1 0 1
0 -11 46 29 -1 0 0 -1.453125 -0.601562 1 0 1
maps_rp_surdonoso_realworldtextures_floor_mixtile_solid_white_1424_14430_314
0 -11 34 31 -1 0 0 -1.359375 -0.585938 1 0 1
0 -11 46 29 -1 0 0 -1.453125 -0.601562 1 0 1
0 -11 34 29 -1 0 0 -1.359375 -0.601562 1 0 1
maps_rp_surdonoso_realworldtextures_floor_mixtile_solid_white_1424_14430_314
0 3 48 31 0 0 -1 -1.46875 -124.40625 1 0 1
0 -13 48 31 0 0 -1 -1.46875 -124.53125 1 0 1
0 -13 64 31 0 0 -1 -1.59375 -124.53125 1 0 1
maps_rp_surdonoso_realworldtextures_floor_mixtile_solid_white_1424_14430_314
0 3 48 31 0 0 -1 -1.46875 -124.40625 1 0 1
0 -13 64 31 0 0 -1 -1.59375 -124.53125 1 0 1
0 3 64 31 0 0 -1 -1.59375 -124.40625 1 0 1
maps_rp_surdonoso_realworldtextures_floor_mixtile_solid_white_1424_14430_314
0 -13 48 35 0 0 1 -1.46875 -124.53125 1 0 1
0 3 48 35 0 0 1 -1.46875 -124.40625 1 0 1
0 3 64 35 0 0 1 -1.59375 -124.40625 1 0 1
maps_rp_surdonoso_realworldtextures_floor_mixtile_solid_white_1424_14430_314
0 -13 48 35 0 0 1 -1.46875 -124.53125 1 0 1
0 3 64 35 0 0 1 -1.59375 -124.40625 1 0 1
0 -13 64 35 0 0 1 -1.59375 -124.53125 1 0 1
maps_rp_surdonoso_realworldtextures_floor_mixtile_solid_white_1424_14430_314
0 3 64 31 0 1 0 -125.40625 -0.585938 1 0 1
0 -13 64 31 0 1 0 -125.53125 -0.585938 1 0 1
0 -13 64 35 0 1 0 -125.53125 -0.554688 1 0 1
maps_rp_surdonoso_realworldtextures_floor_mixtile_solid_white_1424_14430_314
0 3 64 31 0 1 0 -125.40625 -0.585938 1 0 1
0 -13 64 35 0 1 0 -125.53125 -0.554688 1 0 1
0 3 64 35 0 1 0 -125.40625 -0.554688 1 0 1
maps_rp_surdonoso_realworldtextures_floor_mixtile_solid_white_1424_14430_314
0 3 48 35 0 -1 0 -125.40625 -0.554688 1 0 1
0 -13 48 35 0 -1 0 -125.53125 -0.554688 1 0 1
0 -13 48 31 0 -1 0 -125.53125 -0.585938 1 0 1
maps_rp_surdonoso_realworldtextures_floor_mixtile_solid_white_1424_14430_314
0 3 48 35 0 -1 0 -125.40625 -0.554688 1 0 1
0 -13 48 31 0 -1 0 -125.53125 -0.585938 1 0 1
0 3 48 31 0 -1 0 -125.40625 -0.585938 1 0 1
maps_rp_surdonoso_realworldtextures_floor_mixtile_solid_white_1424_14430_314
0 3 48 31 1 0 0 -1.46875 -0.585938 1 0 1
0 3 64 31 1 0 0 -1.59375 -0.585938 1 0 1
0 3 64 35 1 0 0 -1.59375 -0.554688 1 0 1
maps_rp_surdonoso_realworldtextures_floor_mixtile_solid_white_1424_14430_314
0 3 48 31 1 0 0 -1.46875 -0.585938 1 0 1
0 3 64 35 1 0 0 -1.59375 -0.554688 1 0 1
0 3 48 35 1 0 0 -1.46875 -0.554688 1 0 1
maps_rp_surdonoso_realworldtextures_floor_mixtile_solid_white_1424_14430_314
0 -13 48 35 -1 0 0 -1.46875 -0.554688 1 0 1
0 -13 64 35 -1 0 0 -1.59375 -0.554688 1 0 1
0 -13 64 31 -1 0 0 -1.59375 -0.585938 1 0 1
maps_rp_surdonoso_realworldtextures_floor_mixtile_solid_white_1424_14430_314
0 -13 48 35 -1 0 0 -1.46875 -0.554688 1 0 1
0 -13 64 31 -1 0 0 -1.59375 -0.585938 1 0 1
0 -13 48 31 -1 0 0 -1.46875 -0.585938 1 0 1
maps_rp_surdonoso_realworldtextures_floor_mixtile_solid_white_1424_14430_314
0 -9 52 29 0 0 1 -1.5 -124.5 1 0 1
0 -1 52 29 0 0 1 -1.5 -124.4375 1 0 1
0 -1 60 29 0 0 1 -1.5625 -124.4375 1 0 1
maps_rp_surdonoso_realworldtextures_floor_mixtile_solid_white_1424_14430_314
0 -9 52 29 0 0 1 -1.5 -124.5 1 0 1
0 -1 60 29 0 0 1 -1.5625 -124.4375 1 0 1
0 -9 60 29 0 0 1 -1.5625 -124.5 1 0 1
maps_rp_surdonoso_realworldtextures_floor_mixtile_solid_white_1424_14430_314
0 -1 52 12 0 0 -1 -1.5 -124.4375 1 0 1
0 -9 52 12 0 0 -1 -1.5 -124.5 1 0 1
0 -9 60 12 0 0 -1 -1.5625 -124.5 1 0 1
maps_rp_surdonoso_realworldtextures_floor_mixtile_solid_white_1424_14430_314
0 -1 52 12 0 0 -1 -1.5 -124.4375 1 0 1
0 -9 60 12 0 0 -1 -1.5625 -124.5 1 0 1
0 -1 60 12 0 0 -1 -1.5625 -124.4375 1 0 1
maps_rp_surdonoso_realworldtextures_floor_mixtile_solid_white_1424_14430_314
0 -1 60 12 0 1 0 -125.4375 -0.734375 1 0 1
0 -9 60 12 0 1 0 -125.5 -0.734375 1 0 1
0 -9 60 29 0 1 0 -125.5 -0.601562 1 0 1
maps_rp_surdonoso_realworldtextures_floor_mixtile_solid_white_1424_14430_314
0 -1 60 12 0 1 0 -125.4375 -0.734375 1 0 1
0 -9 60 29 0 1 0 -125.5 -0.601562 1 0 1
0 -1 60 29 0 1 0 -125.4375 -0.601562 1 0 1
maps_rp_surdonoso_realworldtextures_floor_mixtile_solid_white_1424_14430_314
0 -1 52 29 0 -1 0 -125.4375 -0.601562 1 0 1
0 -9 52 29 0 -1 0 -125.5 -0.601562 1 0 1
0 -9 52 12 0 -1 0 -125.5 -0.734375 1 0 1
maps_rp_surdonoso_realworldtextures_floor_mixtile_solid_white_1424_14430_314
0 -1 52 29 0 -1 0 -125.4375 -0.601562 1 0 1
0 -9 52 12 0 -1 0 -125.5 -0.734375 1 0 1
0 -1 52 12 0 -1 0 -125.4375 -0.734375 1 0 1
maps_rp_surdonoso_realworldtextures_floor_mixtile_solid_white_1424_14430_314
0 -1 52 12 1 0 0 -1.5 -0.734375 1 0 1
0 -1 60 12 1 0 0 -1.5625 -0.734375 1 0 1
0 -1 60 29 1 0 0 -1.5625 -0.601562 1 0 1
maps_rp_surdonoso_realworldtextures_floor_mixtile_solid_white_1424_14430_314
0 -1 52 12 1 0 0 -1.5 -0.734375 1 0 1
0 -1 60 29 1 0 0 -1.5625 -0.601562 1 0 1
0 -1 52 29 1 0 0 -1.5 -0.601562 1 0 1
maps_rp_surdonoso_realworldtextures_floor_mixtile_solid_white_1424_14430_314
0 -9 52 29 -1 0 0 -1.5 -0.601562 1 0 1
0 -9 60 29 -1 0 0 -1.5625 -0.601562 1 0 1
0 -9 60 12 -1 0 0 -1.5625 -0.734375 1 0 1
maps_rp_surdonoso_realworldtextures_floor_mixtile_solid_white_1424_14430_314
0 -9 52 29 -1 0 0 -1.5 -0.601562 1 0 1
0 -9 60 12 -1 0 0 -1.5625 -0.734375 1 0 1
0 -9 52 12 -1 0 0 -1.5 -0.734375 1 0 1
maps_rp_surdonoso_realworldtextures_floor_mixtile_solid_white_1424_14430_314
0 1 50 29 0 0 -1 -1.484375 -124.421875 1 0 1
0 -11 50 29 0 0 -1 -1.484375 -124.515625 1 0 1
0 -11 62 29 0 0 -1 -1.578125 -124.515625 1 0 1
maps_rp_surdonoso_realworldtextures_floor_mixtile_solid_white_1424_14430_314
0 1 50 29 0 0 -1 -1.484375 -124.421875 1 0 1
0 -11 62 29 0 0 -1 -1.578125 -124.515625 1 0 1
0 1 62 29 0 0 -1 -1.578125 -124.421875 1 0 1
maps_rp_surdonoso_realworldtextures_floor_mixtile_solid_white_1424_14430_314
0 -11 50 31 0 0 1 -1.484375 -124.515625 1 0 1
0 1 50 31 0 0 1 -1.484375 -124.421875 1 0 1
0 1 62 31 0 0 1 -1.578125 -124.421875 1 0 1
maps_rp_surdonoso_realworldtextures_floor_mixtile_solid_white_1424_14430_314
0 -11 50 31 0 0 1 -1.484375 -124.515625 1 0 1
0 1 62 31 0 0 1 -1.578125 -124.421875 1 0 1
0 -11 62 31 0 0 1 -1.578125 -124.515625 1 0 1
maps_rp_surdonoso_realworldtextures_floor_mixtile_solid_white_1424_14430_314
0 1 62 29 0 1 0 -125.421875 -0.601562 1 0 1
0 -11 62 29 0 1 0 -125.515625 -0.601562 1 0 1
0 -11 62 31 0 1 0 -125.515625 -0.585938 1 0 1
maps_rp_surdonoso_realworldtextures_floor_mixtile_solid_white_1424_14430_314
0 1 62 29 0 1 0 -125.421875 -0.601562 1 0 1
0 -11 62 31 0 1 0 -125.515625 -0.585938 1 0 1
0 1 62 31 0 1 0 -125.421875 -0.585938 1 0 1
maps_rp_surdonoso_realworldtextures_floor_mixtile_solid_white_1424_14430_314
0 1 50 31 0 -1 0 -125.421875 -0.585938 1 0 1
0 -11 50 31 0 -1 0 -125.515625 -0.585938 1 0 1
0 -11 50 29 0 -1 0 -125.515625 -0.601562 1 0 1
maps_rp_surdonoso_realworldtextures_floor_mixtile_solid_white_1424_14430_314
0 1 50 31 0 -1 0 -125.421875 -0.585938 1 0 1
0 -11 50 29 0 -1 0 -125.515625 -0.601562 1 0 1
0 1 50 29 0 -1 0 -125.421875 -0.601562 1 0 1
maps_rp_surdonoso_realworldtextures_floor_mixtile_solid_white_1424_14430_314
0 1 50 29 1 0 0 -1.484375 -0.601562 1 0 1
0 1 62 29 1 0 0 -1.578125 -0.601562 1 0 1
0 1 62 31 1 0 0 -1.578125 -0.585938 1 0 1
maps_rp_surdonoso_realworldtextures_floor_mixtile_solid_white_1424_14430_314
0 1 50 29 1 0 0 -1.484375 -0.601562 1 0 1
0 1 62 31 1 0 0 -1.578125 -0.585938 1 0 1
0 1 50 31 1 0 0 -1.484375 -0.585938 1 0 1
maps_rp_surdonoso_realworldtextures_floor_mixtile_solid_white_1424_14430_314
0 -11 50 31 -1 0 0 -1.484375 -0.585938 1 0 1
0 -11 62 31 -1 0 0 -1.578125 -0.585938 1 0 1
0 -11 62 29 -1 0 0 -1.578125 -0.601562 1 0 1
maps_rp_surdonoso_realworldtextures_floor_mixtile_solid_white_1424_14430_314
0 -11 50 31 -1 0 0 -1.484375 -0.585938 1 0 1
0 -11 62 29 -1 0 0 -1.578125 -0.601562 1 0 1
0 -11 50 29 -1 0 0 -1.484375 -0.601562 1 0 1
maps_rp_surdonoso_realworldtextures_floor_mixtile_solid_white_1424_14430_314
0 1 50 10 0 0 -1 -1.484375 -124.421875 1 0 1
0 -11 50 10 0 0 -1 -1.484375 -124.515625 1 0 1
0 -11 62 10 0 0 -1 -1.578125 -124.515625 1 0 1
maps_rp_surdonoso_realworldtextures_floor_mixtile_solid_white_1424_14430_314
0 1 50 10 0 0 -1 -1.484375 -124.421875 1 0 1
0 -11 62 10 0 0 -1 -1.578125 -124.515625 1 0 1
0 1 62 10 0 0 -1 -1.578125 -124.421875 1 0 1
maps_rp_surdonoso_realworldtextures_floor_mixtile_solid_white_1424_14430_314
0 -11 50 12 0 0 1 -1.484375 -124.515625 1 0 1
0 1 50 12 0 0 1 -1.484375 -124.421875 1 0 1
0 1 62 12 0 0 1 -1.578125 -124.421875 1 0 1
maps_rp_surdonoso_realworldtextures_floor_mixtile_solid_white_1424_14430_314
0 -11 50 12 0 0 1 -1.484375 -124.515625 1 0 1
0 1 62 12 0 0 1 -1.578125 -124.421875 1 0 1
0 -11 62 12 0 0 1 -1.578125 -124.515625 1 0 1
maps_rp_surdonoso_realworldtextures_floor_mixtile_solid_white_1424_14430_314
0 1 62 10 0 1 0 -125.421875 -0.75 1 0 1
0 -11 62 10 0 1 0 -125.515625 -0.75 1 0 1
0 -11 62 12 0 1 0 -125.515625 -0.734375 1 0 1
maps_rp_surdonoso_realworldtextures_floor_mixtile_solid_white_1424_14430_314
0 1 62 10 0 1 0 -125.421875 -0.75 1 0 1
0 -11 62 12 0 1 0 -125.515625 -0.734375 1 0 1
0 1 62 12 0 1 0 -125.421875 -0.734375 1 0 1
maps_rp_surdonoso_realworldtextures_floor_mixtile_solid_white_1424_14430_314
0 1 50 12 0 -1 0 -125.421875 -0.734375 1 0 1
0 -11 50 12 0 -1 0 -125.515625 -0.734375 1 0 1
0 -11 50 10 0 -1 0 -125.515625 -0.75 1 0 1
maps_rp_surdonoso_realworldtextures_floor_mixtile_solid_white_1424_14430_314
0 1 50 12 0 -1 0 -125.421875 -0.734375 1 0 1
0 -11 50 10 0 -1 0 -125.515625 -0.75 1 0 1
0 1 50 10 0 -1 0 -125.421875 -0.75 1 0 1
maps_rp_surdonoso_realworldtextures_floor_mixtile_solid_white_1424_14430_314
0 1 50 10 1 0 0 -1.484375 -0.75 1 0 1
0 1 62 10 1 0 0 -1.578125 -0.75 1 0 1
0 1 62 12 1 0 0 -1.578125 -0.734375 1 0 1
maps_rp_surdonoso_realworldtextures_floor_mixtile_solid_white_1424_14430_314
0 1 50 10 1 0 0 -1.484375 -0.75 1 0 1
0 1 62 12 1 0 0 -1.578125 -0.734375 1 0 1
0 1 50 12 1 0 0 -1.484375 -0.734375 1 0 1
maps_rp_surdonoso_realworldtextures_floor_mixtile_solid_white_1424_14430_314
0 -11 50 12 -1 0 0 -1.484375 -0.734375 1 0 1
0 -11 62 12 -1 0 0 -1.578125 -0.734375 1 0 1
0 -11 62 10 -1 0 0 -1.578125 -0.75 1 0 1
maps_rp_surdonoso_realworldtextures_floor_mixtile_solid_white_1424_14430_314
0 -11 50 12 -1 0 0 -1.484375 -0.734375 1 0 1
0 -11 62 10 -1 0 0 -1.578125 -0.75 1 0 1
0 -11 50 10 -1 0 0 -1.484375 -0.75 1 0 1
maps_rp_surdonoso_realworldtextures_floor_mixtile_solid_white_1424_14430_314
0 -13 48 10 0 0 1 -1.46875 -124.53125 1 0 1
0 3 48 10 0 0 1 -1.46875 -124.40625 1 0 1
0 3 64 10 0 0 1 -1.59375 -124.40625 1 0 1
maps_rp_surdonoso_realworldtextures_floor_mixtile_solid_white_1424_14430_314
0 -13 48 10 0 0 1 -1.46875 -124.53125 1 0 1
0 3 64 10 0 0 1 -1.59375 -124.40625 1 0 1
0 -13 64 10 0 0 1 -1.59375 -124.53125 1 0 1
maps_rp_surdonoso_realworldtextures_floor_mixtile_solid_white_1424_14430_314
0 3 64 6 0 1 0 -125.40625 -0.78125 1 0 1
0 -13 64 6 0 1 0 -125.53125 -0.78125 1 0 1
0 -13 64 10 0 1 0 -125.53125 -0.75 1 0 1
maps_rp_surdonoso_realworldtextures_floor_mixtile_solid_white_1424_14430_314
0 3 64 6 0 1 0 -125.40625 -0.78125 1 0 1
0 -13 64 10 0 1 0 -125.53125 -0.75 1 0 1
0 3 64 10 0 1 0 -125.40625 -0.75 1 0 1
maps_rp_surdonoso_realworldtextures_floor_mixtile_solid_white_1424_14430_314
0 3 48 10 0 -1 0 -125.40625 -0.75 1 0 1
0 -13 48 10 0 -1 0 -125.53125 -0.75 1 0 1
0 -13 48 6 0 -1 0 -125.53125 -0.78125 1 0 1
maps_rp_surdonoso_realworldtextures_floor_mixtile_solid_white_1424_14430_314
0 3 48 10 0 -1 0 -125.40625 -0.75 1 0 1
0 -13 48 6 0 -1 0 -125.53125 -0.78125 1 0 1
0 3 48 6 0 -1 0 -125.40625 -0.78125 1 0 1
maps_rp_surdonoso_realworldtextures_floor_mixtile_solid_white_1424_14430_314
0 3 48 6 1 0 0 -1.46875 -0.78125 1 0 1
0 3 64 6 1 0 0 -1.59375 -0.78125 1 0 1
0 3 64 10 1 0 0 -1.59375 -0.75 1 0 1
maps_rp_surdonoso_realworldtextures_floor_mixtile_solid_white_1424_14430_314
0 3 48 6 1 0 0 -1.46875 -0.78125 1 0 1
0 3 64 10 1 0 0 -1.59375 -0.75 1 0 1
0 3 48 10 1 0 0 -1.46875 -0.75 1 0 1
maps_rp_surdonoso_realworldtextures_floor_mixtile_solid_white_1424_14430_314
0 -13 48 10 -1 0 0 -1.46875 -0.75 1 0 1
0 -13 64 10 -1 0 0 -1.59375 -0.75 1 0 1
0 -13 64 6 -1 0 0 -1.59375 -0.78125 1 0 1
maps_rp_surdonoso_realworldtextures_floor_mixtile_solid_white_1424_14430_314
0 -13 48 10 -1 0 0 -1.46875 -0.75 1 0 1
0 -13 64 6 -1 0 0 -1.59375 -0.78125 1 0 1
0 -13 48 6 -1 0 0 -1.46875 -0.78125 1 0 1
maps_rp_surdonoso_realworldtextures_floor_mixtile_solid_white_1424_14430_314
0 3 64 31 0 0 -1 -1.59375 -124.40625 1 0 1
0 -13 64 31 0 0 -1 -1.59375 -124.53125 1 0 1
0 -13 80 31 0 0 -1 -1.71875 -124.53125 1 0 1
maps_rp_surdonoso_realworldtextures_floor_mixtile_solid_white_1424_14430_314
0 3 64 31 0 0 -1 -1.59375 -124.40625 1 0 1
0 -13 80 31 0 0 -1 -1.71875 -124.53125 1 0 1
0 3 80 31 0 0 -1 -1.71875 -124.40625 1 0 1
maps_rp_surdonoso_realworldtextures_floor_mixtile_solid_white_1424_14430_314
0 -13 64 35 0 0 1 -1.59375 -124.53125 1 0 1
0 3 64 35 0 0 1 -1.59375 -124.40625 1 0 1
0 3 80 35 0 0 1 -1.71875 -124.40625 1 0 1
maps_rp_surdonoso_realworldtextures_floor_mixtile_solid_white_1424_14430_314
0 -13 64 35 0 0 1 -1.59375 -124.53125 1 0 1
0 3 80 35 0 0 1 -1.71875 -124.40625 1 0 1
0 -13 80 35 0 0 1 -1.71875 -124.53125 1 0 1
maps_rp_surdonoso_realworldtextures_floor_mixtile_solid_white_1424_14430_314
0 3 80 31 0 1 0 -125.40625 -0.585938 1 0 1
0 -13 80 31 0 1 0 -125.53125 -0.585938 1 0 1
0 -13 80 35 0 1 0 -125.53125 -0.554688 1 0 1
maps_rp_surdonoso_realworldtextures_floor_mixtile_solid_white_1424_14430_314
0 3 80 31 0 1 0 -125.40625 -0.585938 1 0 1
0 -13 80 35 0 1 0 -125.53125 -0.554688 1 0 1
0 3 80 35 0 1 0 -125.40625 -0.554688 1 0 1
maps_rp_surdonoso_realworldtextures_floor_mixtile_solid_white_1424_14430_314
0 3 64 35 0 -1 0 -125.40625 -0.554688 1 0 1
0 -13 64 35 0 -1 0 -125.53125 -0.554688 1 0 1
0 -13 64 31 0 -1 0 -125.53125 -0.585938 1 0 1
maps_rp_surdonoso_realworldtextures_floor_mixtile_solid_white_1424_14430_314
0 3 64 35 0 -1 0 -125.40625 -0.554688 1 0 1
0 -13 64 31 0 -1 0 -125.53125 -0.585938 1 0 1
0 3 64 31 0 -1 0 -125.40625 -0.585938 1 0 1
maps_rp_surdonoso_realworldtextures_floor_mixtile_solid_white_1424_14430_314
0 3 64 31 1 0 0 -1.59375 -0.585938 1 0 1
0 3 80 31 1 0 0 -1.71875 -0.585938 1 0 1
0 3 80 35 1 0 0 -1.71875 -0.554688 1 0 1
maps_rp_surdonoso_realworldtextures_floor_mixtile_solid_white_1424_14430_314
0 3 64 31 1 0 0 -1.59375 -0.585938 1 0 1
0 3 80 35 1 0 0 -1.71875 -0.554688 1 0 1
0 3 64 35 1 0 0 -1.59375 -0.554688 1 0 1
maps_rp_surdonoso_realworldtextures_floor_mixtile_solid_white_1424_14430_314
0 -13 64 35 -1 0 0 -1.59375 -0.554688 1 0 1
0 -13 80 35 -1 0 0 -1.71875 -0.554688 1 0 1
0 -13 80 31 -1 0 0 -1.71875 -0.585938 1 0 1
maps_rp_surdonoso_realworldtextures_floor_mixtile_solid_white_1424_14430_314
0 -13 64 35 -1 0 0 -1.59375 -0.554688 1 0 1
0 -13 80 31 -1 0 0 -1.71875 -0.585938 1 0 1
0 -13 64 31 -1 0 0 -1.59375 -0.585938 1 0 1
maps_rp_surdonoso_realworldtextures_floor_mixtile_solid_white_1424_14430_314
0 1 66 10 0 0 -1 -1.609375 -124.421875 1 0 1
0 -11 66 10 0 0 -1 -1.609375 -124.515625 1 0 1
0 -11 78 10 0 0 -1 -1.703125 -124.515625 1 0 1
maps_rp_surdonoso_realworldtextures_floor_mixtile_solid_white_1424_14430_314
0 1 66 10 0 0 -1 -1.609375 -124.421875 1 0 1
0 -11 78 10 0 0 -1 -1.703125 -124.515625 1 0 1
0 1 78 10 0 0 -1 -1.703125 -124.421875 1 0 1
maps_rp_surdonoso_realworldtextures_floor_mixtile_solid_white_1424_14430_314
0 -11 66 12 0 0 1 -1.609375 -124.515625 1 0 1
0 1 66 12 0 0 1 -1.609375 -124.421875 1 0 1
0 1 78 12 0 0 1 -1.703125 -124.421875 1 0 1
maps_rp_surdonoso_realworldtextures_floor_mixtile_solid_white_1424_14430_314
0 -11 66 12 0 0 1 -1.609375 -124.515625 1 0 1
0 1 78 12 0 0 1 -1.703125 -124.421875 1 0 1
0 -11 78 12 0 0 1 -1.703125 -124.515625 1 0 1
maps_rp_surdonoso_realworldtextures_floor_mixtile_solid_white_1424_14430_314
0 1 78 10 0 1 0 -125.421875 -0.75 1 0 1
0 -11 78 10 0 1 0 -125.515625 -0.75 1 0 1
0 -11 78 12 0 1 0 -125.515625 -0.734375 1 0 1
maps_rp_surdonoso_realworldtextures_floor_mixtile_solid_white_1424_14430_314
0 1 78 10 0 1 0 -125.421875 -0.75 1 0 1
0 -11 78 12 0 1 0 -125.515625 -0.734375 1 0 1
0 1 78 12 0 1 0 -125.421875 -0.734375 1 0 1
maps_rp_surdonoso_realworldtextures_floor_mixtile_solid_white_1424_14430_314
0 1 66 12 0 -1 0 -125.421875 -0.734375 1 0 1
0 -11 66 12 0 -1 0 -125.515625 -0.734375 1 0 1
0 -11 66 10 0 -1 0 -125.515625 -0.75 1 0 1
maps_rp_surdonoso_realworldtextures_floor_mixtile_solid_white_1424_14430_314
0 1 66 12 0 -1 0 -125.421875 -0.734375 1 0 1
0 -11 66 10 0 -1 0 -125.515625 -0.75 1 0 1
0 1 66 10 0 -1 0 -125.421875 -0.75 1 0 1
maps_rp_surdonoso_realworldtextures_floor_mixtile_solid_white_1424_14430_314
0 1 66 10 1 0 0 -1.609375 -0.75 1 0 1
0 1 78 10 1 0 0 -1.703125 -0.75 1 0 1
0 1 78 12 1 0 0 -1.703125 -0.734375 1 0 1
maps_rp_surdonoso_realworldtextures_floor_mixtile_solid_white_1424_14430_314
0 1 66 10 1 0 0 -1.609375 -0.75 1 0 1
0 1 78 12 1 0 0 -1.703125 -0.734375 1 0 1
0 1 66 12 1 0 0 -1.609375 -0.734375 1 0 1
maps_rp_surdonoso_realworldtextures_floor_mixtile_solid_white_1424_14430_314
0 -11 66 12 -1 0 0 -1.609375 -0.734375 1 0 1
0 -11 78 12 -1 0 0 -1.703125 -0.734375 1 0 1
0 -11 78 10 -1 0 0 -1.703125 -0.75 1 0 1
maps_rp_surdonoso_realworldtextures_floor_mixtile_solid_white_1424_14430_314
0 -11 66 12 -1 0 0 -1.609375 -0.734375 1 0 1
0 -11 78 10 -1 0 0 -1.703125 -0.75 1 0 1
0 -11 66 10 -1 0 0 -1.609375 -0.75 1 0 1
maps_rp_surdonoso_realworldtextures_floor_mixtile_solid_white_1424_14430_314
0 -13 64 10 0 0 1 -1.59375 -124.53125 1 0 1
0 3 64 10 0 0 1 -1.59375 -124.40625 1 0 1
0 3 80 10 0 0 1 -1.71875 -124.40625 1 0 1
maps_rp_surdonoso_realworldtextures_floor_mixtile_solid_white_1424_14430_314
0 -13 64 10 0 0 1 -1.59375 -124.53125 1 0 1
0 3 80 10 0 0 1 -1.71875 -124.40625 1 0 1
0 -13 80 10 0 0 1 -1.71875 -124.53125 1 0 1
maps_rp_surdonoso_realworldtextures_floor_mixtile_solid_white_1424_14430_314
0 3 80 6 0 1 0 -125.40625 -0.78125 1 0 1
0 -13 80 6 0 1 0 -125.53125 -0.78125 1 0 1
0 -13 80 10 0 1 0 -125.53125 -0.75 1 0 1
maps_rp_surdonoso_realworldtextures_floor_mixtile_solid_white_1424_14430_314
0 3 80 6 0 1 0 -125.40625 -0.78125 1 0 1
0 -13 80 10 0 1 0 -125.53125 -0.75 1 0 1
0 3 80 10 0 1 0 -125.40625 -0.75 1 0 1
maps_rp_surdonoso_realworldtextures_floor_mixtile_solid_white_1424_14430_314
0 3 64 10 0 -1 0 -125.40625 -0.75 1 0 1
0 -13 64 10 0 -1 0 -125.53125 -0.75 1 0 1
0 -13 64 6 0 -1 0 -125.53125 -0.78125 1 0 1
maps_rp_surdonoso_realworldtextures_floor_mixtile_solid_white_1424_14430_314
0 3 64 10 0 -1 0 -125.40625 -0.75 1 0 1
0 -13 64 6 0 -1 0 -125.53125 -0.78125 1 0 1
0 3 64 6 0 -1 0 -125.40625 -0.78125 1 0 1
maps_rp_surdonoso_realworldtextures_floor_mixtile_solid_white_1424_14430_314
0 3 64 6 1 0 0 -1.59375 -0.78125 1 0 1
0 3 80 6 1 0 0 -1.71875 -0.78125 1 0 1
0 3 80 10 1 0 0 -1.71875 -0.75 1 0 1
maps_rp_surdonoso_realworldtextures_floor_mixtile_solid_white_1424_14430_314
0 3 64 6 1 0 0 -1.59375 -0.78125 1 0 1
0 3 80 10 1 0 0 -1.71875 -0.75 1 0 1
0 3 64 10 1 0 0 -1.59375 -0.75 1 0 1
maps_rp_surdonoso_realworldtextures_floor_mixtile_solid_white_1424_14430_314
0 -13 64 10 -1 0 0 -1.59375 -0.75 1 0 1
0 -13 80 10 -1 0 0 -1.71875 -0.75 1 0 1
0 -13 80 6 -1 0 0 -1.71875 -0.78125 1 0 1
maps_rp_surdonoso_realworldtextures_floor_mixtile_solid_white_1424_14430_314
0 -13 64 10 -1 0 0 -1.59375 -0.75 1 0 1
0 -13 80 6 -1 0 0 -1.71875 -0.78125 1 0 1
0 -13 64 6 -1 0 0 -1.59375 -0.78125 1 0 1
maps_rp_surdonoso_realworldtextures_floor_mixtile_solid_white_1424_14430_314
0 -9 68 29 0 0 1 -1.625 -124.5 1 0 1
0 -1 68 29 0 0 1 -1.625 -124.4375 1 0 1
0 -1 76 29 0 0 1 -1.6875 -124.4375 1 0 1
maps_rp_surdonoso_realworldtextures_floor_mixtile_solid_white_1424_14430_314
0 -9 68 29 0 0 1 -1.625 -124.5 1 0 1
0 -1 76 29 0 0 1 -1.6875 -124.4375 1 0 1
0 -9 76 29 0 0 1 -1.6875 -124.5 1 0 1
maps_rp_surdonoso_realworldtextures_floor_mixtile_solid_white_1424_14430_314
0 -1 68 12 0 0 -1 -1.625 -124.4375 1 0 1
0 -9 68 12 0 0 -1 -1.625 -124.5 1 0 1
0 -9 76 12 0 0 -1 -1.6875 -124.5 1 0 1
maps_rp_surdonoso_realworldtextures_floor_mixtile_solid_white_1424_14430_314
0 -1 68 12 0 0 -1 -1.625 -124.4375 1 0 1
0 -9 76 12 0 0 -1 -1.6875 -124.5 1 0 1
0 -1 76 12 0 0 -1 -1.6875 -124.4375 1 0 1
maps_rp_surdonoso_realworldtextures_floor_mixtile_solid_white_1424_14430_314
0 -1 76 12 0 1 0 -125.4375 -0.734375 1 0 1
0 -9 76 12 0 1 0 -125.5 -0.734375 1 0 1
0 -9 76 29 0 1 0 -125.5 -0.601562 1 0 1
maps_rp_surdonoso_realworldtextures_floor_mixtile_solid_white_1424_14430_314
0 -1 76 12 0 1 0 -125.4375 -0.734375 1 0 1
0 -9 76 29 0 1 0 -125.5 -0.601562 1 0 1
0 -1 76 29 0 1 0 -125.4375 -0.601562 1 0 1
maps_rp_surdonoso_realworldtextures_floor_mixtile_solid_white_1424_14430_314
0 -1 68 29 0 -1 0 -125.4375 -0.601562 1 0 1
0 -9 68 29 0 -1 0 -125.5 -0.601562 1 0 1
0 -9 68 12 0 -1 0 -125.5 -0.734375 1 0 1
maps_rp_surdonoso_realworldtextures_floor_mixtile_solid_white_1424_14430_314
0 -1 68 29 0 -1 0 -125.4375 -0.601562 1 0 1
0 -9 68 12 0 -1 0 -125.5 -0.734375 1 0 1
0 -1 68 12 0 -1 0 -125.4375 -0.734375 1 0 1
maps_rp_surdonoso_realworldtextures_floor_mixtile_solid_white_1424_14430_314
0 -1 68 12 1 0 0 -1.625 -0.734375 1 0 1
0 -1 76 12 1 0 0 -1.6875 -0.734375 1 0 1
0 -1 76 29 1 0 0 -1.6875 -0.601562 1 0 1
maps_rp_surdonoso_realworldtextures_floor_mixtile_solid_white_1424_14430_314
0 -1 68 12 1 0 0 -1.625 -0.734375 1 0 1
0 -1 76 29 1 0 0 -1.6875 -0.601562 1 0 1
0 -1 68 29 1 0 0 -1.625 -0.601562 1 0 1
maps_rp_surdonoso_realworldtextures_floor_mixtile_solid_white_1424_14430_314
0 -9 68 29 -1 0 0 -1.625 -0.601562 1 0 1
0 -9 76 29 -1 0 0 -1.6875 -0.601562 1 0 1
0 -9 76 12 -1 0 0 -1.6875 -0.734375 1 0 1
maps_rp_surdonoso_realworldtextures_floor_mixtile_solid_white_1424_14430_314
0 -9 68 29 -1 0 0 -1.625 -0.601562 1 0 1
0 -9 76 12 -1 0 0 -1.6875 -0.734375 1 0 1
0 -9 68 12 -1 0 0 -1.625 -0.734375 1 0 1
maps_rp_surdonoso_realworldtextures_floor_mixtile_solid_white_1424_14430_314
0 1 66 29 0 0 -1 -1.609375 -124.421875 1 0 1
0 -11 66 29 0 0 -1 -1.609375 -124.515625 1 0 1
0 -11 78 29 0 0 -1 -1.703125 -124.515625 1 0 1
maps_rp_surdonoso_realworldtextures_floor_mixtile_solid_white_1424_14430_314
0 1 66 29 0 0 -1 -1.609375 -124.421875 1 0 1
0 -11 78 29 0 0 -1 -1.703125 -124.515625 1 0 1
0 1 78 29 0 0 -1 -1.703125 -124.421875 1 0 1
maps_rp_surdonoso_realworldtextures_floor_mixtile_solid_white_1424_14430_314
0 -11 66 31 0 0 1 -1.609375 -124.515625 1 0 1
0 1 66 31 0 0 1 -1.609375 -124.421875 1 0 1
0 1 78 31 0 0 1 -1.703125 -124.421875 1 0 1
maps_rp_surdonoso_realworldtextures_floor_mixtile_solid_white_1424_14430_314
0 -11 66 31 0 0 1 -1.609375 -124.515625 1 0 1
0 1 78 31 0 0 1 -1.703125 -124.421875 1 0 1
0 -11 78 31 0 0 1 -1.703125 -124.515625 1 0 1
maps_rp_surdonoso_realworldtextures_floor_mixtile_solid_white_1424_14430_314
0 1 78 29 0 1 0 -125.421875 -0.601562 1 0 1
0 -11 78 29 0 1 0 -125.515625 -0.601562 1 0 1
0 -11 78 31 0 1 0 -125.515625 -0.585938 1 0 1
maps_rp_surdonoso_realworldtextures_floor_mixtile_solid_white_1424_14430_314
0 1 78 29 0 1 0 -125.421875 -0.601562 1 0 1
0 -11 78 31 0 1 0 -125.515625 -0.585938 1 0 1
0 1 78 31 0 1 0 -125.421875 -0.585938 1 0 1
maps_rp_surdonoso_realworldtextures_floor_mixtile_solid_white_1424_14430_314
0 1 66 31 0 -1 0 -125.421875 -0.585938 1 0 1
0 -11 66 31 0 -1 0 -125.515625 -0.585938 1 0 1
0 -11 66 29 0 -1 0 -125.515625 -0.601562 1 0 1
maps_rp_surdonoso_realworldtextures_floor_mixtile_solid_white_1424_14430_314
0 1 66 31 0 -1 0 -125.421875 -0.585938 1 0 1
0 -11 66 29 0 -1 0 -125.515625 -0.601562 1 0 1
0 1 66 29 0 -1 0 -125.421875 -0.601562 1 0 1
maps_rp_surdonoso_realworldtextures_floor_mixtile_solid_white_1424_14430_314
0 1 66 29 1 0 0 -1.609375 -0.601562 1 0 1
0 1 78 29 1 0 0 -1.703125 -0.601562 1 0 1
0 1 78 31 1 0 0 -1.703125 -0.585938 1 0 1
maps_rp_surdonoso_realworldtextures_floor_mixtile_solid_white_1424_14430_314
0 1 66 29 1 0 0 -1.609375 -0.601562 1 0 1
0 1 78 31 1 0 0 -1.703125 -0.585938 1 0 1
0 1 66 31 1 0 0 -1.609375 -0.585938 1 0 1
maps_rp_surdonoso_realworldtextures_floor_mixtile_solid_white_1424_14430_314
0 -11 66 31 -1 0 0 -1.609375 -0.585938 1 0 1
0 -11 78 31 -1 0 0 -1.703125 -0.585938 1 0 1
0 -11 78 29 -1 0 0 -1.703125 -0.601562 1 0 1
maps_rp_surdonoso_realworldtextures_floor_mixtile_solid_white_1424_14430_314
0 -11 66 31 -1 0 0 -1.609375 -0.585938 1 0 1
0 -11 78 29 -1 0 0 -1.703125 -0.601562 1 0 1
0 -11 66 29 -1 0 0 -1.609375 -0.601562 1 0 1
maps_rp_surdonoso_realworldtextures_floor_mixtile_solid_white_1424_14430_314
0 3 80 31 0 0 -1 -1.71875 -124.40625 1 0 1
0 -13 80 31 0 0 -1 -1.71875 -124.53125 1 0 1
0 -13 96 31 0 0 -1 -1.84375 -124.53125 1 0 1
maps_rp_surdonoso_realworldtextures_floor_mixtile_solid_white_1424_14430_314
0 3 80 31 0 0 -1 -1.71875 -124.40625 1 0 1
0 -13 96 31 0 0 -1 -1.84375 -124.53125 1 0 1
0 3 96 31 0 0 -1 -1.84375 -124.40625 1 0 1
maps_rp_surdonoso_realworldtextures_floor_mixtile_solid_white_1424_14430_314
0 -13 80 35 0 0 1 -1.71875 -124.53125 1 0 1
0 3 80 35 0 0 1 -1.71875 -124.40625 1 0 1
0 3 96 35 0 0 1 -1.84375 -124.40625 1 0 1
maps_rp_surdonoso_realworldtextures_floor_mixtile_solid_white_1424_14430_314
0 -13 80 35 0 0 1 -1.71875 -124.53125 1 0 1
0 3 96 35 0 0 1 -1.84375 -124.40625 1 0 1
0 -13 96 35 0 0 1 -1.84375 -124.53125 1 0 1
maps_rp_surdonoso_realworldtextures_floor_mixtile_solid_white_1424_14430_314
0 3 96 31 0 1 0 -125.40625 -0.585938 1 0 1
0 -13 96 31 0 1 0 -125.53125 -0.585938 1 0 1
0 -13 96 35 0 1 0 -125.53125 -0.554688 1 0 1
maps_rp_surdonoso_realworldtextures_floor_mixtile_solid_white_1424_14430_314
0 3 96 31 0 1 0 -125.40625 -0.585938 1 0 1
0 -13 96 35 0 1 0 -125.53125 -0.554688 1 0 1
0 3 96 35 0 1 0 -125.40625 -0.554688 1 0 1
maps_rp_surdonoso_realworldtextures_floor_mixtile_solid_white_1424_14430_314
0 3 80 35 0 -1 0 -125.40625 -0.554688 1 0 1
0 -13 80 35 0 -1 0 -125.53125 -0.554688 1 0 1
0 -13 80 31 0 -1 0 -125.53125 -0.585938 1 0 1
maps_rp_surdonoso_realworldtextures_floor_mixtile_solid_white_1424_14430_314
0 3 80 35 0 -1 0 -125.40625 -0.554688 1 0 1
0 -13 80 31 0 -1 0 -125.53125 -0.585938 1 0 1
0 3 80 31 0 -1 0 -125.40625 -0.585938 1 0 1
maps_rp_surdonoso_realworldtextures_floor_mixtile_solid_white_1424_14430_314
0 3 80 31 1 0 0 -1.71875 -0.585938 1 0 1
0 3 96 31 1 0 0 -1.84375 -0.585938 1 0 1
0 3 96 35 1 0 0 -1.84375 -0.554688 1 0 1
maps_rp_surdonoso_realworldtextures_floor_mixtile_solid_white_1424_14430_314
0 3 80 31 1 0 0 -1.71875 -0.585938 1 0 1
0 3 96 35 1 0 0 -1.84375 -0.554688 1 0 1
0 3 80 35 1 0 0 -1.71875 -0.554688 1 0 1
maps_rp_surdonoso_realworldtextures_floor_mixtile_solid_white_1424_14430_314
0 -13 80 35 -1 0 0 -1.71875 -0.554688 1 0 1
0 -13 96 35 -1 0 0 -1.84375 -0.554688 1 0 1
0 -13 96 31 -1 0 0 -1.84375 -0.585938 1 0 1
maps_rp_surdonoso_realworldtextures_floor_mixtile_solid_white_1424_14430_314
0 -13 80 35 -1 0 0 -1.71875 -0.554688 1 0 1
0 -13 96 31 -1 0 0 -1.84375 -0.585938 1 0 1
0 -13 80 31 -1 0 0 -1.71875 -0.585938 1 0 1
maps_rp_surdonoso_realworldtextures_floor_mixtile_solid_white_1424_14430_314
0 -9 84 29 0 0 1 -1.75 -124.5 1 0 1
0 -1 84 29 0 0 1 -1.75 -124.4375 1 0 1
0 -1 92 29 0 0 1 -1.8125 -124.4375 1 0 1
maps_rp_surdonoso_realworldtextures_floor_mixtile_solid_white_1424_14430_314
0 -9 84 29 0 0 1 -1.75 -124.5 1 0 1
0 -1 92 29 0 0 1 -1.8125 -124.4375 1 0 1
0 -9 92 29 0 0 1 -1.8125 -124.5 1 0 1
maps_rp_surdonoso_realworldtextures_floor_mixtile_solid_white_1424_14430_314
0 -1 84 12 0 0 -1 -1.75 -124.4375 1 0 1
0 -9 84 12 0 0 -1 -1.75 -124.5 1 0 1
0 -9 92 12 0 0 -1 -1.8125 -124.5 1 0 1
maps_rp_surdonoso_realworldtextures_floor_mixtile_solid_white_1424_14430_314
0 -1 84 12 0 0 -1 -1.75 -124.4375 1 0 1
0 -9 92 12 0 0 -1 -1.8125 -124.5 1 0 1
0 -1 92 12 0 0 -1 -1.8125 -124.4375 1 0 1
maps_rp_surdonoso_realworldtextures_floor_mixtile_solid_white_1424_14430_314
0 -1 92 12 0 1 0 -125.4375 -0.734375 1 0 1
0 -9 92 12 0 1 0 -125.5 -0.734375 1 0 1
0 -9 92 29 0 1 0 -125.5 -0.601562 1 0 1
maps_rp_surdonoso_realworldtextures_floor_mixtile_solid_white_1424_14430_314
0 -1 92 12 0 1 0 -125.4375 -0.734375 1 0 1
0 -9 92 29 0 1 0 -125.5 -0.601562 1 0 1
0 -1 92 29 0 1 0 -125.4375 -0.601562 1 0 1
maps_rp_surdonoso_realworldtextures_floor_mixtile_solid_white_1424_14430_314
0 -1 84 29 0 -1 0 -125.4375 -0.601562 1 0 1
0 -9 84 29 0 -1 0 -125.5 -0.601562 1 0 1
0 -9 84 12 0 -1 0 -125.5 -0.734375 1 0 1
maps_rp_surdonoso_realworldtextures_floor_mixtile_solid_white_1424_14430_314
0 -1 84 29 0 -1 0 -125.4375 -0.601562 1 0 1
0 -9 84 12 0 -1 0 -125.5 -0.734375 1 0 1
0 -1 84 12 0 -1 0 -125.4375 -0.734375 1 0 1
maps_rp_surdonoso_realworldtextures_floor_mixtile_solid_white_1424_14430_314
0 -1 84 12 1 0 0 -1.75 -0.734375 1 0 1
0 -1 92 12 1 0 0 -1.8125 -0.734375 1 0 1
0 -1 92 29 1 0 0 -1.8125 -0.601562 1 0 1
maps_rp_surdonoso_realworldtextures_floor_mixtile_solid_white_1424_14430_314
0 -1 84 12 1 0 0 -1.75 -0.734375 1 0 1
0 -1 92 29 1 0 0 -1.8125 -0.601562 1 0 1
0 -1 84 29 1 0 0 -1.75 -0.601562 1 0 1
maps_rp_surdonoso_realworldtextures_floor_mixtile_solid_white_1424_14430_314
0 -9 84 29 -1 0 0 -1.75 -0.601562 1 0 1
0 -9 92 29 -1 0 0 -1.8125 -0.601562 1 0 1
0 -9 92 12 -1 0 0 -1.8125 -0.734375 1 0 1
maps_rp_surdonoso_realworldtextures_floor_mixtile_solid_white_1424_14430_314
0 -9 84 29 -1 0 0 -1.75 -0.601562 1 0 1
0 -9 92 12 -1 0 0 -1.8125 -0.734375 1 0 1
0 -9 84 12 -1 0 0 -1.75 -0.734375 1 0 1
maps_rp_surdonoso_realworldtextures_floor_mixtile_solid_white_1424_14430_314
0 1 82 29 0 0 -1 -1.734375 -124.421875 1 0 1
0 -11 82 29 0 0 -1 -1.734375 -124.515625 1 0 1
0 -11 94 29 0 0 -1 -1.828125 -124.515625 1 0 1
maps_rp_surdonoso_realworldtextures_floor_mixtile_solid_white_1424_14430_314
0 1 82 29 0 0 -1 -1.734375 -124.421875 1 0 1
0 -11 94 29 0 0 -1 -1.828125 -124.515625 1 0 1
0 1 94 29 0 0 -1 -1.828125 -124.421875 1 0 1
maps_rp_surdonoso_realworldtextures_floor_mixtile_solid_white_1424_14430_314
0 -11 82 31 0 0 1 -1.734375 -124.515625 1 0 1
0 1 82 31 0 0 1 -1.734375 -124.421875 1 0 1
0 1 94 31 0 0 1 -1.828125 -124.421875 1 0 1
maps_rp_surdonoso_realworldtextures_floor_mixtile_solid_white_1424_14430_314
0 -11 82 31 0 0 1 -1.734375 -124.515625 1 0 1
0 1 94 31 0 0 1 -1.828125 -124.421875 1 0 1
0 -11 94 31 0 0 1 -1.828125 -124.515625 1 0 1
maps_rp_surdonoso_realworldtextures_floor_mixtile_solid_white_1424_14430_314
0 1 94 29 0 1 0 -125.421875 -0.601562 1 0 1
0 -11 94 29 0 1 0 -125.515625 -0.601562 1 0 1
0 -11 94 31 0 1 0 -125.515625 -0.585938 1 0 1
maps_rp_surdonoso_realworldtextures_floor_mixtile_solid_white_1424_14430_314
0 1 94 29 0 1 0 -125.421875 -0.601562 1 0 1
0 -11 94 31 0 1 0 -125.515625 -0.585938 1 0 1
0 1 94 31 0 1 0 -125.421875 -0.585938 1 0 1
maps_rp_surdonoso_realworldtextures_floor_mixtile_solid_white_1424_14430_314
0 1 82 31 0 -1 0 -125.421875 -0.585938 1 0 1
0 -11 82 31 0 -1 0 -125.515625 -0.585938 1 0 1
0 -11 82 29 0 -1 0 -125.515625 -0.601562 1 0 1
maps_rp_surdonoso_realworldtextures_floor_mixtile_solid_white_1424_14430_314
0 1 82 31 0 -1 0 -125.421875 -0.585938 1 0 1
0 -11 82 29 0 -1 0 -125.515625 -0.601562 1 0 1
0 1 82 29 0 -1 0 -125.421875 -0.601562 1 0 1
maps_rp_surdonoso_realworldtextures_floor_mixtile_solid_white_1424_14430_314
0 1 82 29 1 0 0 -1.734375 -0.601562 1 0 1
0 1 94 29 1 0 0 -1.828125 -0.601562 1 0 1
0 1 94 31 1 0 0 -1.828125 -0.585938 1 0 1
maps_rp_surdonoso_realworldtextures_floor_mixtile_solid_white_1424_14430_314
0 1 82 29 1 0 0 -1.734375 -0.601562 1 0 1
0 1 94 31 1 0 0 -1.828125 -0.585938 1 0 1
0 1 82 31 1 0 0 -1.734375 -0.585938 1 0 1
maps_rp_surdonoso_realworldtextures_floor_mixtile_solid_white_1424_14430_314
0 -11 82 31 -1 0 0 -1.734375 -0.585938 1 0 1
0 -11 94 31 -1 0 0 -1.828125 -0.585938 1 0 1
0 -11 94 29 -1 0 0 -1.828125 -0.601562 1 0 1
maps_rp_surdonoso_realworldtextures_floor_mixtile_solid_white_1424_14430_314
0 -11 82 31 -1 0 0 -1.734375 -0.585938 1 0 1
0 -11 94 29 -1 0 0 -1.828125 -0.601562 1 0 1
0 -11 82 29 -1 0 0 -1.734375 -0.601562 1 0 1
maps_rp_surdonoso_realworldtextures_floor_mixtile_solid_white_1424_14430_314
0 1 82 10 0 0 -1 -1.734375 -124.421875 1 0 1
0 -11 82 10 0 0 -1 -1.734375 -124.515625 1 0 1
0 -11 94 10 0 0 -1 -1.828125 -124.515625 1 0 1
maps_rp_surdonoso_realworldtextures_floor_mixtile_solid_white_1424_14430_314
0 1 82 10 0 0 -1 -1.734375 -124.421875 1 0 1
0 -11 94 10 0 0 -1 -1.828125 -124.515625 1 0 1
0 1 94 10 0 0 -1 -1.828125 -124.421875 1 0 1
maps_rp_surdonoso_realworldtextures_floor_mixtile_solid_white_1424_14430_314
0 -11 82 12 0 0 1 -1.734375 -124.515625 1 0 1
0 1 82 12 0 0 1 -1.734375 -124.421875 1 0 1
0 1 94 12 0 0 1 -1.828125 -124.421875 1 0 1
maps_rp_surdonoso_realworldtextures_floor_mixtile_solid_white_1424_14430_314
0 -11 82 12 0 0 1 -1.734375 -124.515625 1 0 1
0 1 94 12 0 0 1 -1.828125 -124.421875 1 0 1
0 -11 94 12 0 0 1 -1.828125 -124.515625 1 0 1
maps_rp_surdonoso_realworldtextures_floor_mixtile_solid_white_1424_14430_314
0 1 94 10 0 1 0 -125.421875 -0.75 1 0 1
0 -11 94 10 0 1 0 -125.515625 -0.75 1 0 1
0 -11 94 12 0 1 0 -125.515625 -0.734375 1 0 1
maps_rp_surdonoso_realworldtextures_floor_mixtile_solid_white_1424_14430_314
0 1 94 10 0 1 0 -125.421875 -0.75 1 0 1
0 -11 94 12 0 1 0 -125.515625 -0.734375 1 0 1
0 1 94 12 0 1 0 -125.421875 -0.734375 1 0 1
maps_rp_surdonoso_realworldtextures_floor_mixtile_solid_white_1424_14430_314
0 1 82 12 0 -1 0 -125.421875 -0.734375 1 0 1
0 -11 82 12 0 -1 0 -125.515625 -0.734375 1 0 1
0 -11 82 10 0 -1 0 -125.515625 -0.75 1 0 1
maps_rp_surdonoso_realworldtextures_floor_mixtile_solid_white_1424_14430_314
0 1 82 12 0 -1 0 -125.421875 -0.734375 1 0 1
0 -11 82 10 0 -1 0 -125.515625 -0.75 1 0 1
0 1 82 10 0 -1 0 -125.421875 -0.75 1 0 1
maps_rp_surdonoso_realworldtextures_floor_mixtile_solid_white_1424_14430_314
0 1 82 10 1 0 0 -1.734375 -0.75 1 0 1
0 1 94 10 1 0 0 -1.828125 -0.75 1 0 1
0 1 94 12 1 0 0 -1.828125 -0.734375 1 0 1
maps_rp_surdonoso_realworldtextures_floor_mixtile_solid_white_1424_14430_314
0 1 82 10 1 0 0 -1.734375 -0.75 1 0 1
0 1 94 12 1 0 0 -1.828125 -0.734375 1 0 1
0 1 82 12 1 0 0 -1.734375 -0.734375 1 0 1
maps_rp_surdonoso_realworldtextures_floor_mixtile_solid_white_1424_14430_314
0 -11 82 12 -1 0 0 -1.734375 -0.734375 1 0 1
0 -11 94 12 -1 0 0 -1.828125 -0.734375 1 0 1
0 -11 94 10 -1 0 0 -1.828125 -0.75 1 0 1
maps_rp_surdonoso_realworldtextures_floor_mixtile_solid_white_1424_14430_314
0 -11 82 12 -1 0 0 -1.734375 -0.734375 1 0 1
0 -11 94 10 -1 0 0 -1.828125 -0.75 1 0 1
0 -11 82 10 -1 0 0 -1.734375 -0.75 1 0 1
maps_rp_surdonoso_realworldtextures_floor_mixtile_solid_white_1424_14430_314
0 -13 80 10 0 0 1 -1.71875 -124.53125 1 0 1
0 3 80 10 0 0 1 -1.71875 -124.40625 1 0 1
0 3 96 10 0 0 1 -1.84375 -124.40625 1 0 1
maps_rp_surdonoso_realworldtextures_floor_mixtile_solid_white_1424_14430_314
0 -13 80 10 0 0 1 -1.71875 -124.53125 1 0 1
0 3 96 10 0 0 1 -1.84375 -124.40625 1 0 1
0 -13 96 10 0 0 1 -1.84375 -124.53125 1 0 1
maps_rp_surdonoso_realworldtextures_floor_mixtile_solid_white_1424_14430_314
0 3 96 6 0 1 0 -125.40625 -0.78125 1 0 1
0 -13 96 6 0 1 0 -125.53125 -0.78125 1 0 1
0 -13 96 10 0 1 0 -125.53125 -0.75 1 0 1
maps_rp_surdonoso_realworldtextures_floor_mixtile_solid_white_1424_14430_314
0 3 96 6 0 1 0 -125.40625 -0.78125 1 0 1
0 -13 96 10 0 1 0 -125.53125 -0.75 1 0 1
0 3 96 10 0 1 0 -125.40625 -0.75 1 0 1
maps_rp_surdonoso_realworldtextures_floor_mixtile_solid_white_1424_14430_314
0 3 80 10 0 -1 0 -125.40625 -0.75 1 0 1
0 -13 80 10 0 -1 0 -125.53125 -0.75 1 0 1
0 -13 80 6 0 -1 0 -125.53125 -0.78125 1 0 1
maps_rp_surdonoso_realworldtextures_floor_mixtile_solid_white_1424_14430_314
0 3 80 10 0 -1 0 -125.40625 -0.75 1 0 1
0 -13 80 6 0 -1 0 -125.53125 -0.78125 1 0 1
0 3 80 6 0 -1 0 -125.40625 -0.78125 1 0 1
maps_rp_surdonoso_realworldtextures_floor_mixtile_solid_white_1424_14430_314
0 3 80 6 1 0 0 -1.71875 -0.78125 1 0 1
0 3 96 6 1 0 0 -1.84375 -0.78125 1 0 1
0 3 96 10 1 0 0 -1.84375 -0.75 1 0 1
maps_rp_surdonoso_realworldtextures_floor_mixtile_solid_white_1424_14430_314
0 3 80 6 1 0 0 -1.71875 -0.78125 1 0 1
0 3 96 10 1 0 0 -1.84375 -0.75 1 0 1
0 3 80 10 1 0 0 -1.71875 -0.75 1 0 1
maps_rp_surdonoso_realworldtextures_floor_mixtile_solid_white_1424_14430_314
0 -13 80 10 -1 0 0 -1.71875 -0.75 1 0 1
0 -13 96 10 -1 0 0 -1.84375 -0.75 1 0 1
0 -13 96 6 -1 0 0 -1.84375 -0.78125 1 0 1
maps_rp_surdonoso_realworldtextures_floor_mixtile_solid_white_1424_14430_314
0 -13 80 10 -1 0 0 -1.71875 -0.75 1 0 1
0 -13 96 6 -1 0 0 -1.84375 -0.78125 1 0 1
0 -13 80 6 -1 0 0 -1.71875 -0.78125 1 0 1
maps_rp_surdonoso_realworldtextures_floor_mixtile_solid_white_1424_14430_314
0 3 96 31 0 0 -1 -1.84375 -124.40625 1 0 1
0 -13 96 31 0 0 -1 -1.84375 -124.53125 1 0 1
0 -13 112 31 0 0 -1 -1.96875 -124.53125 1 0 1
maps_rp_surdonoso_realworldtextures_floor_mixtile_solid_white_1424_14430_314
0 3 96 31 0 0 -1 -1.84375 -124.40625 1 0 1
0 -13 112 31 0 0 -1 -1.96875 -124.53125 1 0 1
0 3 112 31 0 0 -1 -1.96875 -124.40625 1 0 1
maps_rp_surdonoso_realworldtextures_floor_mixtile_solid_white_1424_14430_314
0 -13 96 35 0 0 1 -1.84375 -124.53125 1 0 1
0 3 96 35 0 0 1 -1.84375 -124.40625 1 0 1
0 3 112 35 0 0 1 -1.96875 -124.40625 1 0 1
maps_rp_surdonoso_realworldtextures_floor_mixtile_solid_white_1424_14430_314
0 -13 96 35 0 0 1 -1.84375 -124.53125 1 0 1
0 3 112 35 0 0 1 -1.96875 -124.40625 1 0 1
0 -13 112 35 0 0 1 -1.96875 -124.53125 1 0 1
maps_rp_surdonoso_realworldtextures_floor_mixtile_solid_white_1424_14430_314
0 3 112 31 0 1 0 -125.40625 -0.585938 1 0 1
0 -13 112 31 0 1 0 -125.53125 -0.585938 1 0 1
0 -13 112 35 0 1 0 -125.53125 -0.554688 1 0 1
maps_rp_surdonoso_realworldtextures_floor_mixtile_solid_white_1424_14430_314
0 3 112 31 0 1 0 -125.40625 -0.585938 1 0 1
0 -13 112 35 0 1 0 -125.53125 -0.554688 1 0 1
0 3 112 35 0 1 0 -125.40625 -0.554688 1 0 1
maps_rp_surdonoso_realworldtextures_floor_mixtile_solid_white_1424_14430_314
0 3 96 35 0 -1 0 -125.40625 -0.554688 1 0 1
0 -13 96 35 0 -1 0 -125.53125 -0.554688 1 0 1
0 -13 96 31 0 -1 0 -125.53125 -0.585938 1 0 1
maps_rp_surdonoso_realworldtextures_floor_mixtile_solid_white_1424_14430_314
0 3 96 35 0 -1 0 -125.40625 -0.554688 1 0 1
0 -13 96 31 0 -1 0 -125.53125 -0.585938 1 0 1
0 3 96 31 0 -1 0 -125.40625 -0.585938 1 0 1
maps_rp_surdonoso_realworldtextures_floor_mixtile_solid_white_1424_14430_314
0 3 96 31 1 0 0 -1.84375 -0.585938 1 0 1
0 3 112 31 1 0 0 -1.96875 -0.585938 1 0 1
0 3 112 35 1 0 0 -1.96875 -0.554688 1 0 1
maps_rp_surdonoso_realworldtextures_floor_mixtile_solid_white_1424_14430_314
0 3 96 31 1 0 0 -1.84375 -0.585938 1 0 1
0 3 112 35 1 0 0 -1.96875 -0.554688 1 0 1
0 3 96 35 1 0 0 -1.84375 -0.554688 1 0 1
maps_rp_surdonoso_realworldtextures_floor_mixtile_solid_white_1424_14430_314
0 -13 96 35 -1 0 0 -1.84375 -0.554688 1 0 1
0 -13 112 35 -1 0 0 -1.96875 -0.554688 1 0 1
0 -13 112 31 -1 0 0 -1.96875 -0.585938 1 0 1
maps_rp_surdonoso_realworldtextures_floor_mixtile_solid_white_1424_14430_314
0 -13 96 35 -1 0 0 -1.84375 -0.554688 1 0 1
0 -13 112 31 -1 0 0 -1.96875 -0.585938 1 0 1
0 -13 96 31 -1 0 0 -1.84375 -0.585938 1 0 1
maps_rp_surdonoso_realworldtextures_floor_mixtile_solid_white_1424_14430_314
0 1 98 10 0 0 -1 -1.859375 -124.421875 1 0 1
0 -11 98 10 0 0 -1 -1.859375 -124.515625 1 0 1
0 -11 110 10 0 0 -1 -1.953125 -124.515625 1 0 1
maps_rp_surdonoso_realworldtextures_floor_mixtile_solid_white_1424_14430_314
0 1 98 10 0 0 -1 -1.859375 -124.421875 1 0 1
0 -11 110 10 0 0 -1 -1.953125 -124.515625 1 0 1
0 1 110 10 0 0 -1 -1.953125 -124.421875 1 0 1
maps_rp_surdonoso_realworldtextures_floor_mixtile_solid_white_1424_14430_314
0 -11 98 12 0 0 1 -1.859375 -124.515625 1 0 1
0 1 98 12 0 0 1 -1.859375 -124.421875 1 0 1
0 1 110 12 0 0 1 -1.953125 -124.421875 1 0 1
maps_rp_surdonoso_realworldtextures_floor_mixtile_solid_white_1424_14430_314
0 -11 98 12 0 0 1 -1.859375 -124.515625 1 0 1
0 1 110 12 0 0 1 -1.953125 -124.421875 1 0 1
0 -11 110 12 0 0 1 -1.953125 -124.515625 1 0 1
maps_rp_surdonoso_realworldtextures_floor_mixtile_solid_white_1424_14430_314
0 1 110 10 0 1 0 -125.421875 -0.75 1 0 1
0 -11 110 10 0 1 0 -125.515625 -0.75 1 0 1
0 -11 110 12 0 1 0 -125.515625 -0.734375 1 0 1
maps_rp_surdonoso_realworldtextures_floor_mixtile_solid_white_1424_14430_314
0 1 110 10 0 1 0 -125.421875 -0.75 1 0 1
0 -11 110 12 0 1 0 -125.515625 -0.734375 1 0 1
0 1 110 12 0 1 0 -125.421875 -0.734375 1 0 1
maps_rp_surdonoso_realworldtextures_floor_mixtile_solid_white_1424_14430_314
0 1 98 12 0 -1 0 -125.421875 -0.734375 1 0 1
0 -11 98 12 0 -1 0 -125.515625 -0.734375 1 0 1
0 -11 98 10 0 -1 0 -125.515625 -0.75 1 0 1
maps_rp_surdonoso_realworldtextures_floor_mixtile_solid_white_1424_14430_314
0 1 98 12 0 -1 0 -125.421875 -0.734375 1 0 1
0 -11 98 10 0 -1 0 -125.515625 -0.75 1 0 1
0 1 98 10 0 -1 0 -125.421875 -0.75 1 0 1
maps_rp_surdonoso_realworldtextures_floor_mixtile_solid_white_1424_14430_314
0 1 98 10 1 0 0 -1.859375 -0.75 1 0 1
0 1 110 10 1 0 0 -1.953125 -0.75 1 0 1
0 1 110 12 1 0 0 -1.953125 -0.734375 1 0 1
maps_rp_surdonoso_realworldtextures_floor_mixtile_solid_white_1424_14430_314
0 1 98 10 1 0 0 -1.859375 -0.75 1 0 1
0 1 110 12 1 0 0 -1.953125 -0.734375 1 0 1
0 1 98 12 1 0 0 -1.859375 -0.734375 1 0 1
maps_rp_surdonoso_realworldtextures_floor_mixtile_solid_white_1424_14430_314
0 -11 98 12 -1 0 0 -1.859375 -0.734375 1 0 1
0 -11 110 12 -1 0 0 -1.953125 -0.734375 1 0 1
0 -11 110 10 -1 0 0 -1.953125 -0.75 1 0 1
maps_rp_surdonoso_realworldtextures_floor_mixtile_solid_white_1424_14430_314
0 -11 98 12 -1 0 0 -1.859375 -0.734375 1 0 1
0 -11 110 10 -1 0 0 -1.953125 -0.75 1 0 1
0 -11 98 10 -1 0 0 -1.859375 -0.75 1 0 1
maps_rp_surdonoso_realworldtextures_floor_mixtile_solid_white_1424_14430_314
0 -13 96 10 0 0 1 -1.84375 -124.53125 1 0 1
0 3 96 10 0 0 1 -1.84375 -124.40625 1 0 1
0 3 112 10 0 0 1 -1.96875 -124.40625 1 0 1
maps_rp_surdonoso_realworldtextures_floor_mixtile_solid_white_1424_14430_314
0 -13 96 10 0 0 1 -1.84375 -124.53125 1 0 1
0 3 112 10 0 0 1 -1.96875 -124.40625 1 0 1
0 -13 112 10 0 0 1 -1.96875 -124.53125 1 0 1
maps_rp_surdonoso_realworldtextures_floor_mixtile_solid_white_1424_14430_314
0 3 112 6 0 1 0 -125.40625 -0.78125 1 0 1
0 -13 112 6 0 1 0 -125.53125 -0.78125 1 0 1
0 -13 112 10 0 1 0 -125.53125 -0.75 1 0 1
maps_rp_surdonoso_realworldtextures_floor_mixtile_solid_white_1424_14430_314
0 3 112 6 0 1 0 -125.40625 -0.78125 1 0 1
0 -13 112 10 0 1 0 -125.53125 -0.75 1 0 1
0 3 112 10 0 1 0 -125.40625 -0.75 1 0 1
maps_rp_surdonoso_realworldtextures_floor_mixtile_solid_white_1424_14430_314
0 3 96 10 0 -1 0 -125.40625 -0.75 1 0 1
0 -13 96 10 0 -1 0 -125.53125 -0.75 1 0 1
0 -13 96 6 0 -1 0 -125.53125 -0.78125 1 0 1
maps_rp_surdonoso_realworldtextures_floor_mixtile_solid_white_1424_14430_314
0 3 96 10 0 -1 0 -125.40625 -0.75 1 0 1
0 -13 96 6 0 -1 0 -125.53125 -0.78125 1 0 1
0 3 96 6 0 -1 0 -125.40625 -0.78125 1 0 1
maps_rp_surdonoso_realworldtextures_floor_mixtile_solid_white_1424_14430_314
0 3 96 6 1 0 0 -1.84375 -0.78125 1 0 1
0 3 112 6 1 0 0 -1.96875 -0.78125 1 0 1
0 3 112 10 1 0 0 -1.96875 -0.75 1 0 1
maps_rp_surdonoso_realworldtextures_floor_mixtile_solid_white_1424_14430_314
0 3 96 6 1 0 0 -1.84375 -0.78125 1 0 1
0 3 112 10 1 0 0 -1.96875 -0.75 1 0 1
0 3 96 10 1 0 0 -1.84375 -0.75 1 0 1
maps_rp_surdonoso_realworldtextures_floor_mixtile_solid_white_1424_14430_314
0 -13 96 10 -1 0 0 -1.84375 -0.75 1 0 1
0 -13 112 10 -1 0 0 -1.96875 -0.75 1 0 1
0 -13 112 6 -1 0 0 -1.96875 -0.78125 1 0 1
maps_rp_surdonoso_realworldtextures_floor_mixtile_solid_white_1424_14430_314
0 -13 96 10 -1 0 0 -1.84375 -0.75 1 0 1
0 -13 112 6 -1 0 0 -1.96875 -0.78125 1 0 1
0 -13 96 6 -1 0 0 -1.84375 -0.78125 1 0 1
maps_rp_surdonoso_realworldtextures_floor_mixtile_solid_white_1424_14430_314
0 -9 100 29 0 0 1 -1.875 -124.5 1 0 1
0 -1 100 29 0 0 1 -1.875 -124.4375 1 0 1
0 -1 108 29 0 0 1 -1.9375 -124.4375 1 0 1
maps_rp_surdonoso_realworldtextures_floor_mixtile_solid_white_1424_14430_314
0 -9 100 29 0 0 1 -1.875 -124.5 1 0 1
0 -1 108 29 0 0 1 -1.9375 -124.4375 1 0 1
0 -9 108 29 0 0 1 -1.9375 -124.5 1 0 1
maps_rp_surdonoso_realworldtextures_floor_mixtile_solid_white_1424_14430_314
0 -1 100 12 0 0 -1 -1.875 -124.4375 1 0 1
0 -9 100 12 0 0 -1 -1.875 -124.5 1 0 1
0 -9 108 12 0 0 -1 -1.9375 -124.5 1 0 1
maps_rp_surdonoso_realworldtextures_floor_mixtile_solid_white_1424_14430_314
0 -1 100 12 0 0 -1 -1.875 -124.4375 1 0 1
0 -9 108 12 0 0 -1 -1.9375 -124.5 1 0 1
0 -1 108 12 0 0 -1 -1.9375 -124.4375 1 0 1
maps_rp_surdonoso_realworldtextures_floor_mixtile_solid_white_1424_14430_314
0 -1 108 12 0 1 0 -125.4375 -0.734375 1 0 1
0 -9 108 12 0 1 0 -125.5 -0.734375 1 0 1
0 -9 108 29 0 1 0 -125.5 -0.601562 1 0 1
maps_rp_surdonoso_realworldtextures_floor_mixtile_solid_white_1424_14430_314
0 -1 108 12 0 1 0 -125.4375 -0.734375 1 0 1
0 -9 108 29 0 1 0 -125.5 -0.601562 1 0 1
0 -1 108 29 0 1 0 -125.4375 -0.601562 1 0 1
maps_rp_surdonoso_realworldtextures_floor_mixtile_solid_white_1424_14430_314
0 -1 100 29 0 -1 0 -125.4375 -0.601562 1 0 1
0 -9 100 29 0 -1 0 -125.5 -0.601562 1 0 1
0 -9 100 12 0 -1 0 -125.5 -0.734375 1 0 1
maps_rp_surdonoso_realworldtextures_floor_mixtile_solid_white_1424_14430_314
0 -1 100 29 0 -1 0 -125.4375 -0.601562 1 0 1
0 -9 100 12 0 -1 0 -125.5 -0.734375 1 0 1
0 -1 100 12 0 -1 0 -125.4375 -0.734375 1 0 1
maps_rp_surdonoso_realworldtextures_floor_mixtile_solid_white_1424_14430_314
0 -1 100 12 1 0 0 -1.875 -0.734375 1 0 1
0 -1 108 12 1 0 0 -1.9375 -0.734375 1 0 1
0 -1 108 29 1 0 0 -1.9375 -0.601562 1 0 1
maps_rp_surdonoso_realworldtextures_floor_mixtile_solid_white_1424_14430_314
0 -1 100 12 1 0 0 -1.875 -0.734375 1 0 1
0 -1 108 29 1 0 0 -1.9375 -0.601562 1 0 1
0 -1 100 29 1 0 0 -1.875 -0.601562 1 0 1
maps_rp_surdonoso_realworldtextures_floor_mixtile_solid_white_1424_14430_314
0 -9 100 29 -1 0 0 -1.875 -0.601562 1 0 1
0 -9 108 29 -1 0 0 -1.9375 -0.601562 1 0 1
0 -9 108 12 -1 0 0 -1.9375 -0.734375 1 0 1
maps_rp_surdonoso_realworldtextures_floor_mixtile_solid_white_1424_14430_314
0 -9 100 29 -1 0 0 -1.875 -0.601562 1 0 1
0 -9 108 12 -1 0 0 -1.9375 -0.734375 1 0 1
0 -9 100 12 -1 0 0 -1.875 -0.734375 1 0 1
maps_rp_surdonoso_realworldtextures_floor_mixtile_solid_white_1424_14430_314
0 1 98 29 0 0 -1 -1.859375 -124.421875 1 0 1
0 -11 98 29 0 0 -1 -1.859375 -124.515625 1 0 1
0 -11 110 29 0 0 -1 -1.953125 -124.515625 1 0 1
maps_rp_surdonoso_realworldtextures_floor_mixtile_solid_white_1424_14430_314
0 1 98 29 0 0 -1 -1.859375 -124.421875 1 0 1
0 -11 110 29 0 0 -1 -1.953125 -124.515625 1 0 1
0 1 110 29 0 0 -1 -1.953125 -124.421875 1 0 1
maps_rp_surdonoso_realworldtextures_floor_mixtile_solid_white_1424_14430_314
0 -11 98 31 0 0 1 -1.859375 -124.515625 1 0 1
0 1 98 31 0 0 1 -1.859375 -124.421875 1 0 1
0 1 110 31 0 0 1 -1.953125 -124.421875 1 0 1
maps_rp_surdonoso_realworldtextures_floor_mixtile_solid_white_1424_14430_314
0 -11 98 31 0 0 1 -1.859375 -124.515625 1 0 1
0 1 110 31 0 0 1 -1.953125 -124.421875 1 0 1
0 -11 110 31 0 0 1 -1.953125 -124.515625 1 0 1
maps_rp_surdonoso_realworldtextures_floor_mixtile_solid_white_1424_14430_314
0 1 110 29 0 1 0 -125.421875 -0.601562 1 0 1
0 -11 110 29 0 1 0 -125.515625 -0.601562 1 0 1
0 -11 110 31 0 1 0 -125.515625 -0.585938 1 0 1
maps_rp_surdonoso_realworldtextures_floor_mixtile_solid_white_1424_14430_314
0 1 110 29 0 1 0 -125.421875 -0.601562 1 0 1
0 -11 110 31 0 1 0 -125.515625 -0.585938 1 0 1
0 1 110 31 0 1 0 -125.421875 -0.585938 1 0 1
maps_rp_surdonoso_realworldtextures_floor_mixtile_solid_white_1424_14430_314
0 1 98 31 0 -1 0 -125.421875 -0.585938 1 0 1
0 -11 98 31 0 -1 0 -125.515625 -0.585938 1 0 1
0 -11 98 29 0 -1 0 -125.515625 -0.601562 1 0 1
maps_rp_surdonoso_realworldtextures_floor_mixtile_solid_white_1424_14430_314
0 1 98 31 0 -1 0 -125.421875 -0.585938 1 0 1
0 -11 98 29 0 -1 0 -125.515625 -0.601562 1 0 1
0 1 98 29 0 -1 0 -125.421875 -0.601562 1 0 1
maps_rp_surdonoso_realworldtextures_floor_mixtile_solid_white_1424_14430_314
0 1 98 29 1 0 0 -1.859375 -0.601562 1 0 1
0 1 110 29 1 0 0 -1.953125 -0.601562 1 0 1
0 1 110 31 1 0 0 -1.953125 -0.585938 1 0 1
maps_rp_surdonoso_realworldtextures_floor_mixtile_solid_white_1424_14430_314
0 1 98 29 1 0 0 -1.859375 -0.601562 1 0 1
0 1 110 31 1 0 0 -1.953125 -0.585938 1 0 1
0 1 98 31 1 0 0 -1.859375 -0.585938 1 0 1
maps_rp_surdonoso_realworldtextures_floor_mixtile_solid_white_1424_14430_314
0 -11 98 31 -1 0 0 -1.859375 -0.585938 1 0 1
0 -11 110 31 -1 0 0 -1.953125 -0.585938 1 0 1
0 -11 110 29 -1 0 0 -1.953125 -0.601562 1 0 1
maps_rp_surdonoso_realworldtextures_floor_mixtile_solid_white_1424_14430_314
0 -11 98 31 -1 0 0 -1.859375 -0.585938 1 0 1
0 -11 110 29 -1 0 0 -1.953125 -0.601562 1 0 1
0 -11 98 29 -1 0 0 -1.859375 -0.601562 1 0 1
maps_rp_surdonoso_realworldtextures_floor_mixtile_solid_white_1424_14430_314
0 3 112 31 0 0 -1 -1.96875 -124.40625 1 0 1
0 -13 112 31 0 0 -1 -1.96875 -124.53125 1 0 1
0 -13 128 31 0 0 -1 -2.09375 -124.53125 1 0 1
maps_rp_surdonoso_realworldtextures_floor_mixtile_solid_white_1424_14430_314
0 3 112 31 0 0 -1 -1.96875 -124.40625 1 0 1
0 -13 128 31 0 0 -1 -2.09375 -124.53125 1 0 1
0 3 128 31 0 0 -1 -2.09375 -124.40625 1 0 1
maps_rp_surdonoso_realworldtextures_floor_mixtile_solid_white_1424_14430_314
0 -13 112 35 0 0 1 -1.96875 -124.53125 1 0 1
0 3 112 35 0 0 1 -1.96875 -124.40625 1 0 1
0 3 128 35 0 0 1 -2.09375 -124.40625 1 0 1
maps_rp_surdonoso_realworldtextures_floor_mixtile_solid_white_1424_14430_314
0 -13 112 35 0 0 1 -1.96875 -124.53125 1 0 1
0 3 128 35 0 0 1 -2.09375 -124.40625 1 0 1
0 -13 128 35 0 0 1 -2.09375 -124.53125 1 0 1
maps_rp_surdonoso_realworldtextures_floor_mixtile_solid_white_1424_14430_314
0 3 128 31 0 1 0 -125.40625 -0.585938 1 0 1
0 -13 128 31 0 1 0 -125.53125 -0.585938 1 0 1
0 -13 128 35 0 1 0 -125.53125 -0.554688 1 0 1
maps_rp_surdonoso_realworldtextures_floor_mixtile_solid_white_1424_14430_314
0 3 128 31 0 1 0 -125.40625 -0.585938 1 0 1
0 -13 128 35 0 1 0 -125.53125 -0.554688 1 0 1
0 3 128 35 0 1 0 -125.40625 -0.554688 1 0 1
maps_rp_surdonoso_realworldtextures_floor_mixtile_solid_white_1424_14430_314
0 3 112 35 0 -1 0 -125.40625 -0.554688 1 0 1
0 -13 112 35 0 -1 0 -125.53125 -0.554688 1 0 1
0 -13 112 31 0 -1 0 -125.53125 -0.585938 1 0 1
maps_rp_surdonoso_realworldtextures_floor_mixtile_solid_white_1424_14430_314
0 3 112 35 0 -1 0 -125.40625 -0.554688 1 0 1
0 -13 112 31 0 -1 0 -125.53125 -0.585938 1 0 1
0 3 112 31 0 -1 0 -125.40625 -0.585938 1 0 1
maps_rp_surdonoso_realworldtextures_floor_mixtile_solid_white_1424_14430_314
0 3 112 31 1 0 0 -1.96875 -0.585938 1 0 1
0 3 128 31 1 0 0 -2.09375 -0.585938 1 0 1
0 3 128 35 1 0 0 -2.09375 -0.554688 1 0 1
maps_rp_surdonoso_realworldtextures_floor_mixtile_solid_white_1424_14430_314
0 3 112 31 1 0 0 -1.96875 -0.585938 1 0 1
0 3 128 35 1 0 0 -2.09375 -0.554688 1 0 1
0 3 112 35 1 0 0 -1.96875 -0.554688 1 0 1
maps_rp_surdonoso_realworldtextures_floor_mixtile_solid_white_1424_14430_314
0 -13 112 35 -1 0 0 -1.96875 -0.554688 1 0 1
0 -13 128 35 -1 0 0 -2.09375 -0.554688 1 0 1
0 -13 128 31 -1 0 0 -2.09375 -0.585938 1 0 1
maps_rp_surdonoso_realworldtextures_floor_mixtile_solid_white_1424_14430_314
0 -13 112 35 -1 0 0 -1.96875 -0.554688 1 0 1
0 -13 128 31 -1 0 0 -2.09375 -0.585938 1 0 1
0 -13 112 31 -1 0 0 -1.96875 -0.585938 1 0 1
maps_rp_surdonoso_realworldtextures_floor_mixtile_solid_white_1424_14430_314
0 -9 116 29 0 0 1 -2 -124.5 1 0 1
0 -1 116 29 0 0 1 -2 -124.4375 1 0 1
0 -1 124 29 0 0 1 -2.0625 -124.4375 1 0 1
maps_rp_surdonoso_realworldtextures_floor_mixtile_solid_white_1424_14430_314
0 -9 116 29 0 0 1 -2 -124.5 1 0 1
0 -1 124 29 0 0 1 -2.0625 -124.4375 1 0 1
0 -9 124 29 0 0 1 -2.0625 -124.5 1 0 1
maps_rp_surdonoso_realworldtextures_floor_mixtile_solid_white_1424_14430_314
0 -1 116 12 0 0 -1 -2 -124.4375 1 0 1
0 -9 116 12 0 0 -1 -2 -124.5 1 0 1
0 -9 124 12 0 0 -1 -2.0625 -124.5 1 0 1
maps_rp_surdonoso_realworldtextures_floor_mixtile_solid_white_1424_14430_314
0 -1 116 12 0 0 -1 -2 -124.4375 1 0 1
0 -9 124 12 0 0 -1 -2.0625 -124.5 1 0 1
0 -1 124 12 0 0 -1 -2.0625 -124.4375 1 0 1
maps_rp_surdonoso_realworldtextures_floor_mixtile_solid_white_1424_14430_314
0 -1 124 12 0 1 0 -125.4375 -0.734375 1 0 1
0 -9 124 12 0 1 0 -125.5 -0.734375 1 0 1
0 -9 124 29 0 1 0 -125.5 -0.601562 1 0 1
maps_rp_surdonoso_realworldtextures_floor_mixtile_solid_white_1424_14430_314
0 -1 124 12 0 1 0 -125.4375 -0.734375 1 0 1
0 -9 124 29 0 1 0 -125.5 -0.601562 1 0 1
0 -1 124 29 0 1 0 -125.4375 -0.601562 1 0 1
maps_rp_surdonoso_realworldtextures_floor_mixtile_solid_white_1424_14430_314
0 -1 116 29 0 -1 0 -125.4375 -0.601562 1 0 1
0 -9 116 29 0 -1 0 -125.5 -0.601562 1 0 1
0 -9 116 12 0 -1 0 -125.5 -0.734375 1 0 1
maps_rp_surdonoso_realworldtextures_floor_mixtile_solid_white_1424_14430_314
0 -1 116 29 0 -1 0 -125.4375 -0.601562 1 0 1
0 -9 116 12 0 -1 0 -125.5 -0.734375 1 0 1
0 -1 116 12 0 -1 0 -125.4375 -0.734375 1 0 1
maps_rp_surdonoso_realworldtextures_floor_mixtile_solid_white_1424_14430_314
0 -1 116 12 1 0 0 -2 -0.734375 1 0 1
0 -1 124 12 1 0 0 -2.0625 -0.734375 1 0 1
0 -1 124 29 1 0 0 -2.0625 -0.601562 1 0 1
maps_rp_surdonoso_realworldtextures_floor_mixtile_solid_white_1424_14430_314
0 -1 116 12 1 0 0 -2 -0.734375 1 0 1
0 -1 124 29 1 0 0 -2.0625 -0.601562 1 0 1
0 -1 116 29 1 0 0 -2 -0.601562 1 0 1
maps_rp_surdonoso_realworldtextures_floor_mixtile_solid_white_1424_14430_314
0 -9 116 29 -1 0 0 -2 -0.601562 1 0 1
0 -9 124 29 -1 0 0 -2.0625 -0.601562 1 0 1
0 -9 124 12 -1 0 0 -2.0625 -0.734375 1 0 1
maps_rp_surdonoso_realworldtextures_floor_mixtile_solid_white_1424_14430_314
0 -9 116 29 -1 0 0 -2 -0.601562 1 0 1
0 -9 124 12 -1 0 0 -2.0625 -0.734375 1 0 1
0 -9 116 12 -1 0 0 -2 -0.734375 1 0 1
maps_rp_surdonoso_realworldtextures_floor_mixtile_solid_white_1424_14430_314
0 1 114 29 0 0 -1 -1.984375 -124.421875 1 0 1
0 -11 114 29 0 0 -1 -1.984375 -124.515625 1 0 1
0 -11 126 29 0 0 -1 -2.078125 -124.515625 1 0 1
maps_rp_surdonoso_realworldtextures_floor_mixtile_solid_white_1424_14430_314
0 1 114 29 0 0 -1 -1.984375 -124.421875 1 0 1
0 -11 126 29 0 0 -1 -2.078125 -124.515625 1 0 1
0 1 126 29 0 0 -1 -2.078125 -124.421875 1 0 1
maps_rp_surdonoso_realworldtextures_floor_mixtile_solid_white_1424_14430_314
0 -11 114 31 0 0 1 -1.984375 -124.515625 1 0 1
0 1 114 31 0 0 1 -1.984375 -124.421875 1 0 1
0 1 126 31 0 0 1 -2.078125 -124.421875 1 0 1
maps_rp_surdonoso_realworldtextures_floor_mixtile_solid_white_1424_14430_314
0 -11 114 31 0 0 1 -1.984375 -124.515625 1 0 1
0 1 126 31 0 0 1 -2.078125 -124.421875 1 0 1
0 -11 126 31 0 0 1 -2.078125 -124.515625 1 0 1
maps_rp_surdonoso_realworldtextures_floor_mixtile_solid_white_1424_14430_314
0 1 126 29 0 1 0 -125.421875 -0.601562 1 0 1
0 -11 126 29 0 1 0 -125.515625 -0.601562 1 0 1
0 -11 126 31 0 1 0 -125.515625 -0.585938 1 0 1
maps_rp_surdonoso_realworldtextures_floor_mixtile_solid_white_1424_14430_314
0 1 126 29 0 1 0 -125.421875 -0.601562 1 0 1
0 -11 126 31 0 1 0 -125.515625 -0.585938 1 0 1
0 1 126 31 0 1 0 -125.421875 -0.585938 1 0 1
maps_rp_surdonoso_realworldtextures_floor_mixtile_solid_white_1424_14430_314
0 1 114 31 0 -1 0 -125.421875 -0.585938 1 0 1
0 -11 114 31 0 -1 0 -125.515625 -0.585938 1 0 1
0 -11 114 29 0 -1 0 -125.515625 -0.601562 1 0 1
maps_rp_surdonoso_realworldtextures_floor_mixtile_solid_white_1424_14430_314
0 1 114 31 0 -1 0 -125.421875 -0.585938 1 0 1
0 -11 114 29 0 -1 0 -125.515625 -0.601562 1 0 1
0 1 114 29 0 -1 0 -125.421875 -0.601562 1 0 1
maps_rp_surdonoso_realworldtextures_floor_mixtile_solid_white_1424_14430_314
0 1 114 29 1 0 0 -1.984375 -0.601562 1 0 1
0 1 126 29 1 0 0 -2.078125 -0.601562 1 0 1
0 1 126 31 1 0 0 -2.078125 -0.585938 1 0 1
maps_rp_surdonoso_realworldtextures_floor_mixtile_solid_white_1424_14430_314
0 1 114 29 1 0 0 -1.984375 -0.601562 1 0 1
0 1 126 31 1 0 0 -2.078125 -0.585938 1 0 1
0 1 114 31 1 0 0 -1.984375 -0.585938 1 0 1
maps_rp_surdonoso_realworldtextures_floor_mixtile_solid_white_1424_14430_314
0 -11 114 31 -1 0 0 -1.984375 -0.585938 1 0 1
0 -11 126 31 -1 0 0 -2.078125 -0.585938 1 0 1
0 -11 126 29 -1 0 0 -2.078125 -0.601562 1 0 1
maps_rp_surdonoso_realworldtextures_floor_mixtile_solid_white_1424_14430_314
0 -11 114 31 -1 0 0 -1.984375 -0.585938 1 0 1
0 -11 126 29 -1 0 0 -2.078125 -0.601562 1 0 1
0 -11 114 29 -1 0 0 -1.984375 -0.601562 1 0 1
maps_rp_surdonoso_realworldtextures_floor_mixtile_solid_white_1424_14430_314
0 1 114 10 0 0 -1 -1.984375 -124.421875 1 0 1
0 -11 114 10 0 0 -1 -1.984375 -124.515625 1 0 1
0 -11 126 10 0 0 -1 -2.078125 -124.515625 1 0 1
maps_rp_surdonoso_realworldtextures_floor_mixtile_solid_white_1424_14430_314
0 1 114 10 0 0 -1 -1.984375 -124.421875 1 0 1
0 -11 126 10 0 0 -1 -2.078125 -124.515625 1 0 1
0 1 126 10 0 0 -1 -2.078125 -124.421875 1 0 1
maps_rp_surdonoso_realworldtextures_floor_mixtile_solid_white_1424_14430_314
0 -11 114 12 0 0 1 -1.984375 -124.515625 1 0 1
0 1 114 12 0 0 1 -1.984375 -124.421875 1 0 1
0 1 126 12 0 0 1 -2.078125 -124.421875 1 0 1
maps_rp_surdonoso_realworldtextures_floor_mixtile_solid_white_1424_14430_314
0 -11 114 12 0 0 1 -1.984375 -124.515625 1 0 1
0 1 126 12 0 0 1 -2.078125 -124.421875 1 0 1
0 -11 126 12 0 0 1 -2.078125 -124.515625 1 0 1
maps_rp_surdonoso_realworldtextures_floor_mixtile_solid_white_1424_14430_314
0 1 126 10 0 1 0 -125.421875 -0.75 1 0 1
0 -11 126 10 0 1 0 -125.515625 -0.75 1 0 1
0 -11 126 12 0 1 0 -125.515625 -0.734375 1 0 1
maps_rp_surdonoso_realworldtextures_floor_mixtile_solid_white_1424_14430_314
0 1 126 10 0 1 0 -125.421875 -0.75 1 0 1
0 -11 126 12 0 1 0 -125.515625 -0.734375 1 0 1
0 1 126 12 0 1 0 -125.421875 -0.734375 1 0 1
maps_rp_surdonoso_realworldtextures_floor_mixtile_solid_white_1424_14430_314
0 1 114 12 0 -1 0 -125.421875 -0.734375 1 0 1
0 -11 114 12 0 -1 0 -125.515625 -0.734375 1 0 1
0 -11 114 10 0 -1 0 -125.515625 -0.75 1 0 1
maps_rp_surdonoso_realworldtextures_floor_mixtile_solid_white_1424_14430_314
0 1 114 12 0 -1 0 -125.421875 -0.734375 1 0 1
0 -11 114 10 0 -1 0 -125.515625 -0.75 1 0 1
0 1 114 10 0 -1 0 -125.421875 -0.75 1 0 1
maps_rp_surdonoso_realworldtextures_floor_mixtile_solid_white_1424_14430_314
0 1 114 10 1 0 0 -1.984375 -0.75 1 0 1
0 1 126 10 1 0 0 -2.078125 -0.75 1 0 1
0 1 126 12 1 0 0 -2.078125 -0.734375 1 0 1
maps_rp_surdonoso_realworldtextures_floor_mixtile_solid_white_1424_14430_314
0 1 114 10 1 0 0 -1.984375 -0.75 1 0 1
0 1 126 12 1 0 0 -2.078125 -0.734375 1 0 1
0 1 114 12 1 0 0 -1.984375 -0.734375 1 0 1
maps_rp_surdonoso_realworldtextures_floor_mixtile_solid_white_1424_14430_314
0 -11 114 12 -1 0 0 -1.984375 -0.734375 1 0 1
0 -11 126 12 -1 0 0 -2.078125 -0.734375 1 0 1
0 -11 126 10 -1 0 0 -2.078125 -0.75 1 0 1
maps_rp_surdonoso_realworldtextures_floor_mixtile_solid_white_1424_14430_314
0 -11 114 12 -1 0 0 -1.984375 -0.734375 1 0 1
0 -11 126 10 -1 0 0 -2.078125 -0.75 1 0 1
0 -11 114 10 -1 0 0 -1.984375 -0.75 1 0 1
maps_rp_surdonoso_realworldtextures_floor_mixtile_solid_white_1424_14430_314
0 -13 112 10 0 0 1 -1.96875 -124.53125 1 0 1
0 3 112 10 0 0 1 -1.96875 -124.40625 1 0 1
0 3 128 10 0 0 1 -2.09375 -124.40625 1 0 1
maps_rp_surdonoso_realworldtextures_floor_mixtile_solid_white_1424_14430_314
0 -13 112 10 0 0 1 -1.96875 -124.53125 1 0 1
0 3 128 10 0 0 1 -2.09375 -124.40625 1 0 1
0 -13 128 10 0 0 1 -2.09375 -124.53125 1 0 1
maps_rp_surdonoso_realworldtextures_floor_mixtile_solid_white_1424_14430_314
0 3 128 6 0 1 0 -125.40625 -0.78125 1 0 1
0 -13 128 6 0 1 0 -125.53125 -0.78125 1 0 1
0 -13 128 10 0 1 0 -125.53125 -0.75 1 0 1
maps_rp_surdonoso_realworldtextures_floor_mixtile_solid_white_1424_14430_314
0 3 128 6 0 1 0 -125.40625 -0.78125 1 0 1
0 -13 128 10 0 1 0 -125.53125 -0.75 1 0 1
0 3 128 10 0 1 0 -125.40625 -0.75 1 0 1
maps_rp_surdonoso_realworldtextures_floor_mixtile_solid_white_1424_14430_314
0 3 112 10 0 -1 0 -125.40625 -0.75 1 0 1
0 -13 112 10 0 -1 0 -125.53125 -0.75 1 0 1
0 -13 112 6 0 -1 0 -125.53125 -0.78125 1 0 1
maps_rp_surdonoso_realworldtextures_floor_mixtile_solid_white_1424_14430_314
0 3 112 10 0 -1 0 -125.40625 -0.75 1 0 1
0 -13 112 6 0 -1 0 -125.53125 -0.78125 1 0 1
0 3 112 6 0 -1 0 -125.40625 -0.78125 1 0 1
maps_rp_surdonoso_realworldtextures_floor_mixtile_solid_white_1424_14430_314
0 3 112 6 1 0 0 -1.96875 -0.78125 1 0 1
0 3 128 6 1 0 0 -2.09375 -0.78125 1 0 1
0 3 128 10 1 0 0 -2.09375 -0.75 1 0 1
maps_rp_surdonoso_realworldtextures_floor_mixtile_solid_white_1424_14430_314
0 3 112 6 1 0 0 -1.96875 -0.78125 1 0 1
0 3 128 10 1 0 0 -2.09375 -0.75 1 0 1
0 3 112 10 1 0 0 -1.96875 -0.75 1 0 1
maps_rp_surdonoso_realworldtextures_floor_mixtile_solid_white_1424_14430_314
0 -13 112 10 -1 0 0 -1.96875 -0.75 1 0 1
0 -13 128 10 -1 0 0 -2.09375 -0.75 1 0 1
0 -13 128 6 -1 0 0 -2.09375 -0.78125 1 0 1
maps_rp_surdonoso_realworldtextures_floor_mixtile_solid_white_1424_14430_314
0 -13 112 10 -1 0 0 -1.96875 -0.75 1 0 1
0 -13 128 6 -1 0 0 -2.09375 -0.78125 1 0 1
0 -13 112 6 -1 0 0 -1.96875 -0.78125 1 0 1
maps_rp_surdonoso_realworldtextures_floor_mixtile_solid_white_1424_14430_314
0 3 128 31 0 0 -1 -2.09375 -124.40625 1 0 1
0 -13 128 31 0 0 -1 -2.09375 -124.53125 1 0 1
0 -13 144 31 0 0 -1 -2.21875 -124.53125 1 0 1
maps_rp_surdonoso_realworldtextures_floor_mixtile_solid_white_1424_14430_314
0 3 128 31 0 0 -1 -2.09375 -124.40625 1 0 1
0 -13 144 31 0 0 -1 -2.21875 -124.53125 1 0 1
0 3 144 31 0 0 -1 -2.21875 -124.40625 1 0 1
maps_rp_surdonoso_realworldtextures_floor_mixtile_solid_white_1424_14430_314
0 -13 128 35 0 0 1 -2.09375 -124.53125 1 0 1
0 3 128 35 0 0 1 -2.09375 -124.40625 1 0 1
0 3 144 35 0 0 1 -2.21875 -124.40625 1 0 1
maps_rp_surdonoso_realworldtextures_floor_mixtile_solid_white_1424_14430_314
0 -13 128 35 0 0 1 -2.09375 -124.53125 1 0 1
0 3 144 35 0 0 1 -2.21875 -124.40625 1 0 1
0 -13 144 35 0 0 1 -2.21875 -124.53125 1 0 1
maps_rp_surdonoso_realworldtextures_floor_mixtile_solid_white_1424_14430_314
0 3 144 31 0 1 0 -125.40625 -0.585938 1 0 1
0 -13 144 31 0 1 0 -125.53125 -0.585938 1 0 1
0 -13 144 35 0 1 0 -125.53125 -0.554688 1 0 1
maps_rp_surdonoso_realworldtextures_floor_mixtile_solid_white_1424_14430_314
0 3 144 31 0 1 0 -125.40625 -0.585938 1 0 1
0 -13 144 35 0 1 0 -125.53125 -0.554688 1 0 1
0 3 144 35 0 1 0 -125.40625 -0.554688 1 0 1
maps_rp_surdonoso_realworldtextures_floor_mixtile_solid_white_1424_14430_314
0 3 128 35 0 -1 0 -125.40625 -0.554688 1 0 1
0 -13 128 35 0 -1 0 -125.53125 -0.554688 1 0 1
0 -13 128 31 0 -1 0 -125.53125 -0.585938 1 0 1
maps_rp_surdonoso_realworldtextures_floor_mixtile_solid_white_1424_14430_314
0 3 128 35 0 -1 0 -125.40625 -0.554688 1 0 1
0 -13 128 31 0 -1 0 -125.53125 -0.585938 1 0 1
0 3 128 31 0 -1 0 -125.40625 -0.585938 1 0 1
maps_rp_surdonoso_realworldtextures_floor_mixtile_solid_white_1424_14430_314
0 3 128 31 1 0 0 -2.09375 -0.585938 1 0 1
0 3 144 31 1 0 0 -2.21875 -0.585938 1 0 1
0 3 144 35 1 0 0 -2.21875 -0.554688 1 0 1
maps_rp_surdonoso_realworldtextures_floor_mixtile_solid_white_1424_14430_314
0 3 128 31 1 0 0 -2.09375 -0.585938 1 0 1
0 3 144 35 1 0 0 -2.21875 -0.554688 1 0 1
0 3 128 35 1 0 0 -2.09375 -0.554688 1 0 1
maps_rp_surdonoso_realworldtextures_floor_mixtile_solid_white_1424_14430_314
0 -13 128 35 -1 0 0 -2.09375 -0.554688 1 0 1
0 -13 144 35 -1 0 0 -2.21875 -0.554688 1 0 1
0 -13 144 31 -1 0 0 -2.21875 -0.585938 1 0 1
maps_rp_surdonoso_realworldtextures_floor_mixtile_solid_white_1424_14430_314
0 -13 128 35 -1 0 0 -2.09375 -0.554688 1 0 1
0 -13 144 31 -1 0 0 -2.21875 -0.585938 1 0 1
0 -13 128 31 -1 0 0 -2.09375 -0.585938 1 0 1
maps_rp_surdonoso_realworldtextures_floor_mixtile_solid_white_1424_14430_314
0 1 130 10 0 0 -1 -2.109375 -124.421875 1 0 1
0 -11 130 10 0 0 -1 -2.109375 -124.515625 1 0 1
0 -11 142 10 0 0 -1 -2.203125 -124.515625 1 0 1
maps_rp_surdonoso_realworldtextures_floor_mixtile_solid_white_1424_14430_314
0 1 130 10 0 0 -1 -2.109375 -124.421875 1 0 1
0 -11 142 10 0 0 -1 -2.203125 -124.515625 1 0 1
0 1 142 10 0 0 -1 -2.203125 -124.421875 1 0 1
maps_rp_surdonoso_realworldtextures_floor_mixtile_solid_white_1424_14430_314
0 -11 130 12 0 0 1 -2.109375 -124.515625 1 0 1
0 1 130 12 0 0 1 -2.109375 -124.421875 1 0 1
0 1 142 12 0 0 1 -2.203125 -124.421875 1 0 1
maps_rp_surdonoso_realworldtextures_floor_mixtile_solid_white_1424_14430_314
0 -11 130 12 0 0 1 -2.109375 -124.515625 1 0 1
0 1 142 12 0 0 1 -2.203125 -124.421875 1 0 1
0 -11 142 12 0 0 1 -2.203125 -124.515625 1 0 1
maps_rp_surdonoso_realworldtextures_floor_mixtile_solid_white_1424_14430_314
0 1 142 10 0 1 0 -125.421875 -0.75 1 0 1
0 -11 142 10 0 1 0 -125.515625 -0.75 1 0 1
0 -11 142 12 0 1 0 -125.515625 -0.734375 1 0 1
maps_rp_surdonoso_realworldtextures_floor_mixtile_solid_white_1424_14430_314
0 1 142 10 0 1 0 -125.421875 -0.75 1 0 1
0 -11 142 12 0 1 0 -125.515625 -0.734375 1 0 1
0 1 142 12 0 1 0 -125.421875 -0.734375 1 0 1
maps_rp_surdonoso_realworldtextures_floor_mixtile_solid_white_1424_14430_314
0 1 130 12 0 -1 0 -125.421875 -0.734375 1 0 1
0 -11 130 12 0 -1 0 -125.515625 -0.734375 1 0 1
0 -11 130 10 0 -1 0 -125.515625 -0.75 1 0 1
maps_rp_surdonoso_realworldtextures_floor_mixtile_solid_white_1424_14430_314
0 1 130 12 0 -1 0 -125.421875 -0.734375 1 0 1
0 -11 130 10 0 -1 0 -125.515625 -0.75 1 0 1
0 1 130 10 0 -1 0 -125.421875 -0.75 1 0 1
maps_rp_surdonoso_realworldtextures_floor_mixtile_solid_white_1424_14430_314
0 1 130 10 1 0 0 -2.109375 -0.75 1 0 1
0 1 142 10 1 0 0 -2.203125 -0.75 1 0 1
0 1 142 12 1 0 0 -2.203125 -0.734375 1 0 1
maps_rp_surdonoso_realworldtextures_floor_mixtile_solid_white_1424_14430_314
0 1 130 10 1 0 0 -2.109375 -0.75 1 0 1
0 1 142 12 1 0 0 -2.203125 -0.734375 1 0 1
0 1 130 12 1 0 0 -2.109375 -0.734375 1 0 1
maps_rp_surdonoso_realworldtextures_floor_mixtile_solid_white_1424_14430_314
0 -11 130 12 -1 0 0 -2.109375 -0.734375 1 0 1
0 -11 142 12 -1 0 0 -2.203125 -0.734375 1 0 1
0 -11 142 10 -1 0 0 -2.203125 -0.75 1 0 1
maps_rp_surdonoso_realworldtextures_floor_mixtile_solid_white_1424_14430_314
0 -11 130 12 -1 0 0 -2.109375 -0.734375 1 0 1
0 -11 142 10 -1 0 0 -2.203125 -0.75 1 0 1
0 -11 130 10 -1 0 0 -2.109375 -0.75 1 0 1
maps_rp_surdonoso_realworldtextures_floor_mixtile_solid_white_1424_14430_314
0 -13 128 10 0 0 1 -2.09375 -124.53125 1 0 1
0 3 128 10 0 0 1 -2.09375 -124.40625 1 0 1
0 3 144 10 0 0 1 -2.21875 -124.40625 1 0 1
maps_rp_surdonoso_realworldtextures_floor_mixtile_solid_white_1424_14430_314
0 -13 128 10 0 0 1 -2.09375 -124.53125 1 0 1
0 3 144 10 0 0 1 -2.21875 -124.40625 1 0 1
0 -13 144 10 0 0 1 -2.21875 -124.53125 1 0 1
maps_rp_surdonoso_realworldtextures_floor_mixtile_solid_white_1424_14430_314
0 3 144 6 0 1 0 -125.40625 -0.78125 1 0 1
0 -13 144 6 0 1 0 -125.53125 -0.78125 1 0 1
0 -13 144 10 0 1 0 -125.53125 -0.75 1 0 1
maps_rp_surdonoso_realworldtextures_floor_mixtile_solid_white_1424_14430_314
0 3 144 6 0 1 0 -125.40625 -0.78125 1 0 1
0 -13 144 10 0 1 0 -125.53125 -0.75 1 0 1
0 3 144 10 0 1 0 -125.40625 -0.75 1 0 1
maps_rp_surdonoso_realworldtextures_floor_mixtile_solid_white_1424_14430_314
0 3 128 10 0 -1 0 -125.40625 -0.75 1 0 1
0 -13 128 10 0 -1 0 -125.53125 -0.75 1 0 1
0 -13 128 6 0 -1 0 -125.53125 -0.78125 1 0 1
maps_rp_surdonoso_realworldtextures_floor_mixtile_solid_white_1424_14430_314
0 3 128 10 0 -1 0 -125.40625 -0.75 1 0 1
0 -13 128 6 0 -1 0 -125.53125 -0.78125 1 0 1
0 3 128 6 0 -1 0 -125.40625 -0.78125 1 0 1
maps_rp_surdonoso_realworldtextures_floor_mixtile_solid_white_1424_14430_314
0 3 128 6 1 0 0 -2.09375 -0.78125 1 0 1
0 3 144 6 1 0 0 -2.21875 -0.78125 1 0 1
0 3 144 10 1 0 0 -2.21875 -0.75 1 0 1
maps_rp_surdonoso_realworldtextures_floor_mixtile_solid_white_1424_14430_314
0 3 128 6 1 0 0 -2.09375 -0.78125 1 0 1
0 3 144 10 1 0 0 -2.21875 -0.75 1 0 1
0 3 128 10 1 0 0 -2.09375 -0.75 1 0 1
maps_rp_surdonoso_realworldtextures_floor_mixtile_solid_white_1424_14430_314
0 -13 128 10 -1 0 0 -2.09375 -0.75 1 0 1
0 -13 144 10 -1 0 0 -2.21875 -0.75 1 0 1
0 -13 144 6 -1 0 0 -2.21875 -0.78125 1 0 1
maps_rp_surdonoso_realworldtextures_floor_mixtile_solid_white_1424_14430_314
0 -13 128 10 -1 0 0 -2.09375 -0.75 1 0 1
0 -13 144 6 -1 0 0 -2.21875 -0.78125 1 0 1
0 -13 128 6 -1 0 0 -2.09375 -0.78125 1 0 1
maps_rp_surdonoso_realworldtextures_floor_mixtile_solid_white_1424_14430_314
0 -9 132 29 0 0 1 -2.125 -124.5 1 0 1
0 -1 132 29 0 0 1 -2.125 -124.4375 1 0 1
0 -1 140 29 0 0 1 -2.1875 -124.4375 1 0 1
maps_rp_surdonoso_realworldtextures_floor_mixtile_solid_white_1424_14430_314
0 -9 132 29 0 0 1 -2.125 -124.5 1 0 1
0 -1 140 29 0 0 1 -2.1875 -124.4375 1 0 1
0 -9 140 29 0 0 1 -2.1875 -124.5 1 0 1
maps_rp_surdonoso_realworldtextures_floor_mixtile_solid_white_1424_14430_314
0 -1 132 12 0 0 -1 -2.125 -124.4375 1 0 1
0 -9 132 12 0 0 -1 -2.125 -124.5 1 0 1
0 -9 140 12 0 0 -1 -2.1875 -124.5 1 0 1
maps_rp_surdonoso_realworldtextures_floor_mixtile_solid_white_1424_14430_314
0 -1 132 12 0 0 -1 -2.125 -124.4375 1 0 1
0 -9 140 12 0 0 -1 -2.1875 -124.5 1 0 1
0 -1 140 12 0 0 -1 -2.1875 -124.4375 1 0 1
maps_rp_surdonoso_realworldtextures_floor_mixtile_solid_white_1424_14430_314
0 -1 140 12 0 1 0 -125.4375 -0.734375 1 0 1
0 -9 140 12 0 1 0 -125.5 -0.734375 1 0 1
0 -9 140 29 0 1 0 -125.5 -0.601562 1 0 1
maps_rp_surdonoso_realworldtextures_floor_mixtile_solid_white_1424_14430_314
0 -1 140 12 0 1 0 -125.4375 -0.734375 1 0 1
0 -9 140 29 0 1 0 -125.5 -0.601562 1 0 1
0 -1 140 29 0 1 0 -125.4375 -0.601562 1 0 1
maps_rp_surdonoso_realworldtextures_floor_mixtile_solid_white_1424_14430_314
0 -1 132 29 0 -1 0 -125.4375 -0.601562 1 0 1
0 -9 132 29 0 -1 0 -125.5 -0.601562 1 0 1
0 -9 132 12 0 -1 0 -125.5 -0.734375 1 0 1
maps_rp_surdonoso_realworldtextures_floor_mixtile_solid_white_1424_14430_314
0 -1 132 29 0 -1 0 -125.4375 -0.601562 1 0 1
0 -9 132 12 0 -1 0 -125.5 -0.734375 1 0 1
0 -1 132 12 0 -1 0 -125.4375 -0.734375 1 0 1
maps_rp_surdonoso_realworldtextures_floor_mixtile_solid_white_1424_14430_314
0 -1 132 12 1 0 0 -2.125 -0.734375 1 0 1
0 -1 140 12 1 0 0 -2.1875 -0.734375 1 0 1
0 -1 140 29 1 0 0 -2.1875 -0.601562 1 0 1
maps_rp_surdonoso_realworldtextures_floor_mixtile_solid_white_1424_14430_314
0 -1 132 12 1 0 0 -2.125 -0.734375 1 0 1
0 -1 140 29 1 0 0 -2.1875 -0.601562 1 0 1
0 -1 132 29 1 0 0 -2.125 -0.601562 1 0 1
maps_rp_surdonoso_realworldtextures_floor_mixtile_solid_white_1424_14430_314
0 -9 132 29 -1 0 0 -2.125 -0.601562 1 0 1
0 -9 140 29 -1 0 0 -2.1875 -0.601562 1 0 1
0 -9 140 12 -1 0 0 -2.1875 -0.734375 1 0 1
maps_rp_surdonoso_realworldtextures_floor_mixtile_solid_white_1424_14430_314
0 -9 132 29 -1 0 0 -2.125 -0.601562 1 0 1
0 -9 140 12 -1 0 0 -2.1875 -0.734375 1 0 1
0 -9 132 12 -1 0 0 -2.125 -0.734375 1 0 1
maps_rp_surdonoso_realworldtextures_floor_mixtile_solid_white_1424_14430_314
0 1 130 29 0 0 -1 -2.109375 -124.421875 1 0 1
0 -11 130 29 0 0 -1 -2.109375 -124.515625 1 0 1
0 -11 142 29 0 0 -1 -2.203125 -124.515625 1 0 1
maps_rp_surdonoso_realworldtextures_floor_mixtile_solid_white_1424_14430_314
0 1 130 29 0 0 -1 -2.109375 -124.421875 1 0 1
0 -11 142 29 0 0 -1 -2.203125 -124.515625 1 0 1
0 1 142 29 0 0 -1 -2.203125 -124.421875 1 0 1
maps_rp_surdonoso_realworldtextures_floor_mixtile_solid_white_1424_14430_314
0 -11 130 31 0 0 1 -2.109375 -124.515625 1 0 1
0 1 130 31 0 0 1 -2.109375 -124.421875 1 0 1
0 1 142 31 0 0 1 -2.203125 -124.421875 1 0 1
maps_rp_surdonoso_realworldtextures_floor_mixtile_solid_white_1424_14430_314
0 -11 130 31 0 0 1 -2.109375 -124.515625 1 0 1
0 1 142 31 0 0 1 -2.203125 -124.421875 1 0 1
0 -11 142 31 0 0 1 -2.203125 -124.515625 1 0 1
maps_rp_surdonoso_realworldtextures_floor_mixtile_solid_white_1424_14430_314
0 1 142 29 0 1 0 -125.421875 -0.601562 1 0 1
0 -11 142 29 0 1 0 -125.515625 -0.601562 1 0 1
0 -11 142 31 0 1 0 -125.515625 -0.585938 1 0 1
maps_rp_surdonoso_realworldtextures_floor_mixtile_solid_white_1424_14430_314
0 1 142 29 0 1 0 -125.421875 -0.601562 1 0 1
0 -11 142 31 0 1 0 -125.515625 -0.585938 1 0 1
0 1 142 31 0 1 0 -125.421875 -0.585938 1 0 1
maps_rp_surdonoso_realworldtextures_floor_mixtile_solid_white_1424_14430_314
0 1 130 31 0 -1 0 -125.421875 -0.585938 1 0 1
0 -11 130 31 0 -1 0 -125.515625 -0.585938 1 0 1
0 -11 130 29 0 -1 0 -125.515625 -0.601562 1 0 1
maps_rp_surdonoso_realworldtextures_floor_mixtile_solid_white_1424_14430_314
0 1 130 31 0 -1 0 -125.421875 -0.585938 1 0 1
0 -11 130 29 0 -1 0 -125.515625 -0.601562 1 0 1
0 1 130 29 0 -1 0 -125.421875 -0.601562 1 0 1
maps_rp_surdonoso_realworldtextures_floor_mixtile_solid_white_1424_14430_314
0 1 130 29 1 0 0 -2.109375 -0.601562 1 0 1
0 1 142 29 1 0 0 -2.203125 -0.601562 1 0 1
0 1 142 31 1 0 0 -2.203125 -0.585938 1 0 1
maps_rp_surdonoso_realworldtextures_floor_mixtile_solid_white_1424_14430_314
0 1 130 29 1 0 0 -2.109375 -0.601562 1 0 1
0 1 142 31 1 0 0 -2.203125 -0.585938 1 0 1
0 1 130 31 1 0 0 -2.109375 -0.585938 1 0 1
maps_rp_surdonoso_realworldtextures_floor_mixtile_solid_white_1424_14430_314
0 -11 130 31 -1 0 0 -2.109375 -0.585938 1 0 1
0 -11 142 31 -1 0 0 -2.203125 -0.585938 1 0 1
0 -11 142 29 -1 0 0 -2.203125 -0.601562 1 0 1
maps_rp_surdonoso_realworldtextures_floor_mixtile_solid_white_1424_14430_314
0 -11 130 31 -1 0 0 -2.109375 -0.585938 1 0 1
0 -11 142 29 -1 0 0 -2.203125 -0.601562 1 0 1
0 -11 130 29 -1 0 0 -2.109375 -0.601562 1 0 1
maps_rp_surdonoso_realworldtextures_floor_mixtile_solid_white_1424_14430_314
0 3 144 31 0 0 -1 -2.21875 -124.40625 1 0 1
0 -13 144 31 0 0 -1 -2.21875 -124.53125 1 0 1
0 -13 160 31 0 0 -1 -2.34375 -124.53125 1 0 1
maps_rp_surdonoso_realworldtextures_floor_mixtile_solid_white_1424_14430_314
0 3 144 31 0 0 -1 -2.21875 -124.40625 1 0 1
0 -13 160 31 0 0 -1 -2.34375 -124.53125 1 0 1
0 3 160 31 0 0 -1 -2.34375 -124.40625 1 0 1
maps_rp_surdonoso_realworldtextures_floor_mixtile_solid_white_1424_14430_314
0 -13 144 35 0 0 1 -2.21875 -124.53125 1 0 1
0 3 144 35 0 0 1 -2.21875 -124.40625 1 0 1
0 3 160 35 0 0 1 -2.34375 -124.40625 1 0 1
maps_rp_surdonoso_realworldtextures_floor_mixtile_solid_white_1424_14430_314
0 -13 144 35 0 0 1 -2.21875 -124.53125 1 0 1
0 3 160 35 0 0 1 -2.34375 -124.40625 1 0 1
0 -13 160 35 0 0 1 -2.34375 -124.53125 1 0 1
maps_rp_surdonoso_realworldtextures_floor_mixtile_solid_white_1424_14430_314
0 3 160 31 0 1 0 -125.40625 -0.585938 1 0 1
0 -13 160 31 0 1 0 -125.53125 -0.585938 1 0 1
0 -13 160 35 0 1 0 -125.53125 -0.554688 1 0 1
maps_rp_surdonoso_realworldtextures_floor_mixtile_solid_white_1424_14430_314
0 3 160 31 0 1 0 -125.40625 -0.585938 1 0 1
0 -13 160 35 0 1 0 -125.53125 -0.554688 1 0 1
0 3 160 35 0 1 0 -125.40625 -0.554688 1 0 1
maps_rp_surdonoso_realworldtextures_floor_mixtile_solid_white_1424_14430_314
0 3 144 35 0 -1 0 -125.40625 -0.554688 1 0 1
0 -13 144 35 0 -1 0 -125.53125 -0.554688 1 0 1
0 -13 144 31 0 -1 0 -125.53125 -0.585938 1 0 1
maps_rp_surdonoso_realworldtextures_floor_mixtile_solid_white_1424_14430_314
0 3 144 35 0 -1 0 -125.40625 -0.554688 1 0 1
0 -13 144 31 0 -1 0 -125.53125 -0.585938 1 0 1
0 3 144 31 0 -1 0 -125.40625 -0.585938 1 0 1
maps_rp_surdonoso_realworldtextures_floor_mixtile_solid_white_1424_14430_314
0 3 144 31 1 0 0 -2.21875 -0.585938 1 0 1
0 3 160 31 1 0 0 -2.34375 -0.585938 1 0 1
0 3 160 35 1 0 0 -2.34375 -0.554688 1 0 1
maps_rp_surdonoso_realworldtextures_floor_mixtile_solid_white_1424_14430_314
0 3 144 31 1 0 0 -2.21875 -0.585938 1 0 1
0 3 160 35 1 0 0 -2.34375 -0.554688 1 0 1
0 3 144 35 1 0 0 -2.21875 -0.554688 1 0 1
maps_rp_surdonoso_realworldtextures_floor_mixtile_solid_white_1424_14430_314
0 -13 144 35 -1 0 0 -2.21875 -0.554688 1 0 1
0 -13 160 35 -1 0 0 -2.34375 -0.554688 1 0 1
0 -13 160 31 -1 0 0 -2.34375 -0.585938 1 0 1
maps_rp_surdonoso_realworldtextures_floor_mixtile_solid_white_1424_14430_314
0 -13 144 35 -1 0 0 -2.21875 -0.554688 1 0 1
0 -13 160 31 -1 0 0 -2.34375 -0.585938 1 0 1
0 -13 144 31 -1 0 0 -2.21875 -0.585938 1 0 1
maps_rp_surdonoso_realworldtextures_floor_mixtile_solid_white_1424_14430_314
0 -9 148 29 0 0 1 -2.25 -124.5 1 0 1
0 -1 148 29 0 0 1 -2.25 -124.4375 1 0 1
0 -1 156 29 0 0 1 -2.3125 -124.4375 1 0 1
maps_rp_surdonoso_realworldtextures_floor_mixtile_solid_white_1424_14430_314
0 -9 148 29 0 0 1 -2.25 -124.5 1 0 1
0 -1 156 29 0 0 1 -2.3125 -124.4375 1 0 1
0 -9 156 29 0 0 1 -2.3125 -124.5 1 0 1
maps_rp_surdonoso_realworldtextures_floor_mixtile_solid_white_1424_14430_314
0 -1 148 12 0 0 -1 -2.25 -124.4375 1 0 1
0 -9 148 12 0 0 -1 -2.25 -124.5 1 0 1
0 -9 156 12 0 0 -1 -2.3125 -124.5 1 0 1
maps_rp_surdonoso_realworldtextures_floor_mixtile_solid_white_1424_14430_314
0 -1 148 12 0 0 -1 -2.25 -124.4375 1 0 1
0 -9 156 12 0 0 -1 -2.3125 -124.5 1 0 1
0 -1 156 12 0 0 -1 -2.3125 -124.4375 1 0 1
maps_rp_surdonoso_realworldtextures_floor_mixtile_solid_white_1424_14430_314
0 -1 156 12 0 1 0 -125.4375 -0.734375 1 0 1
0 -9 156 12 0 1 0 -125.5 -0.734375 1 0 1
0 -9 156 29 0 1 0 -125.5 -0.601562 1 0 1
maps_rp_surdonoso_realworldtextures_floor_mixtile_solid_white_1424_14430_314
0 -1 156 12 0 1 0 -125.4375 -0.734375 1 0 1
0 -9 156 29 0 1 0 -125.5 -0.601562 1 0 1
0 -1 156 29 0 1 0 -125.4375 -0.601562 1 0 1
maps_rp_surdonoso_realworldtextures_floor_mixtile_solid_white_1424_14430_314
0 -1 148 29 0 -1 0 -125.4375 -0.601562 1 0 1
0 -9 148 29 0 -1 0 -125.5 -0.601562 1 0 1
0 -9 148 12 0 -1 0 -125.5 -0.734375 1 0 1
maps_rp_surdonoso_realworldtextures_floor_mixtile_solid_white_1424_14430_314
0 -1 148 29 0 -1 0 -125.4375 -0.601562 1 0 1
0 -9 148 12 0 -1 0 -125.5 -0.734375 1 0 1
0 -1 148 12 0 -1 0 -125.4375 -0.734375 1 0 1
maps_rp_surdonoso_realworldtextures_floor_mixtile_solid_white_1424_14430_314
0 -1 148 12 1 0 0 -2.25 -0.734375 1 0 1
0 -1 156 12 1 0 0 -2.3125 -0.734375 1 0 1
0 -1 156 29 1 0 0 -2.3125 -0.601562 1 0 1
maps_rp_surdonoso_realworldtextures_floor_mixtile_solid_white_1424_14430_314
0 -1 148 12 1 0 0 -2.25 -0.734375 1 0 1
0 -1 156 29 1 0 0 -2.3125 -0.601562 1 0 1
0 -1 148 29 1 0 0 -2.25 -0.601562 1 0 1
maps_rp_surdonoso_realworldtextures_floor_mixtile_solid_white_1424_14430_314
0 -9 148 29 -1 0 0 -2.25 -0.601562 1 0 1
0 -9 156 29 -1 0 0 -2.3125 -0.601562 1 0 1
0 -9 156 12 -1 0 0 -2.3125 -0.734375 1 0 1
maps_rp_surdonoso_realworldtextures_floor_mixtile_solid_white_1424_14430_314
0 -9 148 29 -1 0 0 -2.25 -0.601562 1 0 1
0 -9 156 12 -1 0 0 -2.3125 -0.734375 1 0 1
0 -9 148 12 -1 0 0 -2.25 -0.734375 1 0 1
maps_rp_surdonoso_realworldtextures_floor_mixtile_solid_white_1424_14430_314
0 1 146 29 0 0 -1 -2.234375 -124.421875 1 0 1
0 -11 146 29 0 0 -1 -2.234375 -124.515625 1 0 1
0 -11 158 29 0 0 -1 -2.328125 -124.515625 1 0 1
maps_rp_surdonoso_realworldtextures_floor_mixtile_solid_white_1424_14430_314
0 1 146 29 0 0 -1 -2.234375 -124.421875 1 0 1
0 -11 158 29 0 0 -1 -2.328125 -124.515625 1 0 1
0 1 158 29 0 0 -1 -2.328125 -124.421875 1 0 1
maps_rp_surdonoso_realworldtextures_floor_mixtile_solid_white_1424_14430_314
0 -11 146 31 0 0 1 -2.234375 -124.515625 1 0 1
0 1 146 31 0 0 1 -2.234375 -124.421875 1 0 1
0 1 158 31 0 0 1 -2.328125 -124.421875 1 0 1
maps_rp_surdonoso_realworldtextures_floor_mixtile_solid_white_1424_14430_314
0 -11 146 31 0 0 1 -2.234375 -124.515625 1 0 1
0 1 158 31 0 0 1 -2.328125 -124.421875 1 0 1
0 -11 158 31 0 0 1 -2.328125 -124.515625 1 0 1
maps_rp_surdonoso_realworldtextures_floor_mixtile_solid_white_1424_14430_314
0 1 158 29 0 1 0 -125.421875 -0.601562 1 0 1
0 -11 158 29 0 1 0 -125.515625 -0.601562 1 0 1
0 -11 158 31 0 1 0 -125.515625 -0.585938 1 0 1
maps_rp_surdonoso_realworldtextures_floor_mixtile_solid_white_1424_14430_314
0 1 158 29 0 1 0 -125.421875 -0.601562 1 0 1
0 -11 158 31 0 1 0 -125.515625 -0.585938 1 0 1
0 1 158 31 0 1 0 -125.421875 -0.585938 1 0 1
maps_rp_surdonoso_realworldtextures_floor_mixtile_solid_white_1424_14430_314
0 1 146 31 0 -1 0 -125.421875 -0.585938 1 0 1
0 -11 146 31 0 -1 0 -125.515625 -0.585938 1 0 1
0 -11 146 29 0 -1 0 -125.515625 -0.601562 1 0 1
maps_rp_surdonoso_realworldtextures_floor_mixtile_solid_white_1424_14430_314
0 1 146 31 0 -1 0 -125.421875 -0.585938 1 0 1
0 -11 146 29 0 -1 0 -125.515625 -0.601562 1 0 1
0 1 146 29 0 -1 0 -125.421875 -0.601562 1 0 1
maps_rp_surdonoso_realworldtextures_floor_mixtile_solid_white_1424_14430_314
0 1 146 29 1 0 0 -2.234375 -0.601562 1 0 1
0 1 158 29 1 0 0 -2.328125 -0.601562 1 0 1
0 1 158 31 1 0 0 -2.328125 -0.585938 1 0 1
maps_rp_surdonoso_realworldtextures_floor_mixtile_solid_white_1424_14430_314
0 1 146 29 1 0 0 -2.234375 -0.601562 1 0 1
0 1 158 31 1 0 0 -2.328125 -0.585938 1 0 1
0 1 146 31 1 0 0 -2.234375 -0.585938 1 0 1
maps_rp_surdonoso_realworldtextures_floor_mixtile_solid_white_1424_14430_314
0 -11 146 31 -1 0 0 -2.234375 -0.585938 1 0 1
0 -11 158 31 -1 0 0 -2.328125 -0.585938 1 0 1
0 -11 158 29 -1 0 0 -2.328125 -0.601562 1 0 1
maps_rp_surdonoso_realworldtextures_floor_mixtile_solid_white_1424_14430_314
0 -11 146 31 -1 0 0 -2.234375 -0.585938 1 0 1
0 -11 158 29 -1 0 0 -2.328125 -0.601562 1 0 1
0 -11 146 29 -1 0 0 -2.234375 -0.601562 1 0 1
maps_rp_surdonoso_realworldtextures_floor_mixtile_solid_white_1424_14430_314
0 1 146 10 0 0 -1 -2.234375 -124.421875 1 0 1
0 -11 146 10 0 0 -1 -2.234375 -124.515625 1 0 1
0 -11 158 10 0 0 -1 -2.328125 -124.515625 1 0 1
maps_rp_surdonoso_realworldtextures_floor_mixtile_solid_white_1424_14430_314
0 1 146 10 0 0 -1 -2.234375 -124.421875 1 0 1
0 -11 158 10 0 0 -1 -2.328125 -124.515625 1 0 1
0 1 158 10 0 0 -1 -2.328125 -124.421875 1 0 1
maps_rp_surdonoso_realworldtextures_floor_mixtile_solid_white_1424_14430_314
0 -11 146 12 0 0 1 -2.234375 -124.515625 1 0 1
0 1 146 12 0 0 1 -2.234375 -124.421875 1 0 1
0 1 158 12 0 0 1 -2.328125 -124.421875 1 0 1
maps_rp_surdonoso_realworldtextures_floor_mixtile_solid_white_1424_14430_314
0 -11 146 12 0 0 1 -2.234375 -124.515625 1 0 1
0 1 158 12 0 0 1 -2.328125 -124.421875 1 0 1
0 -11 158 12 0 0 1 -2.328125 -124.515625 1 0 1
maps_rp_surdonoso_realworldtextures_floor_mixtile_solid_white_1424_14430_314
0 1 158 10 0 1 0 -125.421875 -0.75 1 0 1
0 -11 158 10 0 1 0 -125.515625 -0.75 1 0 1
0 -11 158 12 0 1 0 -125.515625 -0.734375 1 0 1
maps_rp_surdonoso_realworldtextures_floor_mixtile_solid_white_1424_14430_314
0 1 158 10 0 1 0 -125.421875 -0.75 1 0 1
0 -11 158 12 0 1 0 -125.515625 -0.734375 1 0 1
0 1 158 12 0 1 0 -125.421875 -0.734375 1 0 1
maps_rp_surdonoso_realworldtextures_floor_mixtile_solid_white_1424_14430_314
0 1 146 12 0 -1 0 -125.421875 -0.734375 1 0 1
0 -11 146 12 0 -1 0 -125.515625 -0.734375 1 0 1
0 -11 146 10 0 -1 0 -125.515625 -0.75 1 0 1
maps_rp_surdonoso_realworldtextures_floor_mixtile_solid_white_1424_14430_314
0 1 146 12 0 -1 0 -125.421875 -0.734375 1 0 1
0 -11 146 10 0 -1 0 -125.515625 -0.75 1 0 1
0 1 146 10 0 -1 0 -125.421875 -0.75 1 0 1
maps_rp_surdonoso_realworldtextures_floor_mixtile_solid_white_1424_14430_314
0 1 146 10 1 0 0 -2.234375 -0.75 1 0 1
0 1 158 10 1 0 0 -2.328125 -0.75 1 0 1
0 1 158 12 1 0 0 -2.328125 -0.734375 1 0 1
maps_rp_surdonoso_realworldtextures_floor_mixtile_solid_white_1424_14430_314
0 1 146 10 1 0 0 -2.234375 -0.75 1 0 1
0 1 158 12 1 0 0 -2.328125 -0.734375 1 0 1
0 1 146 12 1 0 0 -2.234375 -0.734375 1 0 1
maps_rp_surdonoso_realworldtextures_floor_mixtile_solid_white_1424_14430_314
0 -11 146 12 -1 0 0 -2.234375 -0.734375 1 0 1
0 -11 158 12 -1 0 0 -2.328125 -0.734375 1 0 1
0 -11 158 10 -1 0 0 -2.328125 -0.75 1 0 1
maps_rp_surdonoso_realworldtextures_floor_mixtile_solid_white_1424_14430_314
0 -11 146 12 -1 0 0 -2.234375 -0.734375 1 0 1
0 -11 158 10 -1 0 0 -2.328125 -0.75 1 0 1
0 -11 146 10 -1 0 0 -2.234375 -0.75 1 0 1
maps_rp_surdonoso_realworldtextures_floor_mixtile_solid_white_1424_14430_314
0 -13 144 10 0 0 1 -2.21875 -124.53125 1 0 1
0 3 144 10 0 0 1 -2.21875 -124.40625 1 0 1
0 3 160 10 0 0 1 -2.34375 -124.40625 1 0 1
maps_rp_surdonoso_realworldtextures_floor_mixtile_solid_white_1424_14430_314
0 -13 144 10 0 0 1 -2.21875 -124.53125 1 0 1
0 3 160 10 0 0 1 -2.34375 -124.40625 1 0 1
0 -13 160 10 0 0 1 -2.34375 -124.53125 1 0 1
maps_rp_surdonoso_realworldtextures_floor_mixtile_solid_white_1424_14430_314
0 3 160 6 0 1 0 -125.40625 -0.78125 1 0 1
0 -13 160 6 0 1 0 -125.53125 -0.78125 1 0 1
0 -13 160 10 0 1 0 -125.53125 -0.75 1 0 1
maps_rp_surdonoso_realworldtextures_floor_mixtile_solid_white_1424_14430_314
0 3 160 6 0 1 0 -125.40625 -0.78125 1 0 1
0 -13 160 10 0 1 0 -125.53125 -0.75 1 0 1
0 3 160 10 0 1 0 -125.40625 -0.75 1 0 1
maps_rp_surdonoso_realworldtextures_floor_mixtile_solid_white_1424_14430_314
0 3 144 10 0 -1 0 -125.40625 -0.75 1 0 1
0 -13 144 10 0 -1 0 -125.53125 -0.75 1 0 1
0 -13 144 6 0 -1 0 -125.53125 -0.78125 1 0 1
maps_rp_surdonoso_realworldtextures_floor_mixtile_solid_white_1424_14430_314
0 3 144 10 0 -1 0 -125.40625 -0.75 1 0 1
0 -13 144 6 0 -1 0 -125.53125 -0.78125 1 0 1
0 3 144 6 0 -1 0 -125.40625 -0.78125 1 0 1
maps_rp_surdonoso_realworldtextures_floor_mixtile_solid_white_1424_14430_314
0 3 144 6 1 0 0 -2.21875 -0.78125 1 0 1
0 3 160 6 1 0 0 -2.34375 -0.78125 1 0 1
0 3 160 10 1 0 0 -2.34375 -0.75 1 0 1
maps_rp_surdonoso_realworldtextures_floor_mixtile_solid_white_1424_14430_314
0 3 144 6 1 0 0 -2.21875 -0.78125 1 0 1
0 3 160 10 1 0 0 -2.34375 -0.75 1 0 1
0 3 144 10 1 0 0 -2.21875 -0.75 1 0 1
maps_rp_surdonoso_realworldtextures_floor_mixtile_solid_white_1424_14430_314
0 -13 144 10 -1 0 0 -2.21875 -0.75 1 0 1
0 -13 160 10 -1 0 0 -2.34375 -0.75 1 0 1
0 -13 160 6 -1 0 0 -2.34375 -0.78125 1 0 1
maps_rp_surdonoso_realworldtextures_floor_mixtile_solid_white_1424_14430_314
0 -13 144 10 -1 0 0 -2.21875 -0.75 1 0 1
0 -13 160 6 -1 0 0 -2.34375 -0.78125 1 0 1
0 -13 144 6 -1 0 0 -2.21875 -0.78125 1 0 1
maps_rp_surdonoso_realworldtextures_floor_mixtile_solid_white_1424_14430_314
0 3 -144 31 0 0 -1 0.03125 -124.40625 1 0 1
0 -13 -144 31 0 0 -1 0.03125 -124.53125 1 0 1
0 -13 -128 31 0 0 -1 -0.09375 -124.53125 1 0 1
maps_rp_surdonoso_realworldtextures_floor_mixtile_solid_white_1424_14430_314
0 3 -144 31 0 0 -1 0.03125 -124.40625 1 0 1
0 -13 -128 31 0 0 -1 -0.09375 -124.53125 1 0 1
0 3 -128 31 0 0 -1 -0.09375 -124.40625 1 0 1
maps_rp_surdonoso_realworldtextures_floor_mixtile_solid_white_1424_14430_314
0 -13 -144 35 0 0 1 0.03125 -124.53125 1 0 1
0 3 -144 35 0 0 1 0.03125 -124.40625 1 0 1
0 3 -128 35 0 0 1 -0.09375 -124.40625 1 0 1
maps_rp_surdonoso_realworldtextures_floor_mixtile_solid_white_1424_14430_314
0 -13 -144 35 0 0 1 0.03125 -124.53125 1 0 1
0 3 -128 35 0 0 1 -0.09375 -124.40625 1 0 1
0 -13 -128 35 0 0 1 -0.09375 -124.53125 1 0 1
maps_rp_surdonoso_realworldtextures_floor_mixtile_solid_white_1424_14430_314
0 3 -128 31 0 1 0 -125.40625 -0.585938 1 0 1
0 -13 -128 31 0 1 0 -125.53125 -0.585938 1 0 1
0 -13 -128 35 0 1 0 -125.53125 -0.554688 1 0 1
maps_rp_surdonoso_realworldtextures_floor_mixtile_solid_white_1424_14430_314
0 3 -128 31 0 1 0 -125.40625 -0.585938 1 0 1
0 -13 -128 35 0 1 0 -125.53125 -0.554688 1 0 1
0 3 -128 35 0 1 0 -125.40625 -0.554688 1 0 1
maps_rp_surdonoso_realworldtextures_floor_mixtile_solid_white_1424_14430_314
0 3 -144 35 0 -1 0 -125.40625 -0.554688 1 0 1
0 -13 -144 35 0 -1 0 -125.53125 -0.554688 1 0 1
0 -13 -144 31 0 -1 0 -125.53125 -0.585938 1 0 1
maps_rp_surdonoso_realworldtextures_floor_mixtile_solid_white_1424_14430_314
0 3 -144 35 0 -1 0 -125.40625 -0.554688 1 0 1
0 -13 -144 31 0 -1 0 -125.53125 -0.585938 1 0 1
0 3 -144 31 0 -1 0 -125.40625 -0.585938 1 0 1
maps_rp_surdonoso_realworldtextures_floor_mixtile_solid_white_1424_14430_314
0 3 -144 31 1 0 0 0.03125 -0.585938 1 0 1
0 3 -128 31 1 0 0 -0.09375 -0.585938 1 0 1
0 3 -128 35 1 0 0 -0.09375 -0.554688 1 0 1
maps_rp_surdonoso_realworldtextures_floor_mixtile_solid_white_1424_14430_314
0 3 -144 31 1 0 0 0.03125 -0.585938 1 0 1
0 3 -128 35 1 0 0 -0.09375 -0.554688 1 0 1
0 3 -144 35 1 0 0 0.03125 -0.554688 1 0 1
maps_rp_surdonoso_realworldtextures_floor_mixtile_solid_white_1424_14430_314
0 -13 -144 35 -1 0 0 0.03125 -0.554688 1 0 1
0 -13 -128 35 -1 0 0 -0.09375 -0.554688 1 0 1
0 -13 -128 31 -1 0 0 -0.09375 -0.585938 1 0 1
maps_rp_surdonoso_realworldtextures_floor_mixtile_solid_white_1424_14430_314
0 -13 -144 35 -1 0 0 0.03125 -0.554688 1 0 1
0 -13 -128 31 -1 0 0 -0.09375 -0.585938 1 0 1
0 -13 -144 31 -1 0 0 0.03125 -0.585938 1 0 1
maps_rp_surdonoso_realworldtextures_floor_mixtile_solid_white_1424_14430_314
0 1 -142 10 0 0 -1 0.015625 -124.421875 1 0 1
0 -11 -142 10 0 0 -1 0.015625 -124.515625 1 0 1
0 -11 -130 10 0 0 -1 -0.078125 -124.515625 1 0 1
maps_rp_surdonoso_realworldtextures_floor_mixtile_solid_white_1424_14430_314
0 1 -142 10 0 0 -1 0.015625 -124.421875 1 0 1
0 -11 -130 10 0 0 -1 -0.078125 -124.515625 1 0 1
0 1 -130 10 0 0 -1 -0.078125 -124.421875 1 0 1
maps_rp_surdonoso_realworldtextures_floor_mixtile_solid_white_1424_14430_314
0 -11 -142 12 0 0 1 0.015625 -124.515625 1 0 1
0 1 -142 12 0 0 1 0.015625 -124.421875 1 0 1
0 1 -130 12 0 0 1 -0.078125 -124.421875 1 0 1
maps_rp_surdonoso_realworldtextures_floor_mixtile_solid_white_1424_14430_314
0 -11 -142 12 0 0 1 0.015625 -124.515625 1 0 1
0 1 -130 12 0 0 1 -0.078125 -124.421875 1 0 1
0 -11 -130 12 0 0 1 -0.078125 -124.515625 1 0 1
maps_rp_surdonoso_realworldtextures_floor_mixtile_solid_white_1424_14430_314
0 1 -130 10 0 1 0 -125.421875 -0.75 1 0 1
0 -11 -130 10 0 1 0 -125.515625 -0.75 1 0 1
0 -11 -130 12 0 1 0 -125.515625 -0.734375 1 0 1
maps_rp_surdonoso_realworldtextures_floor_mixtile_solid_white_1424_14430_314
0 1 -130 10 0 1 0 -125.421875 -0.75 1 0 1
0 -11 -130 12 0 1 0 -125.515625 -0.734375 1 0 1
0 1 -130 12 0 1 0 -125.421875 -0.734375 1 0 1
maps_rp_surdonoso_realworldtextures_floor_mixtile_solid_white_1424_14430_314
0 1 -142 12 0 -1 0 -125.421875 -0.734375 1 0 1
0 -11 -142 12 0 -1 0 -125.515625 -0.734375 1 0 1
0 -11 -142 10 0 -1 0 -125.515625 -0.75 1 0 1
maps_rp_surdonoso_realworldtextures_floor_mixtile_solid_white_1424_14430_314
0 1 -142 12 0 -1 0 -125.421875 -0.734375 1 0 1
0 -11 -142 10 0 -1 0 -125.515625 -0.75 1 0 1
0 1 -142 10 0 -1 0 -125.421875 -0.75 1 0 1
maps_rp_surdonoso_realworldtextures_floor_mixtile_solid_white_1424_14430_314
0 1 -142 10 1 0 0 0.015625 -0.75 1 0 1
0 1 -130 10 1 0 0 -0.078125 -0.75 1 0 1
0 1 -130 12 1 0 0 -0.078125 -0.734375 1 0 1
maps_rp_surdonoso_realworldtextures_floor_mixtile_solid_white_1424_14430_314
0 1 -142 10 1 0 0 0.015625 -0.75 1 0 1
0 1 -130 12 1 0 0 -0.078125 -0.734375 1 0 1
0 1 -142 12 1 0 0 0.015625 -0.734375 1 0 1
maps_rp_surdonoso_realworldtextures_floor_mixtile_solid_white_1424_14430_314
0 -11 -142 12 -1 0 0 0.015625 -0.734375 1 0 1
0 -11 -130 12 -1 0 0 -0.078125 -0.734375 1 0 1
0 -11 -130 10 -1 0 0 -0.078125 -0.75 1 0 1
maps_rp_surdonoso_realworldtextures_floor_mixtile_solid_white_1424_14430_314
0 -11 -142 12 -1 0 0 0.015625 -0.734375 1 0 1
0 -11 -130 10 -1 0 0 -0.078125 -0.75 1 0 1
0 -11 -142 10 -1 0 0 0.015625 -0.75 1 0 1
maps_rp_surdonoso_realworldtextures_floor_mixtile_solid_white_1424_14430_314
0 -13 -144 10 0 0 1 0.03125 -124.53125 1 0 1
0 3 -144 10 0 0 1 0.03125 -124.40625 1 0 1
0 3 -128 10 0 0 1 -0.09375 -124.40625 1 0 1
maps_rp_surdonoso_realworldtextures_floor_mixtile_solid_white_1424_14430_314
0 -13 -144 10 0 0 1 0.03125 -124.53125 1 0 1
0 3 -128 10 0 0 1 -0.09375 -124.40625 1 0 1
0 -13 -128 10 0 0 1 -0.09375 -124.53125 1 0 1
maps_rp_surdonoso_realworldtextures_floor_mixtile_solid_white_1424_14430_314
0 3 -128 6 0 1 0 -125.40625 -0.78125 1 0 1
0 -13 -128 6 0 1 0 -125.53125 -0.78125 1 0 1
0 -13 -128 10 0 1 0 -125.53125 -0.75 1 0 1
maps_rp_surdonoso_realworldtextures_floor_mixtile_solid_white_1424_14430_314
0 3 -128 6 0 1 0 -125.40625 -0.78125 1 0 1
0 -13 -128 10 0 1 0 -125.53125 -0.75 1 0 1
0 3 -128 10 0 1 0 -125.40625 -0.75 1 0 1
maps_rp_surdonoso_realworldtextures_floor_mixtile_solid_white_1424_14430_314
0 3 -144 10 0 -1 0 -125.40625 -0.75 1 0 1
0 -13 -144 10 0 -1 0 -125.53125 -0.75 1 0 1
0 -13 -144 6 0 -1 0 -125.53125 -0.78125 1 0 1
maps_rp_surdonoso_realworldtextures_floor_mixtile_solid_white_1424_14430_314
0 3 -144 10 0 -1 0 -125.40625 -0.75 1 0 1
0 -13 -144 6 0 -1 0 -125.53125 -0.78125 1 0 1
0 3 -144 6 0 -1 0 -125.40625 -0.78125 1 0 1
maps_rp_surdonoso_realworldtextures_floor_mixtile_solid_white_1424_14430_314
0 3 -144 6 1 0 0 0.03125 -0.78125 1 0 1
0 3 -128 6 1 0 0 -0.09375 -0.78125 1 0 1
0 3 -128 10 1 0 0 -0.09375 -0.75 1 0 1
maps_rp_surdonoso_realworldtextures_floor_mixtile_solid_white_1424_14430_314
0 3 -144 6 1 0 0 0.03125 -0.78125 1 0 1
0 3 -128 10 1 0 0 -0.09375 -0.75 1 0 1
0 3 -144 10 1 0 0 0.03125 -0.75 1 0 1
maps_rp_surdonoso_realworldtextures_floor_mixtile_solid_white_1424_14430_314
0 -13 -144 10 -1 0 0 0.03125 -0.75 1 0 1
0 -13 -128 10 -1 0 0 -0.09375 -0.75 1 0 1
0 -13 -128 6 -1 0 0 -0.09375 -0.78125 1 0 1
maps_rp_surdonoso_realworldtextures_floor_mixtile_solid_white_1424_14430_314
0 -13 -144 10 -1 0 0 0.03125 -0.75 1 0 1
0 -13 -128 6 -1 0 0 -0.09375 -0.78125 1 0 1
0 -13 -144 6 -1 0 0 0.03125 -0.78125 1 0 1
maps_rp_surdonoso_realworldtextures_floor_mixtile_solid_white_1424_14430_314
0 -9 -140 29 0 0 1 0 -124.5 1 0 1
0 -1 -140 29 0 0 1 0 -124.4375 1 0 1
0 -1 -132 29 0 0 1 -0.0625 -124.4375 1 0 1
maps_rp_surdonoso_realworldtextures_floor_mixtile_solid_white_1424_14430_314
0 -9 -140 29 0 0 1 0 -124.5 1 0 1
0 -1 -132 29 0 0 1 -0.0625 -124.4375 1 0 1
0 -9 -132 29 0 0 1 -0.0625 -124.5 1 0 1
maps_rp_surdonoso_realworldtextures_floor_mixtile_solid_white_1424_14430_314
0 -1 -140 12 0 0 -1 0 -124.4375 1 0 1
0 -9 -140 12 0 0 -1 0 -124.5 1 0 1
0 -9 -132 12 0 0 -1 -0.0625 -124.5 1 0 1
maps_rp_surdonoso_realworldtextures_floor_mixtile_solid_white_1424_14430_314
0 -1 -140 12 0 0 -1 0 -124.4375 1 0 1
0 -9 -132 12 0 0 -1 -0.0625 -124.5 1 0 1
0 -1 -132 12 0 0 -1 -0.0625 -124.4375 1 0 1
maps_rp_surdonoso_realworldtextures_floor_mixtile_solid_white_1424_14430_314
0 -1 -132 12 0 1 0 -125.4375 -0.734375 1 0 1
0 -9 -132 12 0 1 0 -125.5 -0.734375 1 0 1
0 -9 -132 29 0 1 0 -125.5 -0.601562 1 0 1
maps_rp_surdonoso_realworldtextures_floor_mixtile_solid_white_1424_14430_314
0 -1 -132 12 0 1 0 -125.4375 -0.734375 1 0 1
0 -9 -132 29 0 1 0 -125.5 -0.601562 1 0 1
0 -1 -132 29 0 1 0 -125.4375 -0.601562 1 0 1
maps_rp_surdonoso_realworldtextures_floor_mixtile_solid_white_1424_14430_314
0 -1 -140 29 0 -1 0 -125.4375 -0.601562 1 0 1
0 -9 -140 29 0 -1 0 -125.5 -0.601562 1 0 1
0 -9 -140 12 0 -1 0 -125.5 -0.734375 1 0 1
maps_rp_surdonoso_realworldtextures_floor_mixtile_solid_white_1424_14430_314
0 -1 -140 29 0 -1 0 -125.4375 -0.601562 1 0 1
0 -9 -140 12 0 -1 0 -125.5 -0.734375 1 0 1
0 -1 -140 12 0 -1 0 -125.4375 -0.734375 1 0 1
maps_rp_surdonoso_realworldtextures_floor_mixtile_solid_white_1424_14430_314
0 -1 -140 12 1 0 0 0 -0.734375 1 0 1
0 -1 -132 12 1 0 0 -0.0625 -0.734375 1 0 1
0 -1 -132 29 1 0 0 -0.0625 -0.601562 1 0 1
maps_rp_surdonoso_realworldtextures_floor_mixtile_solid_white_1424_14430_314
0 -1 -140 12 1 0 0 0 -0.734375 1 0 1
0 -1 -132 29 1 0 0 -0.0625 -0.601562 1 0 1
0 -1 -140 29 1 0 0 0 -0.601562 1 0 1
maps_rp_surdonoso_realworldtextures_floor_mixtile_solid_white_1424_14430_314
0 -9 -140 29 -1 0 0 0 -0.601562 1 0 1
0 -9 -132 29 -1 0 0 -0.0625 -0.601562 1 0 1
0 -9 -132 12 -1 0 0 -0.0625 -0.734375 1 0 1
maps_rp_surdonoso_realworldtextures_floor_mixtile_solid_white_1424_14430_314
0 -9 -140 29 -1 0 0 0 -0.601562 1 0 1
0 -9 -132 12 -1 0 0 -0.0625 -0.734375 1 0 1
0 -9 -140 12 -1 0 0 0 -0.734375 1 0 1
pepsi2_arch_concrete_floor_smooth01
0 3 160 0 1 0 0 -1.195747 2.314453 1 0 1
0 3 160 6 1 0 0 -1.195747 2.288411 1 0 1
0 3 -160 6 1 0 0 0.193142 2.288411 1 0 1
pepsi2_arch_concrete_floor_smooth01
0 3 160 0 1 0 0 -1.195747 2.314453 1 0 1
0 3 -160 6 1 0 0 0.193142 2.288411 1 0 1
0 3 -160 0 1 0 0 0.193142 2.314453 1 0 1
pepsi2_arch_concrete_floor_smooth01
0 -3 160 -6 0.707107 0 -0.707107 -0.935329 -0.742839 1 0 1
0 3 160 0 0.707107 0 -0.707107 -0.935329 -0.716797 1 0 1
0 3 -160 0 0.707107 0 -0.707107 0.45356 -0.716797 1 0 1
pepsi2_arch_concrete_floor_smooth01
0 -3 160 -6 0.707107 0 -0.707107 -0.935329 -0.742839 1 0 1
0 3 -160 0 0.707107 0 -0.707107 0.45356 -0.716797 1 0 1
0 -3 -160 -6 0.707107 0 -0.707107 0.45356 -0.742839 1 0 1
end
